{"type":"FeatureCollection","name":"Redstone area lake wake-awareness zones","features":[{"type":"Feature","properties":{"lake":"Redstone Lake","lake_part":0,"zone":"no-wake","label":"0\u201330 m \u00b7 legal speed zone","min_m":0,"max_m":30},"geometry":{"type":"MultiPolygon","coordinates":[[[[-78.55592999863339,45.209180001496456],[-78.55579000453373,45.208920002103774],[-78.55549000443092,45.20878999791586],[-78.5552799941618,45.20855000400455],[-78.55485999911642,45.20825000263227],[-78.55444999727636,45.20812999669346],[-78.55408999970227,45.20809000369701],[-78.5539299936991,45.20789000278216],[-78.55360000123386,45.207869997300776],[-78.55341000286826,45.20799000323958],[-78.55320000534557,45.20780000057384],[-78.55332000028812,45.20770999836552],[-78.5536500054998,45.20759999965898],[-78.55377999364768,45.207370003996786],[-78.55367999786222,45.20734999851541],[-78.55307999765658,45.2076499998877],[-78.55260000513992,45.20784000255344],[-78.55165999377084,45.20833999585743],[-78.55127999703966,45.20850000377584],[-78.55073999430529,45.20882999989546],[-78.55076000620882,45.209070002789915],[-78.55063999851983,45.20908999928814],[-78.55031000605459,45.209030000810316],[-78.55005999747128,45.209030000810316],[-78.549539993894,45.20915999601508],[-78.54823000449193,45.20958000332617],[-78.54791000523201,45.20970999853093],[-78.54746000507778,45.20983000446974],[-78.54709000155192,45.209990003405],[-78.54634999450019,45.21041000173293],[-78.5459499986119,45.21055000416996],[-78.54557999508604,45.21074999610166],[-78.54523999666904,45.21109999770266],[-78.54510999577472,45.21112000318404],[-78.54476999735772,45.21105999572306],[-78.54367000547832,45.21109999770266],[-78.54343999605211,45.211130001433155],[-78.54296000353546,45.21112000318404],[-78.54268999579506,45.21115999618049],[-78.54221999648374,45.21134000059712],[-78.54191000317559,45.21154000151198],[-78.54110999865257,45.211819997402884],[-78.54090999433522,45.211990003570406],[-78.54058999507531,45.21240000364923],[-78.54047000013276,45.21246000212706],[-78.53992000419306,45.21247000037617],[-78.53964999645265,45.21243999664568],[-78.53932999719274,45.21216999900388],[-78.53895000046155,45.21221000098348],[-78.5385799969357,45.212129997024284],[-78.53851000625909,45.212069998546454],[-78.5382000002045,45.212090004027836],[-78.53801999504424,45.212179997252996],[-78.53784999583573,45.21205000204823],[-78.5375899940471,45.212090004027836],[-78.53739000247617,45.21226999946131],[-78.53726000158184,45.21247000037617],[-78.53707999642158,45.21252000060488],[-78.53696000147903,45.21240000364923],[-78.53716999900172,45.2122600012122],[-78.5373100058478,45.212079996795566],[-78.53724999563009,45.211879995880714],[-78.53724000242475,45.21139000082584],[-78.53713999389286,45.211180001661866],[-78.5370199989503,45.21114999793138],[-78.53679999547585,45.21124999838881],[-78.53660000390492,45.21114999793138],[-78.53645999705884,45.2109700024979],[-78.53621000122197,45.21086000379136],[-78.53579999938192,45.21086000379136],[-78.53555000354505,45.210930000518296],[-78.53512999575324,45.210930000518296],[-78.53480999649332,45.21078999808127],[-78.53427999971073,45.210419999982044],[-78.53373999697637,45.210119998609755],[-78.53351000029659,45.20980999898836],[-78.53354999861077,45.20959000157528],[-78.5338100003994,45.20927000370477],[-78.53401000471676,45.209180001496456],[-78.53397999960791,45.20904999730854],[-78.53379000124231,45.20894999685111],[-78.53347999518772,45.20909999753725],[-78.5330700060941,45.20909999753725],[-78.53287999498208,45.209170003247344],[-78.53253999656508,45.2093700041622],[-78.53236999735657,45.20951999586519],[-78.5318499937793,45.20970999853093],[-78.53062000100559,45.20985999921707],[-78.53039999753113,45.20994000317628],[-78.53011999658541,45.20994000317628],[-78.52947999806558,45.21007999663016],[-78.52904000386312,45.21014000409114],[-78.52878999527981,45.21009000386242],[-78.52863000202306,45.20990000119668],[-78.52868000628902,45.20980999898836],[-78.52936999632836,45.209469995636475],[-78.53019000000845,45.2090200025612],[-78.53060999505382,45.208620000731486],[-78.53097000537436,45.20825000263227],[-78.53172000563141,45.20730999653581],[-78.53146000384278,45.207170003081934],[-78.53124000036833,45.20698000041619],[-78.53122000121124,45.20682999973005],[-78.53097000537436,45.20658999683559],[-78.53084000448004,45.206360001173394],[-78.53077000105701,45.206069998050225],[-78.53032000090278,45.20570999820011],[-78.5299899956911,45.20554999926486],[-78.52957999385104,45.20543000230921],[-78.52908999538263,45.20534000010089],[-78.52859000370889,45.20504999697771],[-78.52850999433407,45.20491000352384],[-78.52812000439756,45.20477999933592],[-78.52780999834297,45.204620000400666],[-78.52739999650292,45.20420000207273],[-78.52709000319477,45.203959999178274],[-78.52688000567208,45.203959999178274],[-78.52658000556927,45.20383000397351],[-78.52632000378063,45.20353000260122],[-78.52634999614305,45.20344999864202],[-78.52681999545437,45.203509997119845],[-78.52735000498342,45.203359996433704],[-78.52780000513765,45.20338000191508],[-78.52788999497135,45.203309996204986],[-78.52831000276315,45.203359996433704],[-78.52870999865144,45.20349999887073],[-78.52934999717127,45.20359000107905],[-78.52962000491166,45.203509997119845],[-78.52998000248576,45.203220002979826],[-78.52958999980281,45.20275000442317],[-78.52970999474536,45.20214000342949],[-78.52987000074855,45.20188000403681],[-78.5297999973255,45.20166999588969],[-78.52992999821981,45.20138000174967],[-78.52996000332867,45.20108000037739],[-78.53005999911413,45.2008200009847],[-78.53007999827122,45.20037999717539],[-78.5303299941081,45.20004000280665],[-78.53030999495101,45.199609997246455],[-78.5304100034829,45.19948000204169],[-78.53067999847687,45.199409996331596],[-78.53101999689387,45.19947000379258],[-78.5314899962052,45.19938999983337],[-78.53165000220838,45.19928000112683],[-78.53180999546511,45.19893999777494],[-78.53180000225979,45.1988299990684],[-78.53103000284564,45.19832999678126],[-78.53073000274281,45.19832999678126],[-78.53011999658541,45.198250001805214],[-78.52977000496307,45.198150001347784],[-78.52947999806558,45.19766999555887],[-78.52951999637976,45.19737000316974],[-78.52940999464255,45.1972300007327],[-78.52966000322586,45.19696000309091],[-78.52970000154004,45.196650003469514],[-78.52964999727409,45.19637999684456],[-78.52955999469395,45.196250001639804],[-78.52902000470603,45.19595999851663],[-78.52823999934012,45.196090002704544],[-78.52797000434614,45.19611999745188],[-78.5277300017146,45.19606999722317],[-78.52730000071746,45.19578000308315],[-78.52688999887742,45.1958199960796],[-78.52677000393486,45.19565999714435],[-78.52643000551785,45.19555999668692],[-78.52619999609163,45.19540999600078],[-78.52626000630936,45.19532000277561],[-78.52662999708878,45.19522000231818],[-78.52716999982314,45.19514999660809],[-78.52750000503482,45.19514999660809],[-78.52775000087169,45.195099996379376],[-78.52820999423126,45.19491000269679],[-78.5286199960713,45.19482000048847],[-78.52917999796276,45.194650003304105],[-78.52981999648259,45.194340003682704],[-78.53007999827122,45.19416999751519],[-78.53050000606304,45.19381999591419],[-78.53067999847687,45.19352000352506],[-78.5307900002141,45.19321000390366],[-78.53075999510524,45.193029999487024],[-78.53039999753113,45.192650003138695],[-78.52987000074855,45.1925799974286],[-78.52964999727409,45.19251999895077],[-78.5285700045518,45.19231999803592],[-78.52812999760289,45.19216999734977],[-78.52793999923729,45.19215000085155],[-78.52771000255751,45.19205999864324],[-78.52709000319477,45.191990001916295],[-78.52701999977174,45.19210000062284],[-78.5267799971402,45.19190999795709],[-78.52649000298914,45.19183000298104],[-78.5257899942516,45.19184999947927],[-78.52536999920622,45.19176999552006],[-78.52474999984348,45.1915999983357],[-78.52422999626621,45.191530001608754],[-78.52418999795202,45.19142000290222],[-78.52396999447757,45.19140999566995],[-78.52339999938079,45.19129999696341],[-78.52328000443823,45.19132000244479],[-78.5230000034925,45.19154999810698],[-78.52279000596981,45.191630002066184],[-78.52242000244395,45.19162000381707],[-78.52212999554645,45.1916800022949],[-78.52182999544364,45.19185999772838],[-78.52116999776672,45.191940001687584],[-78.52107999518658,45.192090002373725],[-78.5206600001412,45.19231999803592],[-78.5204700017756,45.192390003746006],[-78.52015000251569,45.19240000199512],[-78.5191799987842,45.192639995906426],[-78.51902999873278,45.192639995906426],[-78.51795999921582,45.19312999994445],[-78.5176200007988,45.19338000108802],[-78.51737000496193,45.19335999560665],[-78.51705999890734,45.19349999804368],[-78.51687999374708,45.193439999565854],[-78.51658999959602,45.19347000329634],[-78.51643000633929,45.19360999675022],[-78.51610000112761,45.19376999568547],[-78.51565000097338,45.193950000102106],[-78.51508999908192,45.19398000383259],[-78.5151299973961,45.19355999652151],[-78.5152500050851,45.19339999758625],[-78.51555000518792,45.192650003138695],[-78.51557999755033,45.19236999826463],[-78.51608999517585,45.1916800022949],[-78.5163099986503,45.19107000130122],[-78.51636000291624,45.19076999992893],[-78.51655999448717,45.19032999611962],[-78.5168399954329,45.19],[-78.51709000401621,45.19001999649822],[-78.51724000406762,45.190190002665744],[-78.51752000501334,45.19030000137228],[-78.51801000348176,45.190279995890904],[-78.5181899958956,45.19021999741308],[-78.51854000026437,45.18993000327306],[-78.5191799987842,45.189530001443345],[-78.51975999983274,45.18901000265798],[-78.5200299948267,45.18895000418016],[-78.52022999914406,45.1887100012857],[-78.52060000266992,45.188440003643905],[-78.52064000098412,45.18835000143559],[-78.5210199977153,45.1880500000633],[-78.52144000550712,45.18758000150665],[-78.52178999712945,45.187320002113964],[-78.52251000502409,45.18645999997671],[-78.52240999649219,45.18629000279235],[-78.5225399973865,45.18615999860443],[-78.52289000175527,45.186130003857095],[-78.5230000034925,45.186219997082254],[-78.52360000369815,45.18644000347849],[-78.52366000116942,45.18661999891197],[-78.52381000122084,45.186569998683254],[-78.52444999974065,45.18690000378603],[-78.52484999562894,45.18702000074168],[-78.52531999494026,45.18742000257139],[-78.52578000104626,45.18762000348625],[-78.52615000457213,45.18782000440111],[-78.52666000219763,45.18790999762627],[-78.52765999829157,45.187980003336364],[-78.52831000276315,45.18816999701895],[-78.52949999722267,45.18840999991341],[-78.53007999827122,45.18846999839124],[-78.53080999937119,45.18846999839124],[-78.53137999446797,45.18845000189302],[-78.53187000568283,45.18854000410133],[-78.53253000335975,45.1887500032653],[-78.53281000430547,45.18924999656929],[-78.53313999677071,45.189299996798],[-78.53349999434482,45.18927000205066],[-78.53382999955649,45.18927000205066],[-78.5341699979735,45.18907000113581],[-78.53467000239368,45.18891000220055],[-78.53465000323659,45.18871999953481],[-78.5347199939132,45.18856000059955],[-78.53504000591954,45.188429996411635],[-78.53519000597096,45.18820999899855],[-78.53534999922769,45.18815000052073],[-78.53553000438797,45.18820999899855],[-78.53576999427307,45.18854000410133],[-78.5359800045422,45.18866000105698],[-78.53619999527021,45.18865000280787],[-78.53643000469643,45.188490003872616],[-78.53636999447872,45.18829000295776],[-78.5360699943759,45.18808000379379],[-78.53561999422166,45.187980003336364],[-78.5346100049224,45.18772000394368],[-78.534460004871,45.187589999755765],[-78.53435999633909,45.18736000409357],[-78.53442999976214,45.18692000028425],[-78.5346100049224,45.186819999826824],[-78.53531000091351,45.18654000393592],[-78.53578000022483,45.18644000347849],[-78.53611999864184,45.18620999883314],[-78.53626000548792,45.18599999966918],[-78.53656000559074,45.185780002256095],[-78.5366600013762,45.18558999959035],[-78.5366800005333,45.18537000217727],[-78.53634000211629,45.18505000430676],[-78.5360499952188,45.18491000186973],[-78.5356899976447,45.18488999638836],[-78.5353300000706,45.184819999661414],[-78.53499999485892,45.18508999730321],[-78.534679995599,45.185220001491125],[-78.5341699979735,45.18528999821807],[-78.53369000545685,45.1853899986755],[-78.53336000024517,45.185380000426385],[-78.5328399966679,45.18531000369944],[-78.53253999656508,45.18500000407805],[-78.53253999656508,45.18466000072616],[-78.53272000172534,45.18434000285565],[-78.53306000014234,45.183969995773275],[-78.53319000103667,45.18364999790277],[-78.5331100044083,45.18318999759523],[-78.53315000272248,45.18293999645166],[-78.53334000108808,45.18270000254035],[-78.53330999597922,45.18234000269024],[-78.53343999687354,45.18224000223281],[-78.53392000213663,45.182119996294006],[-78.53411999370755,45.18184999865221],[-78.53420000308236,45.18163999948824],[-78.53396999365614,45.181530000781706],[-78.53388000382245,45.18141000382605],[-78.53345999603063,45.18134999636507],[-78.53289000093385,45.181470002303875],[-78.5326499983023,45.18158000101042],[-78.53178999630802,45.18163999948824],[-78.53152000131405,45.18159999750864],[-78.53118999610238,45.18143999857339],[-78.53060999505382,45.181320001617735],[-78.5300700050659,45.1809000032898],[-78.52988999990563,45.180569998187025],[-78.52983000243435,45.18026999681474],[-78.52981000327726,45.17993000244601],[-78.52973999985421,45.179670003053324],[-78.52987000074855,45.179570002595895],[-78.5300500059088,45.17929999597094],[-78.52951999637976,45.179370001681036],[-78.52932999801418,45.17931000320321],[-78.52919999711986,45.17912999878658],[-78.52846000281457,45.17866999847904],[-78.52822000018303,45.17857999627073],[-78.52805000097452,45.17842999558458],[-78.52761999997738,45.17823000365288],[-78.5275600025061,45.178119995963186],[-78.52733999903165,45.17799999900753],[-78.52709999640011,45.177720003116626],[-78.52705999808592,45.177510003952655],[-78.52685999376855,45.177360003266514],[-78.52641999956609,45.17715000410254],[-78.52546999499168,45.17728999755642],[-78.52527000342076,45.17739999626296],[-78.52506000589807,45.17764999740653],[-78.52484000242362,45.17773000136574],[-78.52463000490093,45.177720003116626],[-78.52411000132365,45.17753999869999],[-78.52381000122084,45.17748999847128],[-78.52321999422051,45.177610004410084],[-78.52283999748933,45.17789000030099],[-78.52255999654359,45.17824000190199],[-78.52255999654359,45.178509999543785],[-78.52232999986381,45.17883999566341],[-78.52227999559787,45.17902000008004],[-78.5220100006039,45.17929999597094],[-78.52152999534081,45.17938999817926],[-78.52105999602949,45.17921000274578],[-78.52092999513518,45.179260002974495],[-78.52064000098412,45.17919999551352],[-78.52043999666675,45.179470002138466],[-78.5200499939838,45.179659995821055],[-78.51955000231005,45.17999000092383],[-78.51938000310155,45.180219996586025],[-78.51923000305014,45.18122999940942],[-78.51923999625546,45.18169999796607],[-78.51940000225865,45.18204000131796],[-78.51975999983274,45.182569998352434],[-78.5196899964097,45.18280000299778],[-78.51945999972992,45.182819999496004],[-78.51919999794129,45.182779997516406],[-78.51878999610123,45.18257999660155],[-78.51829000442748,45.18214000177539],[-78.51799000432467,45.181969995607865],[-78.51758000248462,45.18168999971696],[-78.5170099946414,45.18141000382605],[-78.5166699962244,45.18143999857339],[-78.51649999701588,45.18141000382605],[-78.51623000202193,45.18110000420465],[-78.51587000444783,45.18080000283237],[-78.51576999591593,45.180619998415736],[-78.51548000176487,45.180319997043455],[-78.51518999486738,45.180069995899885],[-78.5151299973961,45.180159998108195],[-78.51471999555605,45.180119996128596],[-78.51454999634755,45.18004999940166],[-78.51446999971918,45.17983000198858],[-78.51458000145641,45.17958000084501],[-78.51430000051067,45.17943000015887],[-78.51368000114795,45.17902999832915],[-78.51347000362526,45.17892999787172],[-78.51289999578204,45.1788299974143],[-78.51266000589692,45.17872999695687],[-78.5122599972622,45.178509999543785],[-78.51201000142534,45.17845999931507],[-78.51169000216542,45.17849000304556],[-78.51135000374842,45.178469997564186],[-78.51118999774523,45.1786000017521],[-78.51096999427078,45.17862999649944],[-78.51066999416797,45.17857999627073],[-78.51036999406514,45.1786000017521],[-78.509599994651,45.1782900021307],[-78.50929000134285,45.17834000235942],[-78.50919999876271,45.17814999969367],[-78.50929000134285,45.17777000334534],[-78.50942000223716,45.17753999869999],[-78.50934999881413,45.17734999603425],[-78.50914999449677,45.1772299990786],[-78.50908000382016,45.17703999641285],[-78.50880000287442,45.17686999922849],[-78.50863000366593,45.17661999808492],[-78.50861999771416,45.17645000090055],[-78.50874999860848,45.17616999602649],[-78.50936000476588,45.17577000317993],[-78.51013999738537,45.17543999807715],[-78.51032999575096,45.1753200011215],[-78.510399999174,45.175150003937134],[-78.51041000512576,45.1748899955613],[-78.5102100008084,45.174760000356535],[-78.50989000154848,45.17477999685476],[-78.50919000555739,45.17491999929179],[-78.50859999855707,45.17491999929179],[-78.5082499941883,45.17513999670487],[-78.5078899966142,45.1749299975409],[-78.50773000335747,45.17479000408702],[-78.50749999393125,45.17475000210742],[-78.50717999467133,45.17479000408702],[-78.5068999937256,45.17476999860565],[-78.50728999640856,45.17452999571119],[-78.50719999382842,45.17426999631851],[-78.50764999398265,45.1743400020286],[-78.50792999492839,45.174609999670395],[-78.50822999503121,45.17461999791951],[-78.50897999528826,45.17426999631851],[-78.50947999970845,45.17428000355077],[-78.50994000581444,45.17424999982028],[-78.51152999616224,45.17459000317217],[-78.51191000563988,45.174659999899106],[-78.5122599972622,45.17475000210742],[-78.51272999657353,45.17482999708347],[-78.51396000209367,45.17485000256485],[-78.51484000324504,45.174860000813965],[-78.51606999601876,45.1745799959399],[-78.51653999533008,45.17459000317217],[-78.51705000570202,45.174450000735135],[-78.51718999980167,45.174359998526825],[-78.51760000164171,45.17421999608979],[-78.51805999500128,45.1740300024072],[-78.51857999857855,45.173699997304425],[-78.51940999546397,45.17322999874777],[-78.51934999799269,45.17303999608203],[-78.51951000399588,45.17254000277804],[-78.51953999635829,45.172159997446556],[-78.51942999462106,45.17203000224179],[-78.51891999699555,45.17197000376396],[-78.51857000537322,45.17188999980476],[-78.5182500061133,45.171699997139015],[-78.51788999579277,45.1717300008695],[-78.5176399999559,45.17192000353525],[-78.51741000327613,45.17197000376396],[-78.5169200048077,45.1719599965317],[-78.51666000301907,45.171839999576044],[-78.51625999438434,45.171839999576044],[-78.51610999433294,45.171949998282585],[-78.51520000081915,45.17188000155565],[-78.51476999982201,45.171799997596445],[-78.51445999376742,45.171589998432474],[-78.5142600021965,45.17128999706019],[-78.5140700038309,45.17117999835365],[-78.51377000372807,45.17111999987582],[-78.51264999994515,45.17107999789622],[-78.51189999968811,45.17096000094057],[-78.51105999685092,45.170850002234026],[-78.51051999411655,45.1706699978174],[-78.51017000249422,45.17046999690254],[-78.5100400015999,45.17029000146906],[-78.50972999554531,45.170090000554204],[-78.50925000302867,45.17003000207638],[-78.50899999444536,45.16982000291241],[-78.50882999523685,45.16958000001795],[-78.50884999439394,45.16939999560132],[-78.50846000445742,45.16942999933181],[-78.50829000524892,45.16922999841695],[-78.50854999429112,45.169039995751206],[-78.50867000198011,45.168840003819504],[-78.50869000113721,45.16865999940288],[-78.50842999934856,45.1684099982593],[-78.50831000440601,45.16823000282582],[-78.5080599958227,45.16812000411928],[-78.5079099957713,45.16797000343314],[-78.50741000409755,45.167799997265625],[-78.50700999546282,45.16783000099611],[-78.50679999794013,45.1677800007674],[-78.50662000552632,45.16761000358303],[-78.5068500022061,45.16737999893768],[-78.50668000299758,45.167239996500655],[-78.50642999441428,45.167200003504206],[-78.50621000368626,45.166990004340235],[-78.50587000526926,45.16691999863014],[-78.50555000600934,45.16691999863014],[-78.50540999916326,45.16697999710797],[-78.50535000169198,45.167139996043225],[-78.5052099948459,45.16721000175332],[-78.50471000317215,45.167239996500655],[-78.50450000564946,45.16716000152461],[-78.50443000222643,45.167050002818065],[-78.50456999632607,45.166840003654094],[-78.50542999832035,45.16598000151684],[-78.50529000422071,45.165839999079815],[-78.5053100033778,45.16571000387505],[-78.50508999990335,45.1654399972501],[-78.50456000312074,45.16540000425365],[-78.50418999959489,45.165489997478815],[-78.50392000460091,45.16542000075187],[-78.50377000454951,45.16551000296019],[-78.50362999770343,45.165389997021386],[-78.50338000186655,45.16501000067305],[-78.50302999749778,45.165029997171274],[-78.50257000413822,45.16476999777859],[-78.50195000477548,45.16466999732116],[-78.50182000388116,45.164580004096],[-78.50173000130103,45.16429000097283],[-78.50128999435213,45.16446999640631],[-78.50113999430071,45.1642700044746],[-78.50086999930676,45.16405999632748],[-78.50053999409508,45.16404999807837],[-78.50032000336707,45.16366000348092],[-78.50083000099256,45.16361000325221],[-78.50141000204113,45.16362000150132],[-78.50173000130103,45.16382000241618],[-78.50221999976945,45.16389999739223],[-78.50236999982086,45.16395999587005],[-78.5024400032439,45.16417000401717],[-78.50255000498113,45.164240000744115],[-78.50295999407474,45.164199998764516],[-78.50340999422897,45.164090000057975],[-78.5039800020722,45.164140000286686],[-78.50435000559806,45.163880000894004],[-78.50430000133211,45.163529999293004],[-78.50441999627466,45.16340000408824],[-78.50471999637749,45.16343999708469],[-78.50559999752886,45.163739998456975],[-78.50591000358344,45.16398000135143],[-78.5058400001604,45.1641499985358],[-78.50597999426004,45.16440999792848],[-78.50621000368626,45.16440999792848],[-78.50636000373767,45.164230002495],[-78.50668000299758,45.1641099965562],[-78.50698000310041,45.16417000401717],[-78.50739000494046,45.16409999830709],[-78.50773999656279,45.16409999830709],[-78.50842000614324,45.164140000286686],[-78.5088600003457,45.16405999632748],[-78.50951999802263,45.16397000310232],[-78.50972000233999,45.163780000436574],[-78.50970999638822,45.163489997313405],[-78.50936000476588,45.163090004466845],[-78.50931000049994,45.16276999761318],[-78.50951999802263,45.16205999616207],[-78.5097499947024,45.16172000179334],[-78.50994999901977,45.16154999562582],[-78.51017999569954,45.16143999691928],[-78.5105899975396,45.16110000255055],[-78.51105999685092,45.160879996154314],[-78.5110500036456,45.16064000224301],[-78.51122000285409,45.16059000201429],[-78.51137000290551,45.16065000049212],[-78.511540002114,45.16089000338658],[-78.51178000474555,45.16091999813391],[-78.51218999383916,45.16106000057094],[-78.51268999825935,45.161079997069166],[-78.51323000099372,45.161429998670165],[-78.51347000362526,45.16151000262937],[-78.51368000114795,45.161489997147996],[-78.51407999703622,45.16126999973491],[-78.51443999461033,45.1613000034654],[-78.51497000413936,45.16159999585453],[-78.51555999839324,45.16187000247948],[-78.51617000455064,45.16204999791296],[-78.51679000391339,45.16212000362305],[-78.5172800023818,45.16210999639079],[-78.51788999579277,45.161989999435136],[-78.51820000184736,45.161889998977706],[-78.51876999694414,45.16164999608325],[-78.51908999620406,45.16158999760542],[-78.52000000246429,45.161529999127595],[-78.52034000088129,45.16146000240066],[-78.52097999940112,45.16123999600442],[-78.52133999697521,45.16101000034223],[-78.52204000571275,45.160740002700436],[-78.52242999564928,45.160630003993894],[-78.52309000607264,45.160469996075484],[-78.52360000369815,45.160530003536465],[-78.52398000042933,45.16070999896994],[-78.52411999452899,45.16085999965609],[-78.52431000564101,45.16116000102837],[-78.52454000232079,45.1612600014858],[-78.52510000421225,45.16121000125708],[-78.52617000372922,45.16096000011351],[-78.52662000388345,45.16091999813391],[-78.52716999982314,45.160740002700436],[-78.5275600025061,45.16054000178558],[-78.52874000376029,45.160080001478036],[-78.52942999379964,45.159880000563184],[-78.53032000090278,45.15958999744001],[-78.53062000100559,45.159470000484355],[-78.53099000453146,45.15941000200653],[-78.53116000373996,45.1593100015491],[-78.53152000131405,45.159219999340785],[-78.53208000320551,45.158990003678596],[-78.5323099998853,45.15897999644633],[-78.53309000525121,45.158819997511074],[-78.5333000027739,45.15895000169899],[-78.53360000287671,45.15885000124156],[-78.5338100003994,45.15865000032671],[-78.53401999792209,45.15834000070531],[-78.53435000313377,45.15827000397837],[-78.53478000413091,45.15808999956174],[-78.53487999991637,45.15778999818946],[-78.53512000254791,45.157570000776374],[-78.53538999754188,45.15745000382072],[-78.53555999675038,45.15746000206983],[-78.53563000017343,45.15763999750331],[-78.53583000449078,45.15787000214866],[-78.53600999690461,45.15796000435697],[-78.53649999537303,45.15805999583125],[-78.53664000221912,45.15819999826828],[-78.53683000058471,45.158630003828485],[-78.5370199989503,45.15870999880453],[-78.53724000242475,45.15860000009799],[-78.5375000042134,45.1586400020776],[-78.53803999420133,45.15889000322117],[-78.53831000194172,45.1591899956103],[-78.53846999519847,45.159429998504756],[-78.53823000531335,45.15973999812615],[-78.53806000610486,45.159820002085354],[-78.53797000352472,45.160030001249325],[-78.53821999936159,45.160230002164184],[-78.53818000104741,45.16035999736894],[-78.53748999826163,45.16066999699034],[-78.53744999994744,45.16085999965609],[-78.53726000158184,45.16096000011351],[-78.53694000232194,45.16100000209312],[-78.53660999711026,45.16110000255055],[-78.53636000127338,45.16094000361529],[-78.53615000375069,45.16091999813391],[-78.53576999427307,45.16101000034223],[-78.53536999838478,45.16128999623314],[-78.53553000438797,45.16133999646185],[-78.53544999501315,45.16192000270819],[-78.53536000517946,45.16224999882782],[-78.53519000597096,45.16248000347316],[-78.535140001705,45.162719997384464],[-78.53480999649332,45.16326999990032],[-78.53414000561108,45.16399999784966],[-78.53388000382245,45.16412000378846],[-78.53328999682213,45.16408000180886],[-78.53307999929945,45.16415999678491],[-78.53272999493068,45.164199998764516],[-78.53217000578564,45.164090000057975],[-78.53187999888816,45.16399999784966],[-78.53137999446797,45.16376000393835],[-78.5309799985797,45.16367000173003],[-78.53064000016269,45.16371000370964],[-78.52987999395387,45.16398000135143],[-78.52949000401735,45.16422000424589],[-78.52921000307161,45.164440001658974],[-78.52902000470603,45.1644599981572],[-78.5289599944883,45.164580004096],[-78.52917999796276,45.16521000158791],[-78.52923999543404,45.16582000258159],[-78.52957999385104,45.16612000395387],[-78.52966000322586,45.16638000334655],[-78.52985000159144,45.166800001674495],[-78.52981000327726,45.167039995585796],[-78.53002999400528,45.1670799975654],[-78.53071000358572,45.16710000304678],[-78.53086000363713,45.167139996043225],[-78.53116999694528,45.16711000129589],[-78.53150000215696,45.167139996043225],[-78.53204999809665,45.16701999908757],[-78.53276000003953,45.16711000129589],[-78.53322000614553,45.16710000304678],[-78.53349999434482,45.16712999779411],[-78.53382999955649,45.167089995814514],[-78.53433000397668,45.16706999931629],[-78.53456999386178,45.16701000083846],[-78.53536999838478,45.16700000258935],[-78.53628999785035,45.167029997336684],[-78.53716999900172,45.16691999863014],[-78.53803000099599,45.16675000144578],[-78.53842000367895,45.16670999946618],[-78.53926999972147,45.16655999878004],[-78.5398699999271,45.166419996343],[-78.54054999676111,45.16614999870121],[-78.54090000112988,45.16598000151684],[-78.54110999865257,45.16592000303902],[-78.54155000560148,45.16592000303902],[-78.54219000412131,45.16595999603547],[-78.54266999663797,45.16581000433248],[-78.54317999426347,45.16573000037327],[-78.54388000300101,45.16568000014456],[-78.5446399964634,45.16557000143802],[-78.54562999935199,45.16546000273148],[-78.54636000045195,45.16525000356751],[-78.54696999386293,45.165139995877816],[-78.54756000086324,45.16511000113048],[-78.5479300043891,45.165040004403544],[-78.54814999511711,45.16491999846473],[-78.54851000543765,45.164640002573826],[-78.54924999974294,45.1645000001368],[-78.54977000332022,45.164280002723714],[-78.55005999747128,45.163989999600545],[-78.54998000084291,45.16387000264489],[-78.55046999931132,45.163129997463294],[-78.55084000283719,45.16272999563358],[-78.5513300013056,45.162940003780705],[-78.55157999714247,45.16269000263713],[-78.55144000304283,45.16260000042882],[-78.55118999445952,45.16255999844921],[-78.5511800012542,45.162280002558305],[-78.55131999535384,45.1621999985991],[-78.55236000250838,45.16199999768425],[-78.55298999507644,45.161930000957305],[-78.55354000376258,45.16178999852028],[-78.5536700046569,45.16172000179334],[-78.55414999717355,45.161820002250764],[-78.55457000496536,45.16174999654068],[-78.55482999400756,45.16158999760542],[-78.55504999748202,45.16136000194323],[-78.55536000353659,45.161129997297884],[-78.55570000195361,45.161219999506194],[-78.55566999684474,45.16146000240066],[-78.55555999510753,45.16167000156462],[-78.55532999842774,45.16179999676939],[-78.55508000259087,45.162030001414735],[-78.5550699966391,45.16223000232959],[-78.55478000248804,45.162469996240894],[-78.5545799981707,45.16245999799178],[-78.55422000059659,45.162740002865846],[-78.5540100030739,45.162990004009416],[-78.55380000555121,45.163129997463294],[-78.5533999969165,45.16318999594112],[-78.55330000113103,45.16326000165121],[-78.55275999839667,45.16345000431696],[-78.55260999834526,45.16364999624866],[-78.55221000245697,45.16368999822826],[-78.55195000066834,45.16364999624866],[-78.55159000309423,45.16371000370964],[-78.55144000304283,45.163889999143116],[-78.55150000051411,45.16404999807837],[-78.55140000472865,45.1645400021164],[-78.55153000562296,45.1648199980073],[-78.5515199996712,45.164950002195226],[-78.55106999951697,45.16518999610653],[-78.55108999867406,45.16540000425365],[-78.55131999535384,45.16584999732893],[-78.55200999813961,45.166199998929926],[-78.55211999987684,45.166419996343],[-78.55243000593143,45.16655999878004],[-78.55277000434843,45.16660000075964],[-78.55343000202535,45.16681999817272],[-78.55397999796504,45.166940004111524],[-78.55442000491395,45.16711000129589],[-78.55476000333095,45.167449995664626],[-78.55493999574479,45.16774999703691],[-78.55510000174796,45.167889999473935],[-78.55523000264228,45.16810999688702],[-78.55508000259087,45.16820999734445],[-78.55474999737919,45.16824999932405],[-78.55442999811928,45.16812000411928],[-78.55386999622782,45.168340001532364],[-78.55313999512786,45.16854000244722],[-78.55273999923958,45.16860999917416],[-78.55249999660803,45.16877999635852],[-78.5520299972967,45.169389997352205],[-78.5518599980882,45.16971000420587],[-78.5518599980882,45.169899997888464],[-78.55204000324846,45.1701200042847],[-78.55236999571372,45.17039000192649],[-78.55258000598283,45.170600001090456],[-78.55272000008249,45.17089000421363],[-78.5526800017683,45.17111000162671],[-78.5525100025598,45.1713700010194],[-78.55277999755376,45.17153999820376],[-78.55343999523068,45.17182000307782],[-78.5538400038654,45.172049998740015],[-78.55444999727636,45.17229000163447],[-78.55467999395616,45.1724300040715],[-78.55530000606532,45.172600001255866],[-78.55587999436743,45.17259000300675],[-78.55641000389647,45.17266999798281],[-78.55658000310498,45.17276999844024],[-78.55699000494502,45.17282999691806],[-78.5574099999904,45.17310000354301],[-78.55767999498437,45.17332000095609],[-78.55791999761591,45.173449996160855],[-78.5582999943471,45.173759995782255],[-78.55846000035028,45.174159997611966],[-78.55872999534424,45.174359998526825],[-78.55896999797578,45.17460000142128],[-78.5589299996616,45.17491999929179],[-78.55887000219032,45.17502999799833],[-78.55853999697864,45.1752399971623],[-78.55823999687583,45.175360003101105],[-78.55817999940454,45.17548999830587],[-78.55825000282759,45.1756700027225],[-78.55823000367049,45.17593000211518],[-78.5581299951386,45.176059997319946],[-78.55797999508718,45.17644000265144],[-78.55774000520208,45.17660000158669],[-78.55776000435917,45.176960001436804],[-78.55825999603292,45.17718999709899],[-78.55876999365843,45.17728999755642],[-78.55949000155306,45.17749999672039],[-78.5599200025502,45.17773000136574],[-78.55994000170729,45.177859996570504],[-78.56018999754416,45.17803000273802],[-78.56067999601258,45.17813000319545],[-78.5609100054388,45.17839000258813],[-78.56123000469871,45.178409999086355],[-78.56153000480153,45.17809999946496],[-78.56174000232421,45.178059997485356],[-78.56215999736959,45.17808000296674],[-78.56245999747242,45.17823000365288],[-78.56264999583802,45.17841999733547],[-78.56285000015536,45.17849000304556],[-78.56281000184119,45.178660000229925],[-78.56365000467838,45.17865000198081],[-78.56375999366917,45.17877999718558],[-78.56423999893225,45.178869999393896],[-78.56463000161521,45.17887999764301],[-78.56510000092653,45.17885000289567],[-78.56592999781195,45.17870000220953],[-78.56656999633178,45.178819999165185],[-78.56793999595158,45.17922999924401],[-78.56830000627211,45.17931000320321],[-78.56984999830573,45.17943000015887],[-78.57014999840855,45.1795399988654],[-78.57065999603405,45.179870003968176],[-78.57082999524256,45.18004000115255],[-78.57140999629111,45.18045999948048],[-78.57159999465671,45.18054000343969],[-78.57211000502865,45.18088999605753],[-78.5722499991283,45.18103999674367],[-78.57209000587156,45.181170000931594],[-78.57185000324002,45.18118999742982],[-78.57164999892265,45.18103999674367],[-78.57131000050565,45.18085000306108],[-78.57104999871702,45.18080000283237],[-78.57082000203724,45.18066000039534],[-78.57016000436032,45.180760000852764],[-78.56980999999155,45.18075000260365],[-78.5693599998373,45.18065000214623],[-78.56877000558343,45.1805500016888],[-78.56838000290048,45.180619998415736],[-78.5680299985317,45.1805900036684],[-78.56740000596365,45.18047999597871],[-78.56714999738034,45.180369997272166],[-78.56662000059774,45.180219996586025],[-78.56617999364883,45.18018000358958],[-78.56588999949777,45.18009999963037],[-78.56566000281799,45.18009000138126],[-78.56506999581768,45.18016999635731],[-78.56487000424676,45.18023000381829],[-78.56463999482054,45.180569998187025],[-78.56442999729785,45.180610000166624],[-78.56425999808934,45.18072999712228],[-78.56380999793511,45.18076999910188],[-78.56226999910682,45.18110000420465],[-78.56193999389514,45.18102999849456],[-78.56157000311572,45.18077999735099],[-78.56153000480153,45.18034000252483],[-78.56133000048418,45.18016999635731],[-78.56089000628171,45.18004000115255],[-78.56039000186152,45.180109997879484],[-78.55977000249878,45.18005999765077],[-78.55915999634138,45.17994000069512],[-78.55879999876728,45.17973999978026],[-78.55836000456482,45.17968000130244],[-78.55793000356768,45.179420001909754],[-78.55767999498437,45.17948000038758],[-78.55765000262194,45.179570002595895],[-78.55735999572445,45.179620002824606],[-78.55712999904468,45.17959999734323],[-78.55675000231348,45.179170000766185],[-78.55662000141916,45.17875000243824],[-78.55649999373017,45.1786000017521],[-78.55605000632238,45.1784799958133],[-78.55564999768765,45.1784799958133],[-78.55532999842774,45.17854000327428],[-78.55506000343378,45.1786400037317],[-78.55476999653628,45.178819999165185],[-78.55468999990792,45.17900000358181],[-78.5545399998565,45.17912999878658],[-78.55410000565404,45.17929999597094],[-78.55377000044236,45.17937999993015],[-78.55324999686509,45.179360003431924],[-78.5533599986023,45.17903999657826],[-78.55328999517927,45.17874000418913],[-78.55341999607359,45.1786000017521],[-78.55345000118244,45.17844000281685],[-78.55360000123386,45.1782900021307],[-78.55345000118244,45.177859996570504],[-78.55332000028812,45.17773000136574],[-78.55324999686509,45.17749999672039],[-78.55339000371117,45.17713999687028],[-78.55324000365975,45.17690000295897],[-78.55328000197395,45.17675000227283],[-78.55318999939381,45.17649000288015],[-78.55223999481939,45.176109997548664],[-78.55163999461375,45.17594000036429],[-78.55136999961978,45.175699997469835],[-78.55110999783115,45.175549996783694],[-78.55069000278577,45.17542000157893],[-78.55024000263154,45.1753200011215],[-78.54859000206602,45.17512999845576],[-78.54806000528342,45.17498999601873],[-78.54741000081184,45.17497999776962],[-78.54705000323773,45.174910001042676],[-78.54658999713173,45.17460000142128],[-78.5463299953431,45.174509999212965],[-78.54577000619807,45.17441999700465],[-78.5451499940889,45.174259998069395],[-78.54444000489246,45.173899998219284],[-78.54403999625775,45.17385999623968],[-78.54337999858083,45.17388999997017],[-78.54305000611559,45.173949998447995],[-78.54243999995818,45.174109997383255],[-78.54197999385218,45.17416999586108],[-78.5418500057043,45.1743800040082],[-78.54210000154117,45.175220000664076],[-78.54217999816954,45.17570999571895],[-78.54232000501563,45.17604000082172],[-78.54249999742946,45.17618000325875],[-78.543079998478,45.17613000303004],[-78.54343999605211,45.1760200043235],[-78.5437300029496,45.175970004094786],[-78.54401999710066,45.176109997548664],[-78.54394999367761,45.17624999998569],[-78.54339999773792,45.17654000310886],[-78.54283999584646,45.17677999702017],[-78.54228999990677,45.1768799974776],[-78.54191999638091,45.176860000979374],[-78.5406099942324,45.1766500018154],[-78.54017000002993,45.1765299958766],[-78.53992000419306,45.176509999378375],[-78.53936000230159,45.176910001208086],[-78.53855999777859,45.177360003266514],[-78.53803999420133,45.17758999892871],[-78.53784999583573,45.177720003116626],[-78.5377399940985,45.177970004260196],[-78.53776999920736,45.17840000083724],[-78.53788999414991,45.1785599997725],[-78.53803000099599,45.178969999851326],[-78.53806000610486,45.17921000274578],[-78.5385799969357,45.17952000236718],[-78.53904000304169,45.179670003053324],[-78.53951000235301,45.179920004196894],[-78.54000000082142,45.17994999894423],[-78.5405200043987,45.18014000160997],[-78.54092000028699,45.180319997043455],[-78.54140000555007,45.180569998187025],[-78.54219999732663,45.18118999742982],[-78.54260000596136,45.18134999636507],[-78.54298999589788,45.18138000009556],[-78.54365999952657,45.18158000101042],[-78.54433999636058,45.18164999773735],[-78.54516000004067,45.18158999925953],[-78.54529999414032,45.18155999552904],[-78.5461799952917,45.181179999180706],[-78.5466000030835,45.181070000474165],[-78.5473199982317,45.181270001389024],[-78.54769999496288,45.18128999788725],[-78.54789999928025,45.18141000382605],[-78.54806999848876,45.181720003447445],[-78.54825999685434,45.18184999865221],[-78.54838000454333,45.18204000131796],[-78.54840000370042,45.1822300039837],[-78.54829999516853,45.182419997666294],[-78.54810999680294,45.1825400036051],[-78.54782000265187,45.18262999683026],[-78.54752999575439,45.18282999774512],[-78.54748000423487,45.18297999843126],[-78.54795999675153,45.18336000376275],[-78.54823999769725,45.183820004070284],[-78.5484800003288,45.1841400019408],[-78.54921000142876,45.18498999684578],[-78.5494700032174,45.18543999890421],[-78.55035999757409,45.18590999746086],[-78.55063999851983,45.18604000164878],[-78.55097999693683,45.186230004314524],[-78.55118999445952,45.18645999997671],[-78.55148999456235,45.18695000401475],[-78.55150999371943,45.18717000142782],[-78.55142999709106,45.18726000363614],[-78.55099999609392,45.18731000386485],[-78.550679996834,45.18717000142782],[-78.5505299967826,45.18700000424346],[-78.55035000436877,45.18691000203514],[-78.55005999747128,45.18666999914068],[-78.54983000079149,45.18666000089157],[-78.54954999984577,45.1868000033286],[-78.54941000574611,45.18695000401475],[-78.54909999969153,45.18706000272128],[-78.54893999368836,45.18716000317871],[-78.54885999705999,45.18733999861219],[-78.54857999611426,45.18750999579656],[-78.54838999774866,45.18752000302882],[-78.54808999764585,45.18762000348625],[-78.54786999417139,45.187780002421505],[-78.5475900059721,45.18810999854113],[-78.54759999917742,45.18854000410133],[-78.54769000175756,45.1887500032653],[-78.54793999759443,45.189129999613634],[-78.54825000364902,45.18968000212949],[-78.54849000628056,45.18998000350177],[-78.54868999785148,45.19051000053625],[-78.54857999611426,45.19076000167982],[-78.54904000222025,45.19189999970798],[-78.54949999557982,45.192300001537696],[-78.55005999747128,45.19251000070166],[-78.55037000352586,45.19271999986563],[-78.55073999430529,45.19307000146663],[-78.5508899943567,45.19337000283891],[-78.55093999862265,45.19358000200288],[-78.55091999946555,45.193899999873395],[-78.5509900028886,45.194340003682704],[-78.55121000636305,45.19467999805144],[-78.55140000472865,45.19482999873758],[-78.5516899988797,45.19497999942372],[-78.55176999550807,45.19518000033858],[-78.55168000567437,45.19552000369047],[-78.55138999877688,45.19571999562217],[-78.55093000541731,45.19567000437661],[-78.55076000620882,45.19558000216829],[-78.55035999757409,45.19553000193958],[-78.55001999915709,45.19553000193958],[-78.55001000595176,45.19567000437661],[-78.54988000505745,45.19578000308315],[-78.54990000421454,45.19595999851663],[-78.55009999578546,45.19614000293326],[-78.5508699951996,45.19666999996774],[-78.55159999629957,45.197089998295674],[-78.55257000003107,45.197849999975496],[-78.55290999844807,45.19816999784601],[-78.5530200001853,45.19831000028304],[-78.55294000355694,45.19858999617394],[-78.55298999507644,45.19903999823237],[-78.55270999413072,45.19922000264901],[-78.55262999750235,45.19933999960465],[-78.55273999923958,45.19949999853991],[-78.55232999739953,45.20004000280665],[-78.55208000156266,45.2004299974041],[-78.55221000245697,45.200610001820735],[-78.55210999392507,45.20081000273559],[-78.55172000398855,45.201259995810865],[-78.5516699997226,45.20164000114235],[-78.55180000061692,45.201759998098005],[-78.55225999397649,45.20198000449424],[-78.55283999502504,45.20248999604734],[-78.55337999775941,45.20267999871308],[-78.55380000555121,45.20275000442317],[-78.55440000575686,45.20292000160754],[-78.55468999990792,45.20303999856319],[-78.55562999853056,45.203259995976275],[-78.55609000463656,45.203509997119845],[-78.55688999641313,45.203759998263415],[-78.55716000415353,45.20390000070044],[-78.55752999493295,45.20393000443094],[-78.55784000098754,45.20383000397351],[-78.55806999766732,45.20369000153648],[-78.5582100045134,45.20368000328737],[-78.55849999866446,45.203819996741245],[-78.5589299996616,45.20385000047173],[-78.55921000060732,45.204009999406985],[-78.55930000318746,45.204160000093125],[-78.55941000492469,45.20470000435987],[-78.55934999470698,45.20563000322406],[-78.55917000229314,45.20585000063714],[-78.55906000055592,45.20620000223814],[-78.55883999708146,45.2066399970643],[-78.5585900012446,45.206860003460534],[-78.55840999608432,45.2069499966857],[-78.55804999851023,45.207020002395794],[-78.55735999572445,45.207320003768075],[-78.55703999646454,45.207280001788476],[-78.55697000578793,45.207220003310645],[-78.55654000479079,45.20714999760055],[-78.5560799986848,45.207359996764524],[-78.5557200011107,45.207609997908094],[-78.5556800027965,45.20779000232473],[-78.55583000284793,45.20814000392573],[-78.55613999615608,45.20850000377584],[-78.55649000052485,45.20876000316852],[-78.55592999863339,45.209180001496456]],[[-78.5272699956086,45.16686000015232],[-78.52703999892883,45.16690000213192],[-78.52660999793169,45.16716999977372],[-78.52604999604023,45.16717999802283],[-78.52555000436648,45.16710000304678],[-78.52516000168353,45.166990004340235],[-78.52489999989488,45.16700000258935],[-78.52435999716053,45.167189996271944],[-78.52428000053216,45.167279998480254],[-78.52403000469528,45.1677800007674],[-78.52379000206373,45.16798000168225],[-78.52362999606056,45.16820999734445],[-78.52354000622687,45.16877999635852],[-78.52324999932938,45.169510003291016],[-78.52309000607264,45.169739998953204],[-78.52278000001805,45.1704400021552],[-78.52257000249536,45.17107999789622],[-78.52259000165246,45.17132000079068],[-78.5227299957521,45.17158000018336],[-78.522830004284,45.171610003913855],[-78.5233800002237,45.171610003913855],[-78.52409000216656,45.17157000193425],[-78.52441000142647,45.171599996681586],[-78.52474999984348,45.17168000064079],[-78.52516999488886,45.17172000262039],[-78.52598000536362,45.17172000262039],[-78.52660000472636,45.17168000064079],[-78.52715000066605,45.171589998432474],[-78.52788999497135,45.17138999751762],[-78.52829999681138,45.171200003835025],[-78.52883000634043,45.17081000025443],[-78.52934999717127,45.17056999735997],[-78.52966999643118,45.17039000192649],[-78.5299000058574,45.17033000344866],[-78.53022999832264,45.17039000192649],[-78.53039999753113,45.17023000299123],[-78.53065000611444,45.169849997659746],[-78.53065999931978,45.16974999720232],[-78.53107000115982,45.169339997123494],[-78.53139999362507,45.16912999795952],[-78.53167000136547,45.16881999833813],[-78.53189000483992,45.16870999963159],[-78.53236000415124,45.16835999803059],[-78.53268999661648,45.16828000305454],[-78.53296000435688,45.16804000016008],[-78.53298999671931,45.16790999597216],[-78.53251999740799,45.16778999901651],[-78.53225000241402,45.16776000426917],[-78.53170999967965,45.167799997265625],[-78.53139000041973,45.16790999597216],[-78.53110000626869,45.167939999702654],[-78.53080999937119,45.16790999597216],[-78.53037999837404,45.167799997265625],[-78.53002000079995,45.16761000358303],[-78.52973999985421,45.16749999589334],[-78.52947999806558,45.167470001146],[-78.52885999870284,45.16749999589334],[-78.52808000608337,45.16731000221075],[-78.52816000271174,45.16706999931629],[-78.52805000097452,45.166940004111524],[-78.52777000002878,45.16686000015232],[-78.5272699956086,45.16686000015232]],[[-78.51079000185696,45.16368999822826],[-78.51049000175414,45.16372000195875],[-78.51034000170272,45.16381000416707],[-78.51034999490805,45.16402000333103],[-78.5105499992254,45.1642700044746],[-78.51084999932823,45.16441999617759],[-78.51167999621366,45.164700001051656],[-78.51199999547357,45.16485999998691],[-78.51253999820793,45.164890003717396],[-78.51298000515683,45.16480999975819],[-78.51330000441675,45.164590002345115],[-78.51340000020221,45.16424999899323],[-78.51283999831075,45.1637999969348],[-78.51246000157957,45.16361000325221],[-78.51188000053101,45.163489997313405],[-78.51144999953388,45.16346000256607],[-78.51079000185696,45.16368999822826]],[[-78.51039000596867,45.17616999602649],[-78.50981999812545,45.176199999756975],[-78.50955999633682,45.17626999648392],[-78.50940000308007,45.17650000112926],[-78.50940000308007,45.17670000204412],[-78.50953000397439,45.177010001665515],[-78.50966999807403,45.17718999709899],[-78.50998000412862,45.17732999953603],[-78.51047000259705,45.17733999778514],[-78.5108400061229,45.177260002809085],[-78.5111199943222,45.176960001436804],[-78.5113900020626,45.176960001436804],[-78.511540002114,45.176860000979374],[-78.511540002114,45.17674000402372],[-78.51133999779665,45.17654000310886],[-78.51107999600801,45.176409998920946],[-78.51090000359417,45.17624000173658],[-78.51049000175414,45.17611999579778],[-78.51039000596867,45.17616999602649]],[[-78.52315999674924,45.16671999771529],[-78.52311999843505,45.16697999710797],[-78.5233800002237,45.16716000152461],[-78.52356999858928,45.16696000060975],[-78.52401999874353,45.16679000342538],[-78.52396000127224,45.16663000449012],[-78.52347000280382,45.16655999878004],[-78.52315999674924,45.16671999771529]],[[-78.57055595962858,45.18022795565944],[-78.57051742715447,45.18019524799995],[-78.57037111082288,45.180048921423314],[-78.56992864381195,45.17976261935912],[-78.56973705214193,45.1796923711039],[-78.56825824894985,45.179577880820936],[-78.56818500793221,45.179567020189154],[-78.56782501035812,45.17948701622995],[-78.56779053125045,45.17947806002656],[-78.5664454891511,45.17907552494775],[-78.56592822605744,45.178978533846525],[-78.5651949873629,45.179111044334086],[-78.56513449278064,45.17911839255311],[-78.56466449346931,45.1791483962836],[-78.56461609525422,45.17914931256519],[-78.56422609257126,45.179139314316075],[-78.56414168567626,45.17913043896107],[-78.56366168041318,45.17904043675275],[-78.56359254374773,45.17902228180086],[-78.56352962734276,45.17899509878036],[-78.56347530203522,45.17895991177068],[-78.56343580083201,45.17892208371407],[-78.56281646428391,45.17892945888255],[-78.56274238200156,45.17892524578387],[-78.56267084900628,45.17891101646977],[-78.56260458028879,45.17888730992942],[-78.56254606140402,45.1788550065118],[-78.56249752297813,45.17881534589201],[-78.5624607877514,45.178769810290255],[-78.56243724508528,45.178720124471894],[-78.56242778723025,45.178668174899016],[-78.5624304384888,45.17864029119259],[-78.56242587526494,45.178638350831584],[-78.56237794866796,45.17860938016367],[-78.56233742774992,45.17857524418287],[-78.56218522256519,45.17842304262428],[-78.56202665690921,45.17834375731731],[-78.56177802494092,45.17833191752186],[-78.56176624723464,45.17833416331007],[-78.56154591235287,45.17856185030198],[-78.56149346077133,45.17860531977858],[-78.56142920599063,45.178640039664316],[-78.56135601595875,45.17866443790743],[-78.56127717925601,45.17867743652959],[-78.56119622664498,45.17867844264271],[-78.56087621463864,45.17865843716133],[-78.56080674656587,45.17864948095795],[-78.56074078376285,45.17863167634902],[-78.56068060784148,45.178605616222626],[-78.56062824548499,45.17857220787721],[-78.5605855066872,45.178532574206876],[-78.56043298284159,45.17836015157124],[-78.56008364128745,45.178288861270296],[-78.55999844411345,45.17826324131839],[-78.55992448929545,45.17822394002471],[-78.55967448071213,45.17805393385719],[-78.55963088790318,45.17801865701598],[-78.55959661273847,45.17797858317116],[-78.55957268767929,45.17793495199781],[-78.55955983927244,45.17788904808679],[-78.55955759589982,45.177874477412885],[-78.55929815495433,45.17773570566779],[-78.5586451805633,45.17754525384441],[-78.55815750194613,45.177449637165566],[-78.55810239910602,45.17743554259876],[-78.55805099273219,45.17741568084782],[-78.557550988312,45.17718567620248],[-78.55749408822453,45.17715366922891],[-78.55744682444218,45.17711464641296],[-78.55741091773375,45.177070009126496],[-78.5573876554892,45.17702139230332],[-78.55737790446615,45.176970547658236],[-78.55735790530905,45.176610547808124],[-78.55736337352982,45.17655336105714],[-78.55738588373468,45.17649828534707],[-78.5574244162088,45.17644780901126],[-78.55747722469053,45.17640422275367],[-78.55764006040236,45.17629566135158],[-78.55776159766359,45.1759877727711],[-78.55779383339863,45.17593156518378],[-78.55785282390153,45.17585486702482],[-78.55786480555076,45.17569907220509],[-78.55781120679005,45.1755612347079],[-78.55779863880477,45.175509788191576],[-78.55780038506641,45.17545760505672],[-78.55781635634993,45.17540664363065],[-78.55787636656764,45.175276639442735],[-78.55790433224685,45.175230915194774],[-78.55794375697144,45.17518960167486],[-78.55799328961928,45.17515410025483],[-78.5580512476609,45.17512562366032],[-78.55831481845144,45.17502019737858],[-78.55854587308535,45.17487316113287],[-78.55855380136815,45.17485863537473],[-78.55857679593755,45.174674615488776],[-78.55843360248262,45.17453142403249],[-78.55818295657755,45.17434576022957],[-78.55812770078023,45.174293352515896],[-78.55809194702903,45.174233120476096],[-78.5579550248203,45.173890817437076],[-78.55765609541805,45.1736469517869],[-78.55744697739941,45.173533674229574],[-78.55739077836587,45.1734962953306],[-78.55713558198336,45.173288362291785],[-78.5568096938703,45.17307885720122],[-78.55650224984923,45.173033869571796],[-78.55641362388411,45.17301265136478],[-78.55633496563146,45.17297689841647],[-78.55623751913308,45.17291956793504],[-78.55584413864474,45.17286018929476],[-78.55530934920245,45.17286941499273],[-78.55523406875517,45.17286546240548],[-78.5551613503414,45.172851152243005],[-78.55454135097865,45.17268115505863],[-78.55448283209388,45.17266090703213],[-78.55443004910502,45.17263395757361],[-78.55422956042311,45.17251191245911],[-78.55365359999458,45.17228531242869],[-78.55359826771864,45.17225881212781],[-78.55321940542021,45.17204097067141],[-78.55258278470575,45.171770892181236],[-78.55252523455006,45.17174096929912],[-78.55225523955609,45.17157097211476],[-78.55220087600925,45.17152864349857],[-78.55216039333052,45.17147919124218],[-78.55213560151373,45.171424843167486],[-78.5521276222452,45.171368024725766],[-78.55213678693222,45.17131130509873],[-78.55216270043532,45.17125721753547],[-78.55230816275574,45.171034749755364],[-78.5523294493028,45.170917690290686],[-78.55223571201711,45.17072353740833],[-78.55206813463133,45.17055595669208],[-78.55175027677255,45.17029588543417],[-78.55170873613969,45.17025461683002],[-78.55152873097943,45.17003461941694],[-78.55150062508943,45.16999208418824],[-78.55148340465526,45.16994674621585],[-78.55147760502716,45.169899997888464],[-78.55147760502716,45.16971000420587],[-78.55148372331614,45.16966198925393],[-78.55150188698654,45.16961551042113],[-78.55167188619504,45.16929550356747],[-78.55169395027467,45.169261394536136],[-78.55216394958599,45.168651402525605],[-78.55222891816706,45.16858992182756],[-78.5524689207986,45.168419924643196],[-78.55252206068765,45.16838855547347],[-78.55258236407337,45.16836447164071],[-78.55264784251186,45.16834844569603],[-78.5530241810161,45.16828259020256],[-78.55370685460154,45.16809555197725],[-78.55424381093786,45.16788460958223],[-78.55431617245144,45.16786271763876],[-78.55439336486403,45.16785174920914],[-78.5544720995953,45.167852144467865],[-78.55454906257205,45.16786390341493],[-78.55461225939861,45.16788378313217],[-78.55458779898913,45.1678549561947],[-78.55442379060526,45.167581598853744],[-78.55415847355307,45.16731629041774],[-78.55383003615295,45.1671893944007],[-78.55331691565077,45.16707743736684],[-78.55326650349889,45.16706362127777],[-78.55265458537617,45.1668596408262],[-78.55236703854071,45.166825819255756],[-78.55229256111885,45.16681148214382],[-78.55222367938212,45.166786904237654],[-78.55191368607397,45.16664690180062],[-78.55184820763549,45.16660956781741],[-78.55179590901118,45.166563035085694],[-78.5517593394881,45.16650956735998],[-78.55168922134715,45.16636933136098],[-78.55109661407401,45.16606872811746],[-78.5510393061006,45.16603301110176],[-78.55099322773674,45.1659899728165],[-78.55096023996201,45.16594132904386],[-78.55073023053579,45.16549132698543],[-78.55070845962419,45.16541805140771],[-78.5506884604671,45.16520805224374],[-78.55069088228981,45.1651548001137],[-78.55070811547043,45.16510293138919],[-78.55073948444787,45.16505446727962],[-78.55078377831077,45.16501129424706],[-78.5508392507975,45.16497510112426],[-78.55112813600867,45.164821031069884],[-78.551036565617,45.164623805949255],[-78.55101903926837,45.16456333136433],[-78.55102149933039,45.164501635070614],[-78.55111043120995,45.1640658802926],[-78.55107030543141,45.163958855009646],[-78.55105832378217,45.163906438312814],[-78.55106115349082,45.16385337482898],[-78.55107869258589,45.163801739666454],[-78.5511102655063,45.163753527085156],[-78.5512602655577,45.16357352266852],[-78.55130579582483,45.16352969386581],[-78.55136286161598,45.163493195315816],[-78.55142916857277,45.163465500255604],[-78.55150200170446,45.16344774056244],[-78.55186199927856,45.16338774208461],[-78.55194669934157,45.163380519629726],[-78.55203155236183,45.163386709022035],[-78.55222436768963,45.163416371392714],[-78.55236309989218,45.163402492421575],[-78.5524219246914,45.16332406051412],[-78.55246591263986,45.163277752361225],[-78.55252246857359,45.16323880141051],[-78.55258919616274,45.163208887511544],[-78.55307415978918,45.16303824354017],[-78.55313052452638,45.16299879851605],[-78.55318685102426,45.1629662525533],[-78.55325092735487,45.162941827360726],[-78.55332039542762,45.16292641227045],[-78.55361528420985,45.16288217922586],[-78.55370825670944,45.162820195471255],[-78.55389093862112,45.16260271334097],[-78.55393663459192,45.16255904623501],[-78.55429663216603,45.162279041360954],[-78.55434751593602,45.16224603725741],[-78.55440598383504,45.16222002204678],[-78.55447016213712,45.16220185811174],[-78.55453792218754,45.162192138340366],[-78.55460705885298,45.162191177143015],[-78.55461420960322,45.16219153646912],[-78.55469253644856,45.16212672302137],[-78.55469783896567,45.162020506222184],[-78.55470171388201,45.162000887016376],[-78.55465800635514,45.16201225968788],[-78.55423799856332,45.16208225641481],[-78.55417254561772,45.16208902971206],[-78.55410641711103,45.16208773613805],[-78.55404160148719,45.16207843857485],[-78.55374488996468,45.16201662550016],[-78.55372317003882,45.16202656985035],[-78.55366990268541,45.16204346716084],[-78.55311989399928,45.16218346959788],[-78.55304954642249,45.162196207708604],[-78.55244035603694,45.162263895765264],[-78.55170467002681,45.162405371439355],[-78.55183770457275,45.162490891054404],[-78.55189014340785,45.16253235728792],[-78.55192941517522,45.16258050698715],[-78.55195383734538,45.16263330995955],[-78.55196239020351,45.162688529400064],[-78.55195469135656,45.1627438027395],[-78.55193108495826,45.16279679435811],[-78.55189256523057,45.16284524948453],[-78.55164256939369,45.1630952506281],[-78.55159591744025,45.16313366258965],[-78.55153990960324,45.16316526532135],[-78.55147649608729,45.163188935929085],[-78.55140794575787,45.16320383897965],[-78.55133664219842,45.16320945345017],[-78.5512650964567,45.163205581711296],[-78.55119584507335,45.163192367493465],[-78.55113130987108,45.16317025995433],[-78.55095795835008,45.16309596029718],[-78.5508050903507,45.163261223359996],[-78.5504022392609,45.16386961636932],[-78.55040610143082,45.163875401519746],[-78.55043244831273,45.16392893212753],[-78.55044232680014,45.16398515768116],[-78.55043531626069,45.164041598830465],[-78.55041172260881,45.164095758258945],[-78.55037256555937,45.164145246447944],[-78.55008257140831,45.16443524957112],[-78.5500303110233,45.164477416490556],[-78.54996682102873,45.16451105839794],[-78.54944681745147,45.164731055811025],[-78.54934914151724,45.164760278007215],[-78.54871781057346,45.16487971800739],[-78.54843336112178,45.16510095509557],[-78.54838404516335,45.16513312376589],[-78.54816404168889,45.165253120721545],[-78.54809991437256,45.16528142663615],[-78.5480291461634,45.16530028227396],[-78.54765914263753,45.165370279000896],[-78.5475875204172,45.165378795029795],[-78.5470316483708,45.165407065011784],[-78.5464802120839,45.165506499530586],[-78.54577450568976,45.165709509801644],[-78.54568955069803,45.16572620948277],[-78.54470827911766,45.16583523800881],[-78.54395692773846,45.1659439880571],[-78.543918560968,45.16594812030741],[-78.54324103694245,45.165996512551764],[-78.54279022101636,45.16606722793093],[-78.54234500077538,45.16620635900213],[-78.54228414929294,45.16622119917063],[-78.54222062105906,45.16622862823803],[-78.54215622606759,45.16622843959182],[-78.54153307833532,45.16618949762425],[-78.54118456529949,45.16618949762425],[-78.54108250459149,45.166218656938376],[-78.54076700482327,45.16637190054269],[-78.54073770076835,45.16638479136702],[-78.54005770393434,45.16665479799197],[-78.53999018606619,45.16667583653592],[-78.53939018586055,45.16681583897295],[-78.53936288299599,45.16682142649402],[-78.53851288695347,45.16697142718016],[-78.53847506827974,45.166976682324574],[-78.53810950051339,45.167014178004536],[-78.53727327062107,45.16717947699996],[-78.53723677757661,45.16718535198192],[-78.53635677642524,45.16729535068846],[-78.53627233129092,45.16729920446103],[-78.53536454291044,45.16726960497242],[-78.53463910503434,45.16727866897364],[-78.53445783797699,45.16732398897972],[-78.5343516729168,45.167339062710184],[-78.53387338842249,45.16735819682574],[-78.53356482271509,45.16739559369102],[-78.53350371630394,45.167399483396196],[-78.53344252066775,45.16739642912423],[-78.53319697333681,45.16737012645271],[-78.53277179049225,45.16737937011698],[-78.53269230372129,45.16737523786668],[-78.5320740506202,45.16729686884129],[-78.53161308853154,45.167397444220505],[-78.53153283697448,45.16740850248165],[-78.53145108133802,45.16740728077286],[-78.53117157750327,45.16738186743348],[-78.53091202183987,45.16740699331197],[-78.53084868480254,45.16740937384748],[-78.53078565367963,45.16740435226504],[-78.53072467473284,45.1673920543288],[-78.53063239054077,45.16736744947317],[-78.53015199013818,45.167353318973746],[-78.53020618798136,45.16737460904598],[-78.53024921994717,45.16739429113385],[-78.53056380197205,45.16756031776467],[-78.53090396609272,45.16764733756624],[-78.53110000626869,45.167667621525354],[-78.53127572862667,45.167649439624],[-78.5315423585617,45.167557784515566],[-78.5316045994056,45.167540950087144],[-78.53167002685834,45.167531984900606],[-78.5322100295927,45.167491982921],[-78.53230955376006,45.16749379751788],[-78.53257954875403,45.167523792265214],[-78.53265025323101,45.16753662020747],[-78.53312025254233,45.167656617163125],[-78.5331883567465,45.16767959606809],[-78.5332487238644,45.1677115581259],[-78.53329900855194,45.16775125467831],[-78.53333724785804,45.167797140623016],[-78.53336193770335,45.167847428312626],[-78.53337213485165,45.16790015043665],[-78.53336743141699,45.16795325883624],[-78.53333743905456,45.168083263024165],[-78.53332164622115,45.16812756793398],[-78.5332954650429,45.16816935756099],[-78.53325963481308,45.16820742816273],[-78.53298963981912,45.168447431057196],[-78.53293946984951,45.168484244017534],[-78.53288033913583,45.168513735708316],[-78.53281438907925,45.16853483713434],[-78.53257318828277,45.16859330847618],[-78.53216773692016,45.16889524122632],[-78.53211127021147,45.16892979941531],[-78.5319550116603,45.16900792589556],[-78.53172589448455,45.16927097956022],[-78.53165627345457,45.16933001684069],[-78.53135796862766,45.169519848826525],[-78.5310339542406,45.16984386216636],[-78.53103144319283,45.16986894312909],[-78.53102029006189,45.169917263508225],[-78.53099691309943,45.1699633650486],[-78.53074691726255,45.17034336139694],[-78.53070609043007,45.17039152906247],[-78.53053609122156,45.17055152799773],[-78.53048537315523,45.17059058674628],[-78.5304248148408,45.17062190201708],[-78.53035672338306,45.170644261084504],[-78.53028375004058,45.17065681953218],[-78.53020869902913,45.17065907430354],[-78.53013447653599,45.170650953533375],[-78.52992043839329,45.170612029532116],[-78.52986045366845,45.17062767818436],[-78.52958854670918,45.17078063432779],[-78.52955949758298,45.17079544754682],[-78.52907598705016,45.17101860702971],[-78.52857616108007,45.17138640425648],[-78.52851009630557,45.171425175544144],[-78.52810009446551,45.17161517820989],[-78.52802691718007,45.17164162461185],[-78.52728692287478,45.17184162552671],[-78.52723648523002,45.17185251310795],[-78.52668648929033,45.17194251531627],[-78.52663486622708,45.17194837233192],[-78.52601485411792,45.171988374311525],[-78.52598000536362,45.17198949720563],[-78.52516999488886,45.17198949720563],[-78.52511879245799,45.17198706277121],[-78.52469878466617,45.17194706977476],[-78.52462890870748,45.17193562523804],[-78.52432346587676,45.17186376001531],[-78.52407990698975,45.17184092484079],[-78.52341047695066,45.17187863611642],[-78.5233800002237,45.17187949849909],[-78.522830004284,45.17187949849909],[-78.52275357665754,45.17187405470847],[-78.52268023366842,45.17185796588173],[-78.52258022513652,45.17182796215124],[-78.52251287297204,45.17180183914277],[-78.52245429035509,45.171766732981474],[-78.52240684812266,45.171724089954935],[-78.5223724837329,45.1716756168622],[-78.52223248963325,45.17141561746952],[-78.52221605947807,45.1713763610916],[-78.52220825865962,45.17133580215653],[-78.52218825950253,45.17109579926207],[-78.52219743693598,45.17101928076617],[-78.52240743445867,45.17037928502515],[-78.52241496760197,45.170359710735106],[-78.52272497365657,45.169659707533114],[-78.52274665534313,45.16962136743678],[-78.52289121266664,45.169413551178955],[-78.52316338730105,45.16872843306122],[-78.52324994834363,45.16818019124332],[-78.52326284773622,45.16813466462472],[-78.52328664533105,45.168091365828026],[-78.52344665133423,45.16786137016583],[-78.52349801946876,45.167805971062265],[-78.52369268302971,45.16764376227141],[-78.52391934014342,45.16719043644643],[-78.52395594790579,45.16713693278811],[-78.52397863656076,45.16711139368458],[-78.52383470381257,45.16716576870873],[-78.52369775611098,45.167309930345525],[-78.5236504413429,45.167350534196366],[-78.52359284020147,45.16738388864287],[-78.52352717056645,45.167408736043626],[-78.52345589249987,45.16742413316759],[-78.5233817337389,45.16742949610984],[-78.52330751124575,45.1674246092747],[-78.52323604198264,45.16740967029152],[-78.52317004094031,45.16738523611579],[-78.52311203191294,45.167352249978556],[-78.52285203012431,45.16717225454508],[-78.52280741760053,45.16713523497222],[-78.52277296398573,45.16709317585062],[-78.52274977821979,45.16704743363635],[-78.52273861234241,45.16699950851594],[-78.5227398360002,45.16695095457484],[-78.52277983431439,45.166690946199],[-78.52279650665184,45.16663633761288],[-78.52282879337264,45.16658531330474],[-78.52287530511529,45.166540074147036],[-78.52293406618234,45.166502578467075],[-78.5232440594905,45.16634257953182],[-78.5233126480592,45.16631438141505],[-78.52338801773153,45.16629677443548],[-78.5234669309129,45.16629051317795],[-78.52354597155862,45.166295876120195],[-78.52403597002703,45.16636587284714],[-78.52410375557032,45.16638027284114],[-78.52416660824312,45.16640322479665],[-78.5242223866443,45.16643395616252],[-78.5242691660621,45.16647140692672],[-78.5243053531921,45.16651429249838],[-78.52432969888366,45.16656113964044],[-78.52438969635493,45.1667211385757],[-78.52440152504695,45.16677185745664],[-78.52439947287085,45.166823241090896],[-78.52438361630526,45.16687341199951],[-78.524378046113,45.166882440068115],[-78.52472919766096,45.16675888578394],[-78.52480214551058,45.1667394821738],[-78.52487915947306,45.16673090326284],[-78.5251391612617,45.166720905013726],[-78.5252220895702,45.16672408504983],[-78.52530208619858,45.16673979658415],[-78.52566407221659,45.166841899099346],[-78.52608806964267,45.1669097398696],[-78.52646024006255,45.1669030923365],[-78.52678561831819,45.16669877950828],[-78.52686176552308,45.16666157128921],[-78.52694839029783,45.16663834983912],[-78.52717838697761,45.16659835684267],[-78.5272699956086,45.166590505567086],[-78.52777000002878,45.166590505567086],[-78.52784319006066,45.16659549121691],[-78.52791366510182,45.166610250537026],[-78.52819366604756,45.16669024551308],[-78.52826626974341,45.16671775192708],[-78.5283288292482,45.16675557100054],[-78.5283784256282,45.16680196898496],[-78.52848842736543,45.166931973172886],[-78.52851978359644,45.166978703533964],[-78.5285378962811,45.167028793594206],[-78.52854210260477,45.167080401807276],[-78.52853226235666,45.16713163272793],[-78.52853121714897,45.167134776831425],[-78.52891140507668,45.16722738415407],[-78.5294538041409,45.16720113538146],[-78.52950727543727,45.167202905062574],[-78.52947408371958,45.167168769081776],[-78.5294439256535,45.16711787053778],[-78.52942908880273,45.1670637111093],[-78.52943022323547,45.167008563534004],[-78.52946058524452,45.16682638519439],[-78.52929567186372,45.166461857835245],[-78.52928629048729,45.166437109249166],[-78.52922528604762,45.16623884208281],[-78.52894121898902,45.165988185169084],[-78.52889948715962,45.16594262261787],[-78.52887154697329,45.16589209238314],[-78.52885852011634,45.16583863364058],[-78.528800804257,45.165251827147536],[-78.52858869082604,45.16464440431872],[-78.52857804755251,45.16459291288663],[-78.52858164204729,45.16454094534745],[-78.52859934684601,45.164490433079024],[-78.52865934431729,45.16437043612337],[-78.5286880365433,45.16432623002824],[-78.5287275377465,45.164286380762235],[-78.5287765477905,45.164252172916214],[-78.52883348611728,45.16422473836744],[-78.5288964917473,45.164204948481725],[-78.52896351250448,45.16419345902924],[-78.52901730246172,45.16418779964295],[-78.52920533787628,45.16404005372817],[-78.52923849135466,45.16401700295798],[-78.52962849403762,45.163777000063526],[-78.52970786609066,45.16373935166997],[-78.53046787229947,45.16346935402817],[-78.53052110141357,45.163453867072676],[-78.53057703277197,45.16344418323391],[-78.53091703118898,45.163404181254315],[-78.53100744165503,45.163401198847566],[-78.53109629705598,45.163413272204984],[-78.53149629294427,45.1635032744133],[-78.53159525626847,45.1635372576805],[-78.53206623705532,45.1637633277049],[-78.53229905069732,45.1638355792032],[-78.53275172760297,45.16392450343318],[-78.53295500775423,45.16390127299993],[-78.5331081689216,45.16384292742223],[-78.53317757326218,45.163822418884294],[-78.53325134963009,45.16381188164601],[-78.53332661733094,45.163811746898716],[-78.53378288873138,45.163842675893946],[-78.53386284712043,45.16380577310208],[-78.53447080110175,45.16314338236103],[-78.53476876177491,45.1626467667225],[-78.53481166627637,45.16244085489308],[-78.53482618446624,45.16239701710722],[-78.53485086156512,45.16235549697478],[-78.53499503649556,45.16216043679399],[-78.53507111996828,45.1618814470162],[-78.53512443830742,45.161494928898904],[-78.53509414003055,45.16147663021656],[-78.53504822737035,45.16143560415754],[-78.53501439833089,45.16138909837528],[-78.53499394030213,45.16133886458459],[-78.53498763081662,45.16128678924757],[-78.5349956993102,45.16123484865784],[-78.53501783986844,45.16118496521012],[-78.53505322397302,45.161139043332795],[-78.53510052599466,45.16109878982491],[-78.53550052188295,45.160818793934006],[-78.53556911045168,45.16078068739965],[-78.5356481893367,45.16075454642488],[-78.53602818606788,45.160664544216566],[-78.53611375288851,45.16065171627431],[-78.53620120618157,45.160652928999944],[-78.53641120370426,45.16067293448132],[-78.53648583408334,45.1606855108953],[-78.53655539138114,45.16070833708667],[-78.53661707138188,45.16074049677384],[-78.53668495889666,45.16078393930098],[-78.53678895706283,45.16075241741766],[-78.53687322374704,45.16073464874134],[-78.53709566179064,45.16070683690015],[-78.53711174779208,45.16063044416838],[-78.5371322950459,45.16057473963762],[-78.53716915773698,45.16052337396967],[-78.53722065333586,45.16047870075059],[-78.53728444924488,45.16044275017292],[-78.53772750259184,45.16024369248911],[-78.53768306851815,45.160208146153316],[-78.53763798437625,45.160163688529906],[-78.5376065389202,45.16011374220011],[-78.53759004503283,45.16006035532278],[-78.53758916552879,45.16000571978719],[-78.53760393864738,45.15995208138158],[-78.53769394122752,45.15974208221761],[-78.5377182996655,45.15969902596604],[-78.5377527532803,45.15965955399246],[-78.53779630784996,45.15962483410673],[-78.53784765049161,45.15959588140512],[-78.5379393993334,45.159552708372566],[-78.53804143454852,45.15942089857093],[-78.53797415886265,45.159319990815064],[-78.53776120416696,45.15908336558607],[-78.5373492521223,45.1588926442681],[-78.53732349157642,45.1588886826977],[-78.53724126432186,45.158929798588254],[-78.53717748115928,45.158955580236906],[-78.53710787287574,45.15897227991804],[-78.53703500150473,45.15897928677725],[-78.53696159478345,45.15897633131997],[-78.53689034220974,45.15896353032717],[-78.53682388229574,45.1589413509228],[-78.53663388393014,45.158861346963604],[-78.53657753193937,45.15883240324515],[-78.53652957984951,45.158796731145216],[-78.53649160821855,45.15875551643998],[-78.53646490443646,45.15871012456867],[-78.53629277657325,45.15832059709518],[-78.53626473441544,45.158292551692],[-78.5359036406479,45.15821886288925],[-78.53584385986603,45.158202729146744],[-78.53578873153306,45.158179795157544],[-78.53560873911923,45.15808979294923],[-78.5355506663597,45.15805404898407],[-78.53550396342051,45.158010813069446],[-78.53533429561932,45.15781570797289],[-78.53523340758338,45.15790819851454],[-78.53515226377583,45.158151632973386],[-78.53512730625538,45.15820277406251],[-78.5350883531489,45.15824937865945],[-78.5350369977608,45.15828956030211],[-78.53497527952075,45.158321702022974],[-78.53454527852361,45.1585017064396],[-78.53446020881395,45.15852806301004],[-78.53429219804937,45.158563699177364],[-78.53415508464413,45.15876610757718],[-78.5341173806883,45.15881030468916],[-78.53390738316561,45.15901030560401],[-78.53386612295432,45.15904351632007],[-78.53381773748568,45.15907154375693],[-78.53376350140319,45.15909361536347],[-78.53346350130036,45.15919361582089],[-78.53339388027038,45.159211249749916],[-78.53332074122423,45.1592191010255],[-78.53324683739197,45.1592168732036],[-78.53317492200362,45.15920467408204],[-78.53310768455707,45.15918293485216],[-78.53304763610004,45.15915247298088],[-78.53299533747573,45.15912009769804],[-78.53241686599942,45.159238756163916],[-78.53233354255141,45.159248978991855],[-78.53219412204136,45.15925504262002],[-78.53171253622028,45.15945284266243],[-78.5316478480608,45.15947398900422],[-78.53135242392827,45.15954783950372],[-78.53123502925854,45.159616892999615],[-78.5311600547257,45.15965137932337],[-78.53107574980217,45.159672633462996],[-78.53076017355534,45.15972380150158],[-78.5305087501177,45.15982437688079],[-78.53048047852405,45.15983461767503],[-78.52959047142092,45.16012461181505],[-78.52957545612006,45.16012923813876],[-78.528905822138,45.1603233371222],[-78.52776583194442,45.160767733693255],[-78.52739498715383,45.160957907038906],[-78.52733105103403,45.16098442530609],[-78.52678105509433,45.161164429722724],[-78.52672571007196,45.16117899141348],[-78.52666785400183,45.161187372695075],[-78.52625489498877,45.16122408684074],[-78.52522033056212,45.16146580551739],[-78.52514805827359,45.16147735785194],[-78.52458805638213,45.16152735808066],[-78.52450173752182,45.16152813961496],[-78.52441735611968,45.16151525777378],[-78.52433922047088,45.16148935934414],[-78.5241092237911,45.161389358886716],[-78.52404874195527,45.16135678597451],[-78.52399861022498,45.16131641568564],[-78.52396081704411,45.161269847021316],[-78.5237834631424,45.160989824180945],[-78.52370281644582,45.16090341523377],[-78.5234553953889,45.16078621203865],[-78.52312268793291,45.16074707244172],[-78.52256331061679,45.160882673133855],[-78.52220342776062,45.16098418276096],[-78.52156328903,45.1612310847168],[-78.52123682732736,45.16143966454263],[-78.52114764051908,45.161482217737635],[-78.52050764199926,45.16170221515071],[-78.5204472238956,45.16171868126987],[-78.5201072254786,45.16178867799681],[-78.5200356160047,45.161798325902964],[-78.51915743759359,45.161856222323024],[-78.51892011171347,45.1619007248622],[-78.51839611850193,45.162121351095976],[-78.51835915383936,45.16213504142091],[-78.51804914778478,45.16223504187833],[-78.51799280854046,45.16224956763648],[-78.51738280238304,45.16236957357528],[-78.5172910662877,45.16237938317819],[-78.51680106781929,45.1623893814273],[-78.51672950933113,45.16238610257651],[-78.51610950996839,45.16231610584958],[-78.51602231160403,45.16229858870153],[-78.51541231819307,45.162118584284904],[-78.5153517471322,45.16209602758812],[-78.51476175287831,45.16182602096317],[-78.51473054960454,45.16181011179949],[-78.51428610689612,45.161558547587326],[-78.51419127341698,45.16155064241282],[-78.51391526210553,45.16170245769584],[-78.51385880814328,45.16172822137819],[-78.51379680948166,45.161746609892056],[-78.51373120357881,45.161757066281965],[-78.51352120605613,45.16177706278019],[-78.51344793954563,45.161779048056964],[-78.513375488807,45.16177113389931],[-78.5133065050988,45.16175361675127],[-78.51306650246724,45.16167362177522],[-78.51301639622982,45.16165352646232],[-78.51297114638426,45.16162836465121],[-78.51253180225,45.16134359870614],[-78.51216833764548,45.16132906396484],[-78.51209393670223,45.161320853363144],[-78.51202327046455,45.16130252773135],[-78.51166099127852,45.161178829716725],[-78.51147322353911,45.161155356738355],[-78.51140458398466,45.16114202573954],[-78.51134063511842,45.161119972099314],[-78.5112904651488,45.161093552646804],[-78.51127156218516,45.16110449412697],[-78.51084646856563,45.161303470962395],[-78.51047137921206,45.16161452161268],[-78.51039472214975,45.16166299470541],[-78.51020968214752,45.16175148774405],[-78.51007471014341,45.161866220572136],[-78.50988496670652,45.1621467195196],[-78.50969675284188,45.162783068100566],[-78.5097306711064,45.16300019090474],[-78.51003547661534,45.163348548588765],[-78.51006560918856,45.16339092212072],[-78.51008474158805,45.16343635890779],[-78.51009227473135,45.16348344859498],[-78.51009637908354,45.16360224180816],[-78.5102421090791,45.1635147997984],[-78.51030093387831,45.163485748282106],[-78.51036642506324,45.163464961266435],[-78.51043627552906,45.16345317536991],[-78.51067551337448,45.16342925323389],[-78.51128051018279,45.16321842761986],[-78.51134680439314,45.16320050622994],[-78.51141666760539,45.16319153206025],[-78.51148766525039,45.163191819521145],[-78.51191766624753,45.16322181426848],[-78.51198770790987,45.16323141725887],[-78.51256770895843,45.163351414214524],[-78.51262677593992,45.16336748507496],[-78.51268126695112,45.16339020346849],[-78.5130612636823,45.163580206134235],[-78.51312749416049,45.16362230118845],[-78.51368749605194,45.164072303246876],[-78.51372893471333,45.16411257472106],[-78.51375918200445,45.16415753540103],[-78.51377717997119,45.1642056401845],[-78.51378231678464,45.164255254137636],[-78.51377443948759,45.16430469741088],[-78.51367443095569,45.164644700762764],[-78.51365188251152,45.16469549150893],[-78.51361560615646,45.16474216797109],[-78.51356701674484,45.16478290656922],[-78.51324701748493,45.165002912965456],[-78.51319575132187,45.16503250347092],[-78.51313800996967,45.16505541051066],[-78.51307552694348,45.16507095136508],[-78.51263551999459,45.16515094634113],[-78.51257318992563,45.16515847422321],[-78.51250995485977,45.165158662869416],[-78.51196995212541,45.16512865913893],[-78.51190238327152,45.16512056531822],[-78.51183796278717,45.16510409919906],[-78.51177873010201,45.16507979977062],[-78.51148540913132,45.16493313183419],[-78.51068489475091,45.16466308029348],[-78.51062873395668,45.164639795961314],[-78.51032873385385,45.16448979527517],[-78.51026595765967,45.16445043109942],[-78.51021689662994,45.164402353265416],[-78.51001690505902,45.164152352121846],[-78.50998181412244,45.164092784835354],[-78.50996781853641,45.16402904038279],[-78.50996635269634,45.16399828206746],[-78.50982711063638,45.1641305679762],[-78.50977985960047,45.16416770433005],[-78.50972371155268,45.16419806738665],[-78.50966059120474,45.164220624083434],[-78.50959263995779,45.16423458390295],[-78.50894416505844,45.16432301405952],[-78.50851552792989,45.16440095189357],[-78.5084523183569,45.16440853367457],[-78.50838819104057,45.164408560624025],[-78.50772406351858,45.16436949289232],[-78.50743566267194,45.16436949289232],[-78.50707003117341,45.164431916821414],[-78.50700533026749,45.16443890571433],[-78.50693987732187,45.16443800739904],[-78.50687560979475,45.16442925780817],[-78.50672371052447,45.16439887678526],[-78.50663500808074,45.16443214140023],[-78.50653972847637,45.1645464789696],[-78.50649264314411,45.16459151151479],[-78.50643338496609,45.16462872871701],[-78.50636449048292,45.164656522591905],[-78.5062889423605,45.164673689396984],[-78.50621000368626,45.16467949251372],[-78.50597999426004,45.16467949251372],[-78.50590352839427,45.16467404872309],[-78.50583013441943,45.1646579329469],[-78.50576280774781,45.164631800955284],[-78.50570425062374,45.164596712760286],[-78.50565683388416,45.164554078716904],[-78.50562248224084,45.16450561460732],[-78.5054824881412,45.16424561521464],[-78.50546176243729,45.16418965017244],[-78.50545847385696,45.16413185256706],[-78.505472762611,45.16407489039489],[-78.50548308722367,45.164049818415315],[-78.50536696719746,45.163959924004835],[-78.50471394182068,45.16373730351112],[-78.50473047394736,45.163853006519716],[-78.50473125147991,45.16390076096022],[-78.5047200728561,45.16394785963057],[-78.50469726948322,45.16399282929369],[-78.50466355516167,45.164034259594594],[-78.50462000059203,45.16407083899296],[-78.50424999706615,45.164330838385645],[-78.50419666598059,45.16436206382492],[-78.50413620963764,45.16438597697778],[-78.50407062922766,45.164401814276246],[-78.50400206615181,45.16440904571428],[-78.50393276378271,45.16440742874677],[-78.50345115246877,45.164365180978955],[-78.50308530428084,45.164454617248644],[-78.50301243290984,45.1644669511175],[-78.50263402948308,45.164503862892516],[-78.5026553032837,45.164507294456904],[-78.50273648533056,45.16452738976981],[-78.50280924198364,45.16455976505265],[-78.50315064250854,45.16475272317568],[-78.50334909176078,45.164741386436795],[-78.50342653910208,45.1647425093309],[-78.5035020872245,45.164754609637775],[-78.5035726132514,45.16477718430087],[-78.50363523648836,45.16480932602173],[-78.50368738215545,45.16484968732745],[-78.50372692159796,45.16489664226735],[-78.50389439701226,45.16515120685256],[-78.50397371807956,45.16515317416303],[-78.50405201943202,45.165167080083634],[-78.50419409120063,45.16520391101028],[-78.50443524101136,45.165145251022224],[-78.50451694566208,45.165132216467455],[-78.50460071523531,45.1651320368044],[-78.50513071201792,45.165172038784],[-78.50520126353767,45.16518216279725],[-78.50526787640891,45.16520144064325],[-78.50532817979463,45.16522916265292],[-78.50538003229371,45.1652643676289],[-78.50542161116589,45.165305797929804],[-78.5056416018939,45.1655757955716],[-78.50567399058616,45.165627403784676],[-78.50569042074136,45.16568262322519],[-78.50569016581265,45.165739046408184],[-78.50568573005314,45.165767909278266],[-78.50574256640844,45.165824754669444],[-78.50578080571455,45.16587276063822],[-78.50580441211285,45.16592523123397],[-78.5058123913814,45.16598000151684],[-78.50580441211285,45.166034762816565],[-78.50578080571455,45.16608724239546],[-78.50574256640844,45.16613524836424],[-78.50492094393105,45.16695687447256],[-78.50502550294038,45.16695060423188],[-78.50504030155184,45.16691114124144],[-78.50506565421179,45.166862802896006],[-78.50510360034988,45.16681875849763],[-78.50515276335109,45.166780598064356],[-78.50521132047518,45.16674974093435],[-78.50535131457482,45.16668974245652],[-78.50541377210813,45.1666681828897],[-78.50548074187955,45.16665495968872],[-78.50555000600934,45.16665050404491],[-78.50587000526926,45.16665050404491],[-78.50597722828357,45.166661319760934],[-78.50631722670057,45.16673131648787],[-78.50639369256635,45.16675363962268],[-78.50646155458826,45.16678703000179],[-78.50651762615743,45.16682992455661],[-78.50665323548331,45.1669593628059],[-78.5067646648213,45.166977194364286],[-78.50684165329092,45.16699577152436],[-78.50691133805309,45.167025415928734],[-78.50697053249893,45.16706478010449],[-78.50714053170744,45.16720477355837],[-78.50718203410099,45.16724632064025],[-78.50721173329539,45.16729261981],[-78.50722858408295,45.167342027150625],[-78.50723196188832,45.167392781964175],[-78.50722176474004,45.167443078636936],[-78.5071983622847,45.16749113850464],[-78.50716257029418,45.16753524578509],[-78.5071492757621,45.16754854085129],[-78.50736953416525,45.167532020833214],[-78.50744023864225,45.167531347096755],[-78.50750989791153,45.16753986312565],[-78.50757615388257,45.167557272475854],[-78.50807615830276,45.16772727864337],[-78.50813175825382,45.16775044619455],[-78.50818102322653,45.16777988398641],[-78.50822256385939,45.16781475658574],[-78.5083280533585,45.1679202367664],[-78.5085125070247,45.168001399552324],[-78.50857045231989,45.16803267889051],[-78.50861890152072,45.16807114475098],[-78.50865609561913,45.16811539576187],[-78.50876033596757,45.16827175652023],[-78.50899842663381,45.16850068318723],[-78.50903351757037,45.16854161043158],[-78.50905779952974,45.168586256701204],[-78.50907049497937,45.16863322960741],[-78.50907122152618,45.168681037946826],[-78.5090512223691,45.16886104236346],[-78.50904150958534,45.16890382013729],[-78.50902219873576,45.1689449629773],[-78.50890828384289,45.1691348219126],[-78.50895636339709,45.16914113706905],[-78.50902561478044,45.16916061254441],[-78.5090881997781,45.16918917897044],[-78.5091417220602,45.16922575836881],[-78.50918415494355,45.16926896733398],[-78.50921387963083,45.169317161948975],[-78.50922977443574,45.16936850066746],[-78.50923122752937,45.16942104312843],[-78.50921950080883,45.16952651432594],[-78.50932196940275,45.16967116105298],[-78.50945361458723,45.169781752647616],[-78.50979678686664,45.16982464720243],[-78.50986617846078,45.169838175830606],[-78.50993075190236,45.16986063371271],[-78.50998820008657,45.16989122134814],[-78.51029820614114,45.17009122226299],[-78.51034437373005,45.170126867413465],[-78.5103807902959,45.17016774974205],[-78.51047394124556,45.17029672985054],[-78.51072509700806,45.17044024470033],[-78.51117864067132,45.17059143116265],[-78.51196986290036,45.17069504284752],[-78.51198466151182,45.17069718982105],[-78.51270240054096,45.17081203044697],[-78.51378935281697,45.170850846650396],[-78.51387439703375,45.17086074608483],[-78.51417439713656,45.17092074456265],[-78.51424729400043,45.17094122615113],[-78.5143127341996,45.170971759887635],[-78.5145027325652,45.17108175859418],[-78.51456181229314,45.171124518401705],[-78.51460609340961,45.17117539897939],[-78.51477600339307,45.171430268991806],[-78.51496349071088,45.17155727280667],[-78.51526994051001,45.171614288877755],[-78.51596457025182,45.171667720670854],[-78.51598428898734,45.17165325779478],[-78.51604284611142,45.17161817858294],[-78.51611016003659,45.17159205557448],[-78.51618354126501,45.17157594878143],[-78.51625999438434,45.17157050499081],[-78.51666000301907,45.17157050499081],[-78.51673344797966,45.17157552657325],[-78.51680415245664,45.17159038470805],[-78.51686950343077,45.17161454938919],[-78.51703909475334,45.1716928195999],[-78.51735778113041,45.17169932340255],[-78.5174293141257,45.171683773564986],[-78.51760961245398,45.1715467535347],[-78.51765957848062,45.171514926224184],[-78.51771668251108,45.171489773396225],[-78.51777917828369,45.171472076585125],[-78.5178451028474,45.171462365796906],[-78.51820510042151,45.17143237104957],[-78.51828313409882,45.17143151765005],[-78.51835979116113,45.17144184827582],[-78.51843187225313,45.17146294071869],[-78.51849638196254,45.17149389666338],[-78.51875914972764,45.171649916061924],[-78.51901096830477,45.17170748010533],[-78.51949296201178,45.171764181766065],[-78.51957266547214,45.171779965165605],[-78.51964567705393,45.171807462596455],[-78.51970858071246,45.17184538946775],[-78.51975843202119,45.17189196711523],[-78.51986843375842,45.17202197130315],[-78.5199005037898,45.172070138968685],[-78.51991853999584,45.17212181006383],[-78.5199218030833,45.17217497236234],[-78.51989179797445,45.17255496871068],[-78.51988302842692,45.17259929158679],[-78.51974187440165,45.173040391340756],[-78.51978326207728,45.17317145554071],[-78.51979218458204,45.17322097067917],[-78.5197879910048,45.17327080022798],[-78.51977082155636,45.17331922840495],[-78.51974128806562,45.173364602309945],[-78.51970038475453,45.17340534989123],[-78.51964951373097,45.173440078760116],[-78.51882789125358,45.17390533421207],[-78.51831587969129,45.174230263833486],[-78.51825335842581,45.17426250436904],[-78.51779335231981,45.17445250703478],[-78.51776673776277,45.1744625232502],[-78.51740668920293,45.174585466679986],[-78.51730770038586,45.17464910333471],[-78.51725165430955,45.17467898130106],[-78.51718878889031,45.17470111578966],[-78.5166787912648,45.17484111822669],[-78.51660492567184,45.17485558110276],[-78.51652845980607,45.174859371993264],[-78.51612458900144,45.17485077511599],[-78.51495753812557,45.17511645186127],[-78.51489644446086,45.175126539941914],[-78.51483383397033,45.17512945946659],[-78.51395383281896,45.17511946121748],[-78.5139511815604,45.17511942528486],[-78.51272117604026,45.17509941980349],[-78.51264022342923,45.17509196378663],[-78.51217022411791,45.17501195982742],[-78.51212892566731,45.175003165320796],[-78.51179586131116,45.1749175199416],[-78.51143330170355,45.174850739183384],[-78.51141897471018,45.17484788254078],[-78.51065932540156,45.17468544018795],[-78.51066925487471,45.174691899074844],[-78.51072286638187,45.174735045157945],[-78.5107623038529,45.17478521606656],[-78.51078578278685,45.17484013007988],[-78.51079225797602,45.17489729886456],[-78.51078225202426,45.17515729825724],[-78.51076723672338,45.17522510309489],[-78.51069724604677,45.1753951092624],[-78.51067121782576,45.17544165097728],[-78.51063343739133,45.17548399755977],[-78.5105852048799,45.175520693739124],[-78.5103952065143,45.175640699677935],[-78.51033681509388,45.17567105375138],[-78.50967829600346,45.1759496572536],[-78.5096835347884,45.175948246898606],[-78.50979152258884,45.17593125077343],[-78.51025546734336,45.175906834564],[-78.51026873638259,45.175900204997205],[-78.51033585911122,45.17587337231967],[-78.51040925308608,45.175856582807015],[-78.51048592289482,45.175850519178844],[-78.51056277115364,45.175855432963445],[-78.51063666223948,45.17587111754831],[-78.51104666407953,45.175991114503965],[-78.5111070949296,45.17601344662192],[-78.5111609358726,45.17604300119477],[-78.51120646613974,45.1760788260083],[-78.51135042438078,45.176214786026556],[-78.5115612631682,45.17632020332515],[-78.5116108213089,45.17634973993169],[-78.51165256588475,45.17638475626146],[-78.51185257020211,45.176584748193164],[-78.5118908095082,45.17663275416195],[-78.5119144159065,45.17668523374085],[-78.51192239517505,45.17674000402372],[-78.51192239517505,45.176860000979374],[-78.511914517878,45.17691441193613],[-78.51189121739414,45.17696657710468],[-78.51185344970614,45.177014358494645],[-78.51180278262555,45.17705577981239],[-78.51165278257415,45.17715578026982],[-78.51159578051518,45.17718714943955],[-78.51153141101658,45.17721038885595],[-78.51146199392956,45.17722467206896],[-78.5113900020626,45.177229496022036],[-78.51132616791428,45.177229496022036],[-78.51115947003254,45.177408099066824],[-78.51111857946788,45.17744461558313],[-78.51106937822735,45.17747562542673],[-78.5110133576439,45.17750021231606],[-78.51095216200771,45.17751763963257],[-78.51058215848184,45.177597643591774],[-78.51052123052078,45.17760706691911],[-78.5104589259447,45.17760938457254],[-78.5099689274763,45.17759937734027],[-78.50990056834341,45.1775936191393],[-78.50983477124404,45.177579299993674],[-78.50979869883194,45.177566076792694],[-78.50979700355605,45.17758507616095],[-78.50977524539087,45.177639729662836],[-78.50966042550108,45.17784287468119],[-78.50961800536417,45.17802196281623],[-78.50965601523444,45.17802340910384],[-78.50972499894264,45.17803531178135],[-78.5097896743557,45.17805599998235],[-78.51045454117094,45.17832367098755],[-78.51063398548806,45.178311705427966],[-78.51069634104987,45.178311148472496],[-78.51075800830418,45.17831774210668],[-78.5109780372715,45.17835441133658],[-78.51098768632308,45.17835309979626],[-78.51106113128367,45.17829341572878],[-78.51111302202204,45.17825848923054],[-78.5111732616756,45.17823101874915],[-78.5112397215896,45.17821195649882],[-78.51131005641997,45.178201976216016],[-78.51138180610465,45.178201437226846],[-78.51168058254969,45.17821901725696],[-78.51195957652702,45.17819285831588],[-78.5120375592186,45.17819120541576],[-78.512114394731,45.17820074552407],[-78.51236439056787,45.17825074575279],[-78.51243304286876,45.17826968223898],[-78.51249525821979,45.17829754797909],[-78.51287582854057,45.17850685544029],[-78.5130465542959,45.17857799302764],[-78.51356237704236,45.178668489309366],[-78.51362561210823,45.17868383253442],[-78.51368409275369,45.17870670364155],[-78.51389409027638,45.178806704098974],[-78.51393820568919,45.17883121912308],[-78.51454531840577,45.17922290255326],[-78.51481140024408,45.1793654562057],[-78.51486817286721,45.179402853070975],[-78.5149130403197,45.17944758018898],[-78.51494415436844,45.1794977690639],[-78.51496022762343,45.179551353570595],[-78.51496059727006,45.17960612385347],[-78.51494523781544,45.179659816158],[-78.51486729336317,45.17983697291518],[-78.51487684044326,45.17986323965409],[-78.5149353848209,45.179868952939295],[-78.51493551228526,45.17986884514146],[-78.51499785510065,45.17983699986464],[-78.51506798598804,45.17981459588145],[-78.51514306249236,45.17980254049034],[-78.51522005096197,45.17980133674786],[-78.51529580302737,45.17981102956978],[-78.51536727229048,45.17983121471421],[-78.51543156531048,45.17986108369741],[-78.51548605632168,45.179899432776885],[-78.51577605047272,45.180149424937305],[-78.51579602413695,45.18016827159197],[-78.51608603103445,45.1804682639811],[-78.51612606758793,45.18052174967311],[-78.51620294133964,45.18066011717632],[-78.51652197187046,45.180925973584664],[-78.51655589013498,45.180959022603965],[-78.51673338424747,45.18116280542617],[-78.51696250142322,45.181142593332275],[-78.51703245386052,45.18114096738161],[-78.51710166700457,45.181148360516396],[-78.5171678082577,45.18116452120836],[-78.51722865974014,45.18118891046832],[-78.51779865483692,45.181468915342386],[-78.5178461098158,45.181496466672144],[-78.51824340345979,45.18176778483741],[-78.51852961191953,45.18192997566196],[-78.51858847495807,45.18197154071015],[-78.51905355414534,45.1823808131536],[-78.51928385673958,45.182493147479875],[-78.51905508371759,45.182156360096705],[-78.51903704751155,45.18212483821339],[-78.51887704150836,45.1817848348615],[-78.51886296944372,45.18174495864604],[-78.51885765418017,45.18170404038485],[-78.5188476482284,45.1812340418282],[-78.51884968765806,45.1812019450231],[-78.51899968770948,45.1801919421997],[-78.5190138235063,45.18014235519602],[-78.51904085869572,45.180095499070795],[-78.51921085790421,45.17986549442545],[-78.51924540074407,45.17982707348075],[-78.51928861115996,45.17979329682607],[-78.51978861558014,45.179463291723295],[-78.51983255254285,45.1794383185584],[-78.5201447764772,45.179286206831335],[-78.52030102228194,45.17907528240262],[-78.52034207855026,45.17903104935803],[-78.52039460661041,45.1789933201161],[-78.52045656703274,45.17896353198128],[-78.52052560172669,45.17894285276344],[-78.5205990211944,45.178932055013725],[-78.52067402122012,45.17893156992347],[-78.52074770836298,45.178941415458986],[-78.52088734556243,45.17897030527852],[-78.52094696064064,45.178952545585354],[-78.52102159101973,45.178941864616625],[-78.52109773822461,45.17894181970086],[-78.52117238135013,45.178952410838065],[-78.52124258871613,45.178973206836886],[-78.52157881418827,45.17910198033287],[-78.52177388563514,45.1790654009345],[-78.5219197558415,45.178914124640656],[-78.52195473206015,45.178788225753586],[-78.52198677659867,45.178721184483926],[-78.52217760348256,45.178447386968486],[-78.52217760348256,45.17824000190199],[-78.52218318642124,45.178194106974125],[-78.5221997822801,45.178149550536034],[-78.52222690669456,45.178107644128026],[-78.52250690764029,45.17775764252703],[-78.52256365477055,45.177703725643674],[-78.52294365150173,45.17742372975277],[-78.52299407640005,45.17739257617872],[-78.5230514353592,45.177368106070375],[-78.52311396937112,45.17735107401259],[-78.52370397637144,45.17723106807379],[-78.52376806544846,45.17722212983671],[-78.5238333781833,45.1772210069426],[-78.52389800261061,45.17722773532408],[-78.52419800271343,45.17727773555279],[-78.52427858567783,45.17729810934344],[-78.52473095666905,45.17745469468061],[-78.52475940671279,45.177456051136694],[-78.52478695175961,45.177446034921275],[-78.5249409414453,45.17726271572124],[-78.52498285172479,45.177222031022026],[-78.52503474246316,45.17718754469827],[-78.52523473403409,45.17707754599173],[-78.52530905849872,45.17704553901815],[-78.52539173187851,45.177026207273244],[-78.52634173645293,45.176886213819365],[-78.52641779443277,45.17688050951731],[-78.52649392889123,45.176885593981815],[-78.52656711892311,45.17690125161722],[-78.52663442010186,45.17692686258597],[-78.52707441430432,45.177136861749936],[-78.527138669085,45.177175453374545],[-78.52733866065593,45.177325454060686],[-78.52738652352075,45.17736974998735],[-78.5274204545317,45.1774200286938],[-78.52743898784871,45.17747414320652],[-78.52746841936798,45.17762861750277],[-78.52763043930794,45.17781764100486],[-78.52779405255232,45.17790687964518],[-78.52784484709727,45.17794019815907],[-78.52788626026577,45.17797943657068],[-78.52791692818927,45.178023301306006],[-78.5279329377121,45.178052658249484],[-78.52826063581897,45.178205075403746],[-78.52830787410845,45.178231000782844],[-78.52834879016598,45.178261812997086],[-78.52846943517673,45.17836826335826],[-78.52863962558177,45.17843208865919],[-78.528712943078,45.178467886523265],[-78.52945295012974,45.178927886830806],[-78.52950222784887,45.178964897420514],[-78.52954078581585,45.179007756042715],[-78.52959703583514,45.17908563997785],[-78.52997956910696,45.17903511872627],[-78.53005547412958,45.17903053731832],[-78.5301311624628,45.179036645862254],[-78.53020363869429,45.17905321079609],[-78.53027000938326,45.17907957634968],[-78.53032764876399,45.179114691494135],[-78.53037426247813,45.17915716384077],[-78.53040800229255,45.179205304556845],[-78.53042754257797,45.17925720023081],[-78.53043208030896,45.17931080270382],[-78.5304214625283,45.17936397398548],[-78.53039609712192,45.17941460303489],[-78.53021609196165,45.17968460067669],[-78.53018765466435,45.17972003921465],[-78.53015195189887,45.17975205517137],[-78.53015141654859,45.17975245941325],[-78.5301856917133,45.17987975967216],[-78.53019206493099,45.179918836387024],[-78.53021128655551,45.18024555365586],[-78.53026256546501,45.18050196877056],[-78.53040131041398,45.18075633572641],[-78.53082105053065,45.181082801466964],[-78.53129771622767,45.181181418518854],[-78.53135428490783,45.18119664496292],[-78.53140673648937,45.181217970967765],[-78.53167362135311,45.18134737328444],[-78.53181098968707,45.18136772012563],[-78.53251961501492,45.181318285835545],[-78.53268152023696,45.18124407600992],[-78.53278054729334,45.181211781575456],[-78.53335055513656,45.1810917846198],[-78.53344273735715,45.181080780257574],[-78.53353596478543,45.181085873705236],[-78.53395597257723,45.181145881166216],[-78.53402073721534,45.18115941877755],[-78.53408111707968,45.18118078969815],[-78.53413521295138,45.18120931120843],[-78.53418134230098,45.181244093976225],[-78.53421807752771,45.181284060023216],[-78.53426355680911,45.18134470528805],[-78.53441472953257,45.181417001702115],[-78.53447494369324,45.18145270075151],[-78.53452352035843,45.181496331924855],[-78.5345583946056,45.18154603570952],[-78.53457810059467,45.181599728014056],[-78.5345817843145,45.18165512711763],[-78.53456931830071,45.181709879434194],[-78.5344893089259,45.181919878598165],[-78.53445898515616,45.181974711763104],[-78.5342589808388,45.182244718388056],[-78.5342201297038,45.18228700208848],[-78.5341707882525,45.18232344673955],[-78.53411267725365,45.18235278571673],[-78.53404783613693,45.18237398595744],[-78.5337030705531,45.18246017930895],[-78.53372173133448,45.1826842011745],[-78.5337191438081,45.18273507276904],[-78.53370301956735,45.182784704688494],[-78.53367393220185,45.18283130928543],[-78.53352137011693,45.18302401588018],[-78.53349502323502,45.18318868605491],[-78.53356955164261,45.183617218378046],[-78.53357122142565,45.1836711172951],[-78.53355762097911,45.18372418077893],[-78.5334276200848,45.18404417864944],[-78.53340809254581,45.18408155754841],[-78.53338096813135,45.18411649302981],[-78.53306152971459,45.184464105112156],[-78.53292238962611,45.184711465208785],[-78.53292238962611,45.1849168470322],[-78.53306690871032,45.18506617398187],[-78.53340431960095,45.18511160178579],[-78.53364272892807,45.185118824240675],[-78.53406160228712,45.18503156189398],[-78.53409689716666,45.18502547131635],[-78.53454429704809,45.18496407146668],[-78.53475270126636,45.18487940525115],[-78.53504027359469,45.18464411851194],[-78.53509206236158,45.18460903031694],[-78.53515226377583,45.184581389155646],[-78.53521872368984,45.18456216520857],[-78.53528912225238,45.18455205017847],[-78.53536096116211,45.18455139440831],[-78.5354317038784,45.1845602158644],[-78.53575648305159,45.18462335844572],[-78.53608005131339,45.18464134271771],[-78.53614558073762,45.184649059246],[-78.53620822946746,45.184664662982485],[-78.53626609828403,45.184687668836915],[-78.53655610518152,45.184827662290786],[-78.53660463086096,45.184855465148836],[-78.53664609501521,45.18488846925237],[-78.53698609343222,45.18520846712288],[-78.53702160500116,45.18524890029382],[-78.53704649878944,45.1852930974058],[-78.53705997177161,45.185339693019586],[-78.53706161606178,45.18538723186442],[-78.53704161690469,45.1856072292775],[-78.5370185203638,45.185683720823945],[-78.53691852457834,45.185873723489685],[-78.53688390525988,45.18592323862815],[-78.53683571098776,45.18596673505421],[-78.53657932918676,45.18615475244317],[-78.5364661026014,45.18632459691394],[-78.53643065476463,45.18636714112579],[-78.5363848058366,45.186404421210085],[-78.53604479467317,45.18663442585543],[-78.53597300674917,45.186672649170774],[-78.53589051181947,45.18669799064494],[-78.5354615050443,45.186789268460956],[-78.53482396658649,45.187044291186965],[-78.53479221521599,45.18706193409915],[-78.53474885184286,45.187334482956345],[-78.53480375074,45.18746076811899],[-78.53484019279871,45.187492343901226],[-78.53574316302662,45.18772479196414],[-78.53618499271577,45.1878229778247],[-78.53626781905281,45.18784937032775],[-78.53633947951243,45.18788879738557],[-78.53663947961526,45.18809879654953],[-78.53668661593325,45.18813887937751],[-78.53672193630565,45.18818459464232],[-78.53674412784963,45.188234253511226],[-78.53680412532091,45.188434254426085],[-78.53681238501103,45.188487758084406],[-78.53680538721801,45.18854136055741],[-78.53678341236343,45.18859290588841],[-78.53674735269779,45.188640345918564],[-78.53669862307537,45.188681794185776],[-78.53646862639559,45.18884179312103],[-78.53641599636396,45.18887238075646],[-78.53635649600366,45.18889588966744],[-78.53629202453357,45.1889115742523],[-78.5362246086369,45.188918931454474],[-78.53600461790889,45.18892893868674],[-78.53593345456022,45.18892749239914],[-78.53586391000886,45.188916775497795],[-78.53579839333106,45.188897165275144],[-78.53573917339234,45.18886933546764],[-78.53552916312323,45.18874932952883],[-78.5354730405683,45.18870978569003],[-78.53542970268805,45.188662920581656],[-78.53536321728117,45.18857149903519],[-78.53534490065354,45.18859264537698],[-78.53529297167586,45.18863209040111],[-78.53523097301422,45.18866347753713],[-78.53504114035229,45.18874059790427],[-78.53503667909992,45.188750793782745],[-78.53505135024702,45.18889005960124],[-78.53504920884588,45.188944686153675],[-78.53503149130071,45.18899787540165],[-78.53499891141192,45.18904746240533],[-78.53495280755519,45.189091390022725],[-78.5348950789494,45.189127861623255],[-78.53482809643155,45.18915538600356],[-78.53437526656867,45.18930029324204],[-78.53407503703001,45.18947689304375],[-78.53402054601881,45.189503653856065],[-78.5339603191117,45.1895233628934],[-78.53389615355606,45.189535427267664],[-78.53382999955649,45.1895394966359],[-78.53352253004255,45.1895394966359],[-78.53318490246252,45.189567631870595],[-78.53312202429684,45.189569194939196],[-78.53305963049573,45.189563472670834],[-78.53272962528405,45.189513472442115],[-78.5326581432745,45.18949732971646],[-78.53259249913235,45.189471655865646],[-78.53253525489112,45.18943743903647],[-78.53248859019124,45.18939599975241],[-78.5324543022801,45.18934893701468],[-78.53223125240758,45.18895063300085],[-78.53174219717539,45.188795017844186],[-78.53134037854684,45.1887212212436],[-78.53082901705275,45.188739160599816],[-78.53080999937119,45.188739492976474],[-78.53007999827122,45.188739492976474],[-78.53002446205232,45.18873663633387],[-78.52944446100378,45.18867663785604],[-78.52939478814515,45.18866909200766],[-78.52820479368563,45.18842909809635],[-78.52816349523503,45.188418929167334],[-78.52756582762706,45.18824422481088],[-78.52662220901676,45.18817817168804],[-78.52656711892311,45.18817142534026],[-78.5260571212976,45.18808142313194],[-78.52598374006918,45.18806268427511],[-78.52591728015518,45.18803383937134],[-78.52556268706968,45.18784217482232],[-78.52511922583679,45.18764936042974],[-78.52506901762787,45.1876233272528],[-78.52502547580465,45.18759188621786],[-78.52461473467136,45.1872423158082],[-78.52430022912509,45.18714796575391],[-78.52422420938456,45.18711749489947],[-78.52376188342731,45.18687911795568],[-78.52375231085436,45.18688152544063],[-78.52367751477162,45.18688921501947],[-78.52360204312781,45.186886385326325],[-78.52352882760304,45.18687314415904],[-78.52346073614531,45.18685001254047],[-78.52340043275959,45.18681789776906],[-78.52335027553642,45.18677804850306],[-78.5233122146804,45.186732027811054],[-78.5232877415245,45.18668163232361],[-78.52326786983176,45.186622002155055],[-78.52288937717994,45.18648322142681],[-78.52288735049672,45.18650364013322],[-78.52286949274077,45.186551861697666],[-78.52283933467469,45.186596948141776],[-78.52211933952648,45.18745695027903],[-78.5220674105488,45.18750548625383],[-78.52174343440105,45.1877461539016],[-78.52134356597712,45.188193613727776],[-78.52130526293884,45.188229465490764],[-78.52098024158339,45.188486069251674],[-78.52096490762165,45.18852055557543],[-78.52092880971668,45.18857758062966],[-78.52087505799874,45.188627212549115],[-78.52053667837902,45.18887414145441],[-78.52035973236325,45.18908647623812],[-78.52031884179858,45.18912660398186],[-78.52026823845017,45.189160802844725],[-78.52020963034035,45.18918790501685],[-78.5201449931666,45.18920702116609],[-78.51998763842198,45.18924199258011],[-78.51948062346234,45.18969654909702],[-78.5194337165802,45.18973162830887],[-78.51881384468182,45.19011904474145],[-78.51848127743662,45.190394602954854],[-78.51842260559462,45.190433904248536],[-78.51835349442206,45.19046362051813],[-78.51817350200822,45.19052361899596],[-78.51810454379289,45.19054112716085],[-78.51803210580069,45.1905490413185],[-78.51754210733228,45.19056904679988],[-78.51747006447957,45.190567187287236],[-78.51739980612783,45.19055583258205],[-78.51733381783193,45.190535395909336],[-78.51705381688619,45.19042538821964],[-78.51700039657557,45.190400028779166],[-78.51696582824285,45.19037680732907],[-78.51691075089562,45.190441719591504],[-78.51673546191644,45.19082735735982],[-78.51668977869208,45.19110144233616],[-78.51668061400505,45.191136386800714],[-78.5164606105306,45.191746387794396],[-78.51642913958167,45.191804499810125],[-78.51595539281836,45.192445447765344],[-78.5159313020555,45.19267029608096],[-78.51591804576273,45.19272311701967],[-78.5156180456599,45.19347312045038],[-78.51558806604392,45.19352593240593],[-78.51550608097163,45.19363524839286],[-78.5155010971154,45.1936877010223],[-78.51553567819455,45.19368585049281],[-78.51589687393358,45.193541374445665],[-78.51616723857417,45.19341029227941],[-78.51629219188008,45.193300949343026],[-78.51634190297803,45.19326492690013],[-78.5164002434127,45.19323602809744],[-78.5164651865009,45.193215268031224],[-78.51653446337713,45.19320336535371],[-78.51682447027461,45.19317336162322],[-78.51689915163944,45.19317084634042],[-78.51697310645744,45.19317861676763],[-78.51703070759888,45.19319315150893],[-78.51716369115907,45.19313309913218],[-78.51724166110421,45.19310613170735],[-78.51732627194218,45.19309227070252],[-78.51741312615279,45.193092225786756],[-78.51747497185718,45.19309717550397],[-78.51768393691862,45.192943518674625],[-78.51775164598328,45.19290401975158],[-78.51882164550025,45.19241402469671],[-78.51888669055994,45.19239014747645],[-78.51895699989743,45.19237546002156],[-78.51902999873278,45.19237050132119],[-78.51911482626015,45.19237050132119],[-78.52002332844101,45.1921457248708],[-78.52013306250309,45.19213076792132],[-78.52036815775702,45.19212341970229],[-78.52045244993411,45.19209236494292],[-78.5207666368195,45.19192031959971],[-78.52081780101106,45.19183504252979],[-78.52085442151987,45.19178780012899],[-78.52090364825327,45.19174663932267],[-78.52096349276732,45.19171318606149],[-78.52103157147862,45.19168877883523],[-78.52110518214288,45.19167440579068],[-78.52166190820044,45.19160692434654],[-78.52188211561786,45.19147480013455],[-78.52194820588524,45.19144290994196],[-78.52202228816759,45.19142142224037],[-78.52231228231865,45.19136141477939],[-78.52237285337952,45.19135255739069],[-78.52243464809818,45.1913507068612],[-78.5227001563469,45.19135787541717],[-78.52275588376233,45.191336648227],[-78.52298978085133,45.19114451655403],[-78.5230480065681,45.19110576323268],[-78.52311641668672,45.19107640628919],[-78.52319199030201,45.19105773929759],[-78.523311997991,45.19103774279937],[-78.5233748889031,45.19103108628311],[-78.52343846812272,45.19103187680056],[-78.52350098938821,45.19104007841911],[-78.52403345897928,45.1911428277213],[-78.52421461131871,45.19115106527246],[-78.52429334604999,45.19116053351555],[-78.52436756854314,45.19118132053123],[-78.52443404120358,45.19121252800419],[-78.52448987059049,45.19125278151208],[-78.5245285815147,45.19129582878049],[-78.52482174952817,45.191335291770926],[-78.52488865556741,45.191348847348564],[-78.52548954802353,45.19151360735482],[-78.52583312818888,45.19157904962327],[-78.52647451607017,45.19156072399147],[-78.52655328904073,45.19156421843793],[-78.52662938525988,45.19157904962327],[-78.52691937941094,45.19165904459932],[-78.52699850928171,45.191688841717294],[-78.52705293656072,45.19172287888341],[-78.52707928344263,45.191720615128894],[-78.5271504850306,45.191723893979685],[-78.52777048439333,45.19179389968977],[-78.52783494311699,45.19180529931073],[-78.52789562889578,45.19182438851052],[-78.52806502902182,45.19189067519533],[-78.52818648980444,45.19190345822182],[-78.52824279080946,45.191912495273584],[-78.52829651703453,45.19192739832415],[-78.52870309008347,45.192065999389335],[-78.52974717609733,45.19225935277109],[-78.52978800292982,45.192268668300585],[-78.52997510785458,45.19231969260872],[-78.53047043433298,45.19238511691086],[-78.5305434204219,45.19240018165818],[-78.53061073434708,45.19242511889046],[-78.53066971210353,45.19245895842722],[-78.53071802109358,45.19250035279551],[-78.53107801866767,45.192880358127],[-78.53111884550016,45.19293688012468],[-78.53113978789347,45.19299855845208],[-78.53116978025588,45.19317856286872],[-78.53117160299614,45.19322725155711],[-78.53116097246904,45.193275383290036],[-78.53105097073183,45.19358538291144],[-78.53103219523253,45.193624962682854],[-78.53085220281869,45.193924955071985],[-78.53082579220461,45.193961094295865],[-78.53079197591158,45.19399402653418],[-78.5303719808662,45.19434402813518],[-78.53034007653848,45.19436756399562],[-78.53008007474983,45.19453756117999],[-78.5300365966588,45.1945620941704],[-78.52939659813897,45.194872093791794],[-78.52933127265771,45.19489750713118],[-78.52877127076626,45.1950675132987],[-78.52873371976766,45.1950773049353],[-78.52836555172848,45.195158117378256],[-78.5279433515498,45.195332507324366],[-78.52785439417735,45.19535925915353],[-78.52760439834049,45.19540925938224],[-78.52750000503482,45.19541949119333],[-78.5272048740703,45.19541949119333],[-78.52700015357186,45.19544603640997],[-78.52702782608306,45.195460975393146],[-78.5270724258604,45.19549507544133],[-78.52710185737966,45.19552726207796],[-78.52724756188236,45.19551305073017],[-78.5273163034083,45.19551075104304],[-78.52738450958395,45.19551716501417],[-78.527449975276,45.195532095014194],[-78.52751058457618,45.19555505595285],[-78.52756437453343,45.195585293245315],[-78.52792735477341,45.19583009314339],[-78.52799566292055,45.19584432245749],[-78.52816612100072,45.195825385971304],[-78.5289319905698,45.19569773536943],[-78.52901564542513,45.195690521897696],[-78.52909951696985,45.195696396879654],[-78.52917951359822,45.19571507285441],[-78.52925177314032,45.19574564252353],[-78.52979176312824,45.1960356456467],[-78.52985569924806,45.196079124106454],[-78.52990366408434,45.19613182826417],[-78.52999366666448,45.19626182346894],[-78.53001622785509,45.196302463252394],[-78.53002917823342,45.196345124245234],[-78.53007918249936,45.19661512188703],[-78.53008082678953,45.19667440171263],[-78.53004081572891,45.19698441031718],[-78.53002121171131,45.19704846019694],[-78.52998024466804,45.19710727289859],[-78.52985585220527,45.19724161594933],[-78.52988463365634,45.19728884038381],[-78.52990024803967,45.197341454710006],[-78.52990071965777,45.197395209896605],[-78.52986978405913,45.19762723575134],[-78.53005997362126,45.19794205034266],[-78.5302278951608,45.19799002936199],[-78.53076527212949,45.19806050219603],[-78.53103000284564,45.19806050219603],[-78.53110075830837,45.19806516445235],[-78.53116907920194,45.19807896257512],[-78.53123259468938,45.19810143842352],[-78.5312891123838,45.19813181046328],[-78.53205911179795,45.19863180376727],[-78.53210768846313,45.19866999115],[-78.5321451247438,45.198713963683154],[-78.53217006951782,45.198762140331844],[-78.53218160504183,45.198812769381256],[-78.53219161099359,45.1989227680878],[-78.53218925290305,45.19897443918294],[-78.53217295021221,45.199024834670375],[-78.53201295695548,45.19936483802226],[-78.5319741822991,45.199422923088534],[-78.53191701453646,45.199472905350945],[-78.53175702127973,45.199582913040636],[-78.53170412357295,45.19961328508039],[-78.53164440652324,45.19963655144625],[-78.53157976934949,45.19965196653653],[-78.53110977003817,45.199731961512576],[-78.53101840358946,45.19973948939466],[-78.53092711361934,45.199731422523406],[-78.53070142523472,45.19969160020686],[-78.53069645412494,45.19969288479772],[-78.53071218322617,45.20003117236741],[-78.53070877992793,45.20007694153114],[-78.53069441469528,45.200121650682824],[-78.530669520907,45.20016399726532],[-78.53045942141283,45.20044972440774],[-78.53044220097864,45.20082862481143],[-78.53042907215021,45.2008905007682],[-78.53033882738781,45.201125149703564],[-78.53031144804464,45.20139894721901],[-78.53029462274995,45.201461182501895],[-78.53019630949396,45.20168051516166],[-78.53024226039346,45.20181837062517],[-78.5302523300774,45.20187530584787],[-78.53024507735567,45.20193245666625],[-78.53022082088917,45.20198722694912],[-78.53008160432208,45.20221346765343],[-78.52998696203947,45.202694542437534],[-78.53031009692249,45.20308395313005],[-78.53034284251495,45.20313492353927],[-78.53035994823121,45.20318955907484],[-78.53036067477802,45.20324550615074],[-78.53034499666252,45.20330035728199],[-78.53031358944578,45.20335174091624],[-78.53026780424995,45.2033974471979],[-78.52990779392941,45.20368745032107],[-78.52984374309167,45.203728548245316],[-78.52976820771569,45.20375843519482],[-78.5294981999753,45.20383843017087],[-78.52942585120815,45.20385414170519],[-78.52935051977512,45.20385949566428],[-78.52927517559566,45.20385428543564],[-78.52863517707583,45.20376428322732],[-78.52853991021789,45.20374136720442],[-78.52819055591732,45.20361908852795],[-78.52802125776276,45.20359893931612],[-78.52797507742743,45.203619591584506],[-78.52791156193999,45.20363777348586],[-78.5278444647042,45.20364766393713],[-78.52777592712124,45.20364895751115],[-78.5274122458273,45.203632796819186],[-78.52717941943888,45.203698688245275],[-78.52724457921649,45.203713510447464],[-78.52731349919252,45.203741331271814],[-78.52737277011698,45.20377858440664],[-78.52768277617156,45.2040185873011],[-78.52771503739947,45.20404725254182],[-78.52808826577349,45.204429584509896],[-78.52831649069876,45.2045473805931],[-78.52867349286055,45.204666380418786],[-78.52873476497535,45.204691973421234],[-78.52878824901816,45.20472513922152],[-78.52883205851653,45.20476471000978],[-78.52886471488394,45.20480932932995],[-78.52890828220002,45.204885578331265],[-78.5292679483668,45.205094185106546],[-78.52967643338104,45.20516921239907],[-78.52972666708283,45.205181115076584],[-78.53013665617644,45.20530111203224],[-78.53020673607809,45.20532797165924],[-78.53053674128977,45.20548797059449],[-78.53060693590933,45.205531853296115],[-78.53105693606358,45.20589185314623],[-78.53109845120356,45.20593198987312],[-78.53112880046618,45.205976815805805],[-78.53114697688301,45.206024803808276],[-78.53121019920243,45.20628672559567],[-78.53130716133629,45.206458276865476],[-78.53152824825774,45.20667052181766],[-78.53156375982667,45.20671195211856],[-78.5315881692504,45.206757200259425],[-78.53160071174281,45.20680478402002],[-78.5316098254441,45.20687314581314],[-78.5317278574356,45.20697507764843],[-78.53195215645877,45.20709585613838],[-78.53200899281408,45.207133522498246],[-78.5320537965344,45.207178528093976],[-78.5320847193866,45.20722900442979],[-78.53210044848784,45.20728285843108],[-78.53210034651636,45.20733784430962],[-78.53208441347215,45.20739166237829],[-78.53205331216985,45.207442084815185],[-78.5313033119128,45.20838209091164],[-78.5312853649318,45.208402401820216],[-78.5309253673577,45.20877240890259],[-78.53091738808916,45.20878030509394],[-78.53049738029735,45.209180306923656],[-78.53042494230516,45.20923263378895],[-78.52960493862506,45.20968263584738],[-78.52958912029877,45.209690864415386],[-78.52930918308522,45.20982880072726],[-78.52938671965155,45.20981822755636],[-78.53000664253568,45.20968261788107],[-78.53006267586557,45.20967355387986],[-78.53011999658541,45.209670508591046],[-78.53030716524235,45.209670508591046],[-78.53044466104068,45.20962050836233],[-78.53049832353356,45.209604518350275],[-78.53055480298869,45.20959444823594],[-78.53172650631345,45.209451562206844],[-78.53212190073857,45.209307095142854],[-78.53224122012004,45.20920181259155],[-78.532294971838,45.20916310418596],[-78.532634970255,45.2089631032711],[-78.53270284502334,45.208931168162756],[-78.53289284338894,45.208861171435814],[-78.53297879260262,45.20883828236238],[-78.5330700060941,45.20883050295202],[-78.53336136411376,45.20883050295202],[-78.53357356676976,45.20872782551504],[-78.53364303484251,45.20870119945002],[-78.53371879965434,45.20868521842112],[-78.53379761086423,45.20868055616479],[-78.53387609066678,45.20868742827672],[-78.53395088674952,45.208705520346534],[-78.5340188125036,45.20873407778942],[-78.5342088108692,45.208834069263695],[-78.53426307244456,45.208868816098885],[-78.53430693292866,45.20891021945033],[-78.53433878627064,45.208956770148355],[-78.53435743430559,45.20900673444446],[-78.53438743941444,45.209136738632374],[-78.53439219383483,45.20918882295255],[-78.53438260851544,45.209240574896064],[-78.53435905310288,45.20929005410191],[-78.5343224071012,45.20933540105746],[-78.53427405987185,45.20937492692996],[-78.53421579591578,45.20940714051605],[-78.53409508717284,45.209461452658125],[-78.53391963249,45.20967740765243],[-78.5339045662034,45.20976021435531],[-78.53404096580827,45.20994404559506],[-78.53451672650839,45.210208356901106],[-78.53454911520065,45.21022854204554],[-78.53504840582045,45.21057709735893],[-78.53523904150782,45.21066050593306],[-78.53547681351317,45.21066050593306],[-78.53565880711736,45.210609544506994],[-78.53572812223288,45.21059530620974],[-78.53579999938192,45.21059050920612],[-78.53621000122197,45.21059050920612],[-78.53628073119184,45.21059515349614],[-78.53634901384609,45.21060894263575],[-78.5364125165871,45.210631400517855],[-78.53666251242397,45.210741399224396],[-78.53671459435888,45.210768914621546],[-78.53675929610772,45.2108022600849],[-78.53679531753407,45.210840465433925],[-78.53684942615222,45.21091002198638],[-78.53687458761563,45.21090075137265],[-78.53694127696548,45.21088627951342],[-78.537010592081,45.21088058419452],[-78.53708022585742,45.210883872028454],[-78.53714784569705,45.210896008267945],[-78.5372678406396,45.21092601199844],[-78.53733070605884,45.21094641273854],[-78.53738731297831,45.210974458141706],[-78.53743583865776,45.21100924090951],[-78.53747466429988,45.211049611198376],[-78.5375025280076,45.211094257468],[-78.53760252379305,45.21130425663197],[-78.53761694001146,45.21134464488714],[-78.53762235724649,45.21138612010381],[-78.53763096109036,45.21180786116339],[-78.53776844414224,45.211786705838456],[-78.53784743380221,45.211780507463],[-78.53792653818012,45.21178596023677],[-78.53800232848481,45.2118028126315],[-78.53807154162885,45.21183034599496],[-78.53807938068661,45.21183520588065],[-78.53809927787222,45.211830022601454],[-78.53816513870376,45.21182162335355],[-78.53847514475835,45.211801626855326],[-78.53854950746229,45.21180195024883],[-78.53862237883328,45.211812406638735],[-78.53869100564131,45.21183260974947],[-78.5387527748671,45.2118617870299],[-78.53880126230725,45.21189594996016],[-78.53897926627715,45.21193443378693],[-78.53927351773763,45.211903459875934],[-78.53935153866851,45.21190093560998],[-78.53942868009536,45.211909631301936],[-78.53950169167715,45.21192919660882],[-78.53956753976226,45.21195881406374],[-78.53962348386709,45.21199723500844],[-78.53985141562434,45.21218955532762],[-78.53994505093856,45.21219995781861],[-78.54031495249293,45.212193238420284],[-78.54057495428157,45.21186011616347],[-78.54061562815683,45.21181798517665],[-78.54081563247419,45.21164798799228],[-78.54087262178672,45.21160872263121],[-78.54093991021902,45.211578629069194],[-78.54169159300555,45.21131554845509],[-78.54196179194248,45.21114122139105],[-78.54203741654352,45.21110321367138],[-78.54250741585484,45.21092320925475],[-78.5426113375424,45.21089626877938],[-78.54288133253637,45.21085626679977],[-78.5429712968772,45.21085062537979],[-78.54341052629354,45.21085977022938],[-78.54360040994122,45.210835003677],[-78.54365029948924,45.210830862443544],[-78.54475029136863,45.21079086046394],[-78.54480700025958,45.21079176776237],[-78.54486288063224,45.21079857699223],[-78.54503916383338,45.210829685650516],[-78.54526446982494,45.21059775861047],[-78.54530241596304,45.210564646709095],[-78.54534728341554,45.21053616113144],[-78.54571727419496,45.21033616021658],[-78.54577991017835,45.21030863583627],[-78.54614259725032,45.210181694903476],[-78.54685015187759,45.20978011203886],[-78.546890009981,45.209760295203694],[-78.54726001350686,45.20960029626844],[-78.54732467617347,45.20957794618417],[-78.54774579290516,45.2094656477905],[-78.5480390246508,45.209346522200676],[-78.54807165552535,45.209334700371535],[-78.54938165767386,45.20891469306044],[-78.54941215989369,45.2089060153348],[-78.54993216347097,45.20877601114688],[-78.54999514360813,45.20876441389657],[-78.55005999747128,45.208760506225076],[-78.55031000605459,45.208760506225076],[-78.55037010549734,45.20876587815048],[-78.5503755354788,45.208748459817116],[-78.5504026726397,45.20870307692896],[-78.5504410903959,45.2086619251058],[-78.550489488611,45.20862638775316],[-78.55102947859893,45.20829639163354],[-78.55108388038508,45.20826865165756],[-78.55144613407823,45.20811611772232],[-78.55236963881352,45.207624891975506],[-78.5524127345115,45.20760503022457],[-78.55287517518666,45.20742198950228],[-78.55345873249067,45.2071301987317],[-78.55351769750068,45.20710598015163],[-78.55358183756346,45.20708954098193],[-78.5536491005029,45.20708138427916],[-78.55371734491786,45.20708179750419],[-78.5537843911679,45.20709074472442],[-78.55388439969978,45.20711074122264],[-78.55395060468508,45.20712881532616],[-78.55401092081725,45.20715519884605],[-78.55406328317375,45.207188984483885],[-78.55410588176073,45.20722900442979],[-78.55413725073818,45.20727389324454],[-78.55415630665905,45.20732209684269],[-78.55416238670873,45.2073719443578],[-78.55415528694422,45.20742172899085],[-78.55413524954783,45.20746972597648],[-78.55404295260932,45.20763303071198],[-78.55410469634225,45.207650269382285],[-78.55416709014338,45.20767855733058],[-78.55422056143975,45.20771480435229],[-78.55426309629456,45.20775764500819],[-78.55433225845287,45.207844089887985],[-78.5545095486224,45.20786378994217],[-78.55459665776172,45.20788111844399],[-78.55500665960176,45.20800111539965],[-78.55507365486605,45.208026492806425],[-78.5551321992437,45.208060718618746],[-78.55555220703552,45.208360719991035],[-78.55560548713535,45.20840854629676],[-78.55576774925758,45.208593994504014],[-78.55577714338045,45.20859806387225],[-78.55550309502004,45.208279817716544],[-78.55546393797059,45.20821792379347],[-78.55531393791918,45.20786792219247],[-78.55529851473239,45.207808579484805],[-78.55530221119864,45.20774830252924],[-78.55534220951283,45.207568298112605],[-78.55536319014544,45.207513096638394],[-78.55540020579375,45.20746224301016],[-78.55545161216759,45.20741803691503],[-78.55581160974168,45.20716803577146],[-78.55587210432394,45.20713380995914],[-78.55633209768351,45.20692381079517],[-78.5564001763948,45.20689917000693],[-78.5564738380448,45.20688457238356],[-78.55655015095334,45.20688060183],[-78.55662605597597,45.20688742004301],[-78.5570560569731,45.206957416769946],[-78.55713479170437,45.20697681139693],[-78.55720568737789,45.20700778530793],[-78.55723984782468,45.20703127625261],[-78.55728327492997,45.20703671106008],[-78.55784922940674,45.20679064453745],[-78.55794829470243,45.206760209615624],[-78.55824352763842,45.20670280726897],[-78.55832502834616,45.20666205968768],[-78.55850092915425,45.20650726199792],[-78.55869165406665,45.20612581037883],[-78.55879665920122,45.20579171794151],[-78.55881356097451,45.205752416647826],[-78.55883873518437,45.20571537910867],[-78.55897222860197,45.20555221810361],[-78.55902636271298,45.20471314671248],[-78.5589285210751,45.20423282651321],[-78.55889499795008,45.204176942319386],[-78.55877822785567,45.204110224443234],[-78.55846233294795,45.20408817978616],[-78.55839949302158,45.20408001410023],[-78.558339457311,45.2040645900268],[-78.55828389559923,45.20404232977406],[-78.5581680559946,45.20398640964763],[-78.55808994583867,45.204033957475616],[-78.55799915297955,45.20407504641671],[-78.55768914692496,45.204175046874134],[-78.557623859683,45.20419125248186],[-78.55755550055012,45.20419889714493],[-78.55748630015252,45.204197729335064],[-78.55711629662665,45.20416772560457],[-78.55705145550994,45.204158410075074],[-78.55698987748067,45.20414135106783],[-78.55693338527912,45.2041170696057],[-78.5566969261566,45.20399446753572],[-78.55593499523604,45.203756360086516],[-78.55585648994062,45.203723409881896],[-78.55544789020846,45.20350134634366],[-78.55456948236152,45.20329575790773],[-78.55449638155467,45.20327240171035],[-78.55423093703814,45.203162555717405],[-78.5536840257358,45.2030075963309],[-78.55329199636962,45.20294226186028],[-78.55320919552547,45.20292111551849],[-78.5526691927911,45.202731112852746],[-78.55259982668983,45.20269970775042],[-78.55254161371951,45.2026585469441],[-78.5519976340973,45.20218021202161],[-78.55158527416671,45.20198299588414],[-78.55153725834468,45.20195580388049],[-78.55149606186558,45.201923536395476],[-78.55136606097126,45.20180353943982],[-78.55132836976188,45.201761076076345],[-78.55130248175165,45.20171442656364],[-78.55128928919103,45.201665207869226],[-78.5512892382053,45.201615117808984],[-78.55133924247124,45.20123511247749],[-78.55135706198789,45.20117512298282],[-78.55139366975027,45.20111952624988],[-78.55176270454704,45.200693706838905],[-78.55179488929635,45.2006293425488],[-78.55173921286665,45.200552249131114],[-78.55171377098166,45.20050752201312],[-78.55170003032434,45.200460324528095],[-78.55169844976635,45.20041215686256],[-78.55170905480057,45.20036455513565],[-78.55173151401969,45.20031904648336],[-78.551981522603,45.19992905188591],[-78.55199284143761,45.19991285526134],[-78.55231091598579,45.19949392592859],[-78.55228586924028,45.19945750822697],[-78.55226177847744,45.199412691277445],[-78.55224933795652,45.199365565657644],[-78.55224893007059,45.19931764053724],[-78.55226056756608,45.19927041610275],[-78.55228390628923,45.19922540152386],[-78.5523639029176,45.19910539558506],[-78.55240220595589,45.19906008456213],[-78.55245229944688,45.199020891066276],[-78.55259418001897,45.19892968511548],[-78.55255877042151,45.1986110347179],[-78.55256513089276,45.19853680692597],[-78.55261739127776,45.19835390095097],[-78.55258817644791,45.198316728664516],[-78.55227420625192,45.198021227851804],[-78.55133538030132,45.1972856423814],[-78.5506281698278,45.19687875945662],[-78.55060281716786,45.196862796394015],[-78.54983281775371,45.19633279935954],[-78.54979892498207,45.19630615532821],[-78.54959893341115,45.19612615091158],[-78.54955888411122,45.19608179210285],[-78.54953182342894,45.19603279798725],[-78.54951877107911,45.195981037060584],[-78.54949877192202,45.19580104162711],[-78.54950013579061,45.195749074087914],[-78.54951562270958,45.1956982563923],[-78.54954465908935,45.19565048398548],[-78.54958617422933,45.1956075265486],[-78.54963450871226,45.195566635236865],[-78.54963809046059,45.19551644636194],[-78.54964859352333,45.19546584426199],[-78.54967248034322,45.19541755083231],[-78.54970888416263,45.19537330880457],[-78.54975649209872,45.19533470819681],[-78.54981358338274,45.19530314139773],[-78.54987811858501,45.195279740284576],[-78.54994775236142,45.195265358256876],[-78.55001999915709,45.19526050735434],[-78.55035999757409,45.19526050735434],[-78.550426776149,45.1952646485878],[-78.55082678478371,45.19531464881652],[-78.55091238984365,45.19533283071787],[-78.55098967148128,45.19536453226424],[-78.55108302637392,45.195413948588026],[-78.55125925858931,45.19543310965303],[-78.55132624110716,45.19538690929797],[-78.55137769846675,45.19519249590418],[-78.55135766107036,45.19514238787763],[-78.55117374275443,45.195047256289044],[-78.55111473950511,45.1950094731482],[-78.55092474113951,45.194859472462056],[-78.55088979041373,45.194827303791726],[-78.55086207966325,45.194791820338004],[-78.5506420761888,45.19445181698612],[-78.55062143970993,45.19441181500652],[-78.55060999341097,45.1943700253795],[-78.55053998998793,45.19393003055334],[-78.55053797605115,45.19388814211164],[-78.55055620345371,45.19359654897042],[-78.55051834654067,45.19343758309774],[-78.55039864476613,45.19319818207452],[-78.55008222725455,45.19289886342185],[-78.54983337859687,45.192730285575635],[-78.54932037281262,45.19253791135754],[-78.54925678084656,45.19250796152597],[-78.54920292715713,45.19246968431171],[-78.54874292105113,45.192069682482],[-78.54870065387145,45.19202422772862],[-78.54867219108128,45.19197371546019],[-78.54821218497528,45.190833717432035],[-78.5481989669218,45.190782738039665],[-78.5481998336794,45.190730923214076],[-78.54821475975523,45.190680177383676],[-78.54829215611078,45.190504287251045],[-78.5481329786259,45.190082447376774],[-78.54791690105354,45.18981235990345],[-78.54789462028452,45.1897794905472],[-78.54758857837133,45.189236503873715],[-78.54734308202615,45.188863361671004],[-78.54732393688022,45.18882792313304],[-78.5472339343001,45.188617923969076],[-78.54721765710212,45.18854441482937],[-78.5472076638968,45.188114418252326],[-78.54721304289252,45.188064750400265],[-78.54723129578797,45.1880166276505],[-78.54726181075424,45.187971693919984],[-78.54754181169997,45.18764168881721],[-78.54759538496782,45.18759246113964],[-78.54781538844227,45.187432462204384],[-78.5478673684057,45.187400895405304],[-78.54792649911937,45.187376380381195],[-78.5482264992222,45.18727637992377],[-78.54829237280018,45.18725943769751],[-78.54836152221205,45.18725125404527],[-78.54842587896422,45.18724786739665],[-78.54852771023639,45.18718603635565],[-78.54857508873664,45.187079442264036],[-78.54860155033647,45.18703456243244],[-78.54863902485644,45.186993769935384],[-78.54868627589236,45.186958367330035],[-78.54884628189554,45.18685836687261],[-78.54892803753198,45.18681929015775],[-78.54914671537716,45.18674170266666],[-78.5492305231897,45.18665189808771],[-78.54927488078478,45.18661282137285],[-78.54932873447422,45.186580203544885],[-78.54960873541994,45.18644020110785],[-78.54968432178167,45.18641082619806],[-78.54976733931522,45.18639414448324],[-78.54985354345762,45.18639101834605],[-78.5500835401374,45.18640101659516],[-78.55015925396349,45.18640973923657],[-78.55023096540887,45.18642893623419],[-78.55029579377914,45.18645783503688],[-78.55035113880152,45.18649527681792],[-78.55061018460749,45.18670966874363],[-78.55075126215415,45.18678020445974],[-78.55080848090252,45.18681531062104],[-78.55085472497004,45.186857684153],[-78.55095756321059,45.186974231577956],[-78.55107955934349,45.18702760947214],[-78.5511135158473,45.18702366586804],[-78.55111262359684,45.18701386524829],[-78.55085138540397,45.18658715650518],[-78.55069274326938,45.18641340436293],[-78.55041558477873,45.18625852582479],[-78.55014963040479,45.18613505238899],[-78.55013070194826,45.18612566499427],[-78.54924069484512,45.18565566643762],[-78.54918953065356,45.185623183356945],[-78.5491474546704,45.18558475342909],[-78.54911584351069,45.185541634295454],[-78.54886722428884,45.18511134127436],[-78.54815286306508,45.18427954623703],[-78.54814192662353,45.184265936760475],[-78.54790192399199,45.18394593888997],[-78.54788857847416,45.18392624781894],[-78.5476330761772,45.18350648305297],[-78.54719438211114,45.18315919436414],[-78.54715118444169,45.18311757541702],[-78.54712003215364,45.18307092590432],[-78.54710204693333,45.18302094364191],[-78.54709790434184,45.182969461192975],[-78.54710774458995,45.18291836501962],[-78.54715773610945,45.18276836433348],[-78.54718071793243,45.18272029548262],[-78.54721607654415,45.18267611633695],[-78.54726255004749,45.18263738996505],[-78.54755255694498,45.18243738905019],[-78.54760576056621,45.182406774465306],[-78.54766588550184,45.182383364369],[-78.54790015223747,45.18231065472991],[-78.54797436198419,45.18226378962154],[-78.54801248657238,45.18219135846018],[-78.54800357681405,45.18210672817726],[-78.54794067315551,45.182007122978554],[-78.54780363622886,45.1819133568292],[-78.54775108267584,45.18186870157643],[-78.54771331498785,45.18181714726227],[-78.54757827925155,45.18157090107659],[-78.54754711421708,45.181552198152374],[-78.54729152269509,45.18153875037257],[-78.54723468633978,45.181532704710705],[-78.54717977469622,45.18152072118482],[-78.54659597520993,45.18135855730973],[-78.54634806978845,45.18142348753847],[-78.54549978176827,45.18178979356187],[-78.5454112450282,45.18181783896504],[-78.54527123818212,45.18184784269553],[-78.54519948849745,45.181858056540314],[-78.54437948481734,45.18191805501814],[-78.54428472781682,45.18191666262945],[-78.5436047309828,45.181846665902505],[-78.54351086623275,45.1818281516245],[-78.5428926258781,45.18164360173253],[-78.5425585035678,45.18161790093225],[-78.54248244558796,45.181606447412385],[-78.542411244,45.18158437580585],[-78.5420112481117,45.181424376870595],[-78.54196118011359,45.181400472700886],[-78.54191709019365,45.18137131338676],[-78.5411424383306,45.18077095131608],[-78.54070322166068,45.18054219532898],[-78.54032871864314,45.18037367138168],[-78.53989133745992,45.18021386109263],[-78.53947689986036,45.18018848368586],[-78.53940679446583,45.180179491549865],[-78.53934027081965,45.18016148931157],[-78.5392796360266,45.18013510579168],[-78.5388422930827,45.1799024780657],[-78.53841943008936,45.179764586669585],[-78.53833303475044,45.179725752499856],[-78.5378130439196,45.179415752878455],[-78.53776110219547,45.1793780865186],[-78.53772051754525,45.17933403313706],[-78.5376928195412,45.17928527258344],[-78.53767907888388,45.179233646404064],[-78.53765157207636,45.179013595092066],[-78.53752946122553,45.17865598476061],[-78.53743192550209,45.17852593565693],[-78.53740121933929,45.17847128215504],[-78.53738806501799,45.17841323302138],[-78.53735807265556,45.177983236444334],[-78.53736062194264,45.1779361916729],[-78.5373747704859,45.17789017996405],[-78.5374847594767,45.177640178820475],[-78.5375085825644,45.17759862275543],[-78.5375418507607,45.177560426389554],[-78.53758363357585,45.177526640751715],[-78.53777363194143,45.1773966365638],[-78.53783672679651,45.17736173701501],[-78.5383383882533,45.177139853139835],[-78.53910373521853,45.176709344523076],[-78.53964780406578,45.17632072434801],[-78.53970059980107,45.17628927432991],[-78.53976057177947,45.1762650467667],[-78.53982575704994,45.176248814209515],[-78.53989401421134,45.176241124630685],[-78.5399631253839,45.17624222955848],[-78.54021313396721,45.17626222605671],[-78.54030800568566,45.176278665226405],[-78.54072199715998,45.17639157447447],[-78.54197734259363,45.17659281506442],[-78.54225594143146,45.17660787082858],[-78.54268967713418,45.17652901671294],[-78.54296382746607,45.176411517073774],[-78.54254643269351,45.17644750358406],[-78.54247342111172,45.17644884207383],[-78.54240139100546,45.176440379943855],[-78.54233295539396,45.17642242262133],[-78.54227061257858,45.176395616893245],[-78.5422166314248,45.176360959889585],[-78.54203663901096,45.17622095745256],[-78.54198690242016,45.176172349612536],[-78.54195363422384,45.17611720203724],[-78.54181362737776,45.175787196934465],[-78.54180011615627,45.175740807933195],[-78.54172213346469,45.17526315573032],[-78.54147574486903,45.17443532226339],[-78.54146761264326,45.17438019265441],[-78.54147564289755,45.17432505406227],[-78.54149951697099,45.17427223312356],[-78.54162950511888,45.174062233959596],[-78.54166584520611,45.17401635699804],[-78.54171411595685,45.17397631010267],[-78.54177249463083,45.17394362939263],[-78.54183877609475,45.17391956352617],[-78.54191041106151,45.173905001835415],[-78.54233774805365,45.173849261372034],[-78.54291661466947,45.173697428122715],[-78.5429544715825,45.17368904684111],[-78.54328447679418,45.17362904836329],[-78.54335538521414,45.17362106234041],[-78.54401538289106,45.17359106759307],[-78.54409372248283,45.17359317863399],[-78.54449371837111,45.17363318061359],[-78.54458266299712,45.1736499611431],[-78.54466332244012,45.173681240481294],[-78.54533073854242,45.17401964483197],[-78.54587868230603,45.174161057624],[-78.54641501406701,45.17424725097551],[-78.54649857969727,45.174268109856406],[-78.54675858148592,45.17435811206472],[-78.5468089936378,45.174379078743456],[-78.54685428172266,45.174405219718224],[-78.54724461581293,45.17466828236603],[-78.54746588118448,45.17471130268498],[-78.54806834145215,45.174720573298714],[-78.54813230306483,45.17472537030233],[-78.54819421250141,45.17473765027226],[-78.54868888891161,45.174868319213495],[-78.55030165713941,45.17505402793218],[-78.550354988225,45.175062984135565],[-78.55080498837923,45.17516297560984],[-78.55084376303562,45.17517325233669],[-78.55126377082743,45.17530325652461],[-78.55135221834244,45.17534147085679],[-78.55161222013109,45.17549146255978],[-78.55166964282242,45.17553256946718],[-78.55187667042567,45.17571659833629],[-78.5523826401776,45.17585995148933],[-78.55242875678076,45.17587562709104],[-78.55337874860874,45.176255623439374],[-78.5534421621247,45.176287405834124],[-78.55349512356365,45.17632756951048],[-78.55353546603159,45.17637445258515],[-78.5535614942526,45.17642613266345],[-78.55365149683274,45.17668613205613],[-78.55366225482419,45.1767427888011],[-78.55365581787433,45.176799777922724],[-78.55363769244323,45.17686774445712],[-78.55373994434775,45.17703136360297],[-78.55376569214721,45.1770897810459],[-78.55377209085776,45.17715078563684],[-78.55375879632567,45.17721123327231],[-78.55364346657846,45.17750779409706],[-78.55367752505376,45.177619706215154],[-78.55376256927053,45.1777047497231],[-78.55379797886799,45.177748273098615],[-78.55382133033758,45.17779565922985],[-78.55397133038899,45.178225664790055],[-78.5539822540841,45.17828263594537],[-78.5539757661485,45.178339948460504],[-78.55395218524308,45.17839498823796],[-78.55391256932195,45.17844524897811],[-78.55381676711373,45.17854104532],[-78.5537991005543,45.17863530554277],[-78.55377848956832,45.178693785867765],[-78.55373996984063,45.17874756800382],[-78.5536914824005,45.17879978707129],[-78.5537373313285,45.17899626659023],[-78.55374212398821,45.1790500666926],[-78.55373164641834,45.17910345356994],[-78.55373132775745,45.17910438781783],[-78.55394477956412,45.179052635874314],[-78.55429053936992,45.17891904740841],[-78.55434701882503,45.17887009820858],[-78.55440509158457,45.17873944723365],[-78.55443175712736,45.178694288924326],[-78.55446956305467,45.178653280831604],[-78.5545172602158,45.17861776144527],[-78.5548072671133,45.17843775702864],[-78.55488211418178,45.1784014381417],[-78.55515210917575,45.17830143768427],[-78.55523168517175,45.1782795637071],[-78.55555168443166,45.17821956522928],[-78.55564999768765,45.17821050122806],[-78.55605000632238,45.17821050122806],[-78.55611878608762,45.178214902972954],[-78.55618532248025,45.17822794651088],[-78.55663532263448,45.178347943466534],[-78.55669517989496,45.1783682543751],[-78.55674913555588,45.17839555417659],[-78.55679557081992,45.17842901642092],[-78.55683309632565,45.17846764397814],[-78.55695310401464,45.17861764466428],[-78.55697732224183,45.17865403541644],[-78.55699361218623,45.17869256415898],[-78.55710952826946,45.17906706281777],[-78.55735317638153,45.17934276476162],[-78.55737225779528,45.17932003738493],[-78.55742414853366,45.179279712011834],[-78.55748649134904,45.17924756130781],[-78.55755673695435,45.17922488783004],[-78.55780673279124,45.179164889352215],[-78.55788393795025,45.17915246565183],[-78.55796311880675,45.17915151343763],[-78.5580408720625,45.17916207762538],[-78.55811387089786,45.17918370905742],[-78.55817899243615,45.17921546450271],[-78.55853210693515,45.17942897607944],[-78.55887264070245,45.17947540999648],[-78.55895917625216,45.17949496632021],[-78.55903672556494,45.17952835669932],[-78.55933658545698,45.17969494028561],[-78.5598436004166,45.1797946802316],[-78.56037410705662,45.17983746698859],[-78.56081549062054,45.17977567188019],[-78.56089060536416,45.17977050656731],[-78.56096569461492,45.1797758425601],[-78.5610378394391,45.17979146426289],[-78.561477846388,45.17992145946765],[-78.56155767731272,45.17995347542438],[-78.56162436666256,45.17999798694671],[-78.56182437097992,45.180167993114225],[-78.56186867758926,45.180214876188906],[-78.56189818558714,45.180267230003665],[-78.56191160758358,45.180322772837684],[-78.56194209705698,45.180658069017475],[-78.5621382646973,45.18079061543765],[-78.56226943826367,45.18081844524515],[-78.56369875979365,45.18051216464903],[-78.56376214781675,45.180502624540715],[-78.56408204510517,45.18047419286197],[-78.56415939047498,45.180419593259],[-78.56421027424497,45.18038943681491],[-78.56426779890779,45.180365945870236],[-78.56433023094823,45.18034983907719],[-78.56437049693756,45.180342167464666],[-78.56452483077699,45.180114022331956],[-78.56456006192434,45.180072160839714],[-78.56460540099495,45.1800354377109],[-78.56465938214873,45.180005065671146],[-78.56472023363118,45.17998203286726],[-78.5649202252021,45.179922034389435],[-78.56499774902201,45.17990536165776],[-78.56558775602232,45.179825357698554],[-78.56568354548412,45.17982101883574],[-78.5659135421639,45.17983101708485],[-78.56597245618816,45.179836847151044],[-78.56602938176852,45.1798490462726],[-78.56627557916765,45.17991695890808],[-78.56666892141668,45.17995272083954],[-78.56676250574515,45.179969914594075],[-78.56729250252775,45.18011991528022],[-78.56735251274546,45.18014140298182],[-78.56755094925127,45.180228719227436],[-78.56809931364724,45.180324461670416],[-78.56835504538003,45.18034638056335],[-78.56867563097596,45.1802888434694],[-78.56876744354992,45.18028050710356],[-78.5688594090811,45.18028797210357],[-78.56944941608141,45.180387972561],[-78.5694749981772,45.18039297617713],[-78.56987639617337,45.180482178884844],[-78.57012704207845,45.18048933845766],[-78.5707396230158,45.18039652452251],[-78.57078361096426,45.18039280549723],[-78.57055595962858,45.18022795565944]],[[-78.50229372515162,45.164440019625275],[-78.50218372341439,45.16437002289834],[-78.5021343182309,45.16433153008841],[-78.50216429784689,45.16442809898145],[-78.50231949844394,45.164453135028424],[-78.50229372515162,45.164440019625275]],[[-78.50152702706423,45.16404839907717],[-78.50147628350503,45.1640216292817],[-78.50126088149375,45.16388700775322],[-78.5011613955657,45.16388529197103],[-78.50142337305182,45.164089047843774],[-78.50143382512883,45.1640995581326],[-78.50153802723796,45.16405692408921],[-78.5015446043986,45.16405479508199],[-78.50152702706423,45.16404839907717]],[[-78.5095152308558,45.17454834829244],[-78.50946915249195,45.17454939033817],[-78.50909017547558,45.17454180855717],[-78.50885724711567,45.174650504706555],[-78.50913678918972,45.174650504706555],[-78.50971161518551,45.17453553831649],[-78.5095152308558,45.17454834829244]],[[-78.50901761001903,45.17650000112926],[-78.50902750125287,45.176439104336154],[-78.50905665235057,45.17638136961284],[-78.50911337398796,45.1762998295345],[-78.50908274430377,45.176319915864255],[-78.50900492731584,45.176487505563664],[-78.50900881497863,45.17655348682128],[-78.50901761001903,45.17656642256137],[-78.50901761001903,45.17650000112926]]],[[[-78.5115785983203,45.165236681551846],[-78.51164535140232,45.165230698772056],[-78.51171257610245,45.16523306134125],[-78.512632575568,45.165323063549565],[-78.51269589985893,45.165333178579665],[-78.51327588816103,45.16546318276758],[-78.51332349609713,45.165476379019104],[-78.51392349630278,45.16567637993396],[-78.51398476841759,45.16570197293641],[-78.51403823971395,45.1657351387367],[-78.51408206195876,45.16577470952496],[-78.51411470557973,45.165819328845124],[-78.51415470389392,45.16588932557207],[-78.51417502171189,45.165937322557696],[-78.5141823764051,45.165987125157045],[-78.51417652579127,45.16603703555423],[-78.51415767381336,45.166085320000754],[-78.5139376703389,45.16649532007958],[-78.5139081878339,45.166538313449074],[-78.51386840620911,45.16657694998945],[-78.51365840868642,45.16674695615696],[-78.51360789456307,45.16678099332308],[-78.51354943941047,45.16680797871422],[-78.51348499343325,45.16682702299824],[-78.51321499843928,45.166887021476064],[-78.5131399346814,45.16689801685514],[-78.5130632776191,45.16689825041712],[-78.5129880991433,45.16688769521253],[-78.51261192634271,45.16680655937607],[-78.51221056658585,45.16692772414159],[-78.51215161432228,45.16694164802849],[-78.51192161764249,45.1669816500081],[-78.51185374287415,45.16698897127766],[-78.5117851033197,45.16698763278789],[-78.51154510068815,45.16696762730651],[-78.51144272131928,45.16694870878663],[-78.51110272290228,45.1668487083292],[-78.51101473425892,45.16681245232433],[-78.510814742688,45.16670245361779],[-78.51076289018893,45.16666800322665],[-78.51072101814874,45.16662737242634],[-78.51069056691465,45.16658197157189],[-78.51055676758259,45.16632224167379],[-78.51035917234151,45.16620933242572],[-78.51030879842894,45.16617466643891],[-78.51026829025734,45.16613408055437],[-78.51023903718817,45.1660889491945],[-78.51022202069696,45.16604079949527],[-78.51021780162685,45.165991266390506],[-78.51022655842795,45.165942038712934],[-78.51027656269389,45.16578203977768],[-78.5103012142999,45.16572951528302],[-78.51034057529232,45.16568165304468],[-78.51039297588811,45.16564045630575],[-78.51045621095398,45.165607676781036],[-78.51052760373847,45.16558467990976],[-78.51088836609868,45.16549878300229],[-78.5111185922143,45.16537545329694],[-78.51120435023147,45.16534082324274],[-78.51151434353962,45.16525082103442],[-78.5115785983203,45.165236681551846]],[[-78.51135000374842,45.165589997936245],[-78.51107000280268,45.165739998622385],[-78.51064999501087,45.165839999079815],[-78.51060000349136,45.16599999801507],[-78.51088000443708,45.16615999695032],[-78.5110500036456,45.166490002053095],[-78.51124999521652,45.16660000075964],[-78.51158999363352,45.166700001217066],[-78.51182999626506,45.16671999771529],[-78.51206000569128,45.166679995735684],[-78.51259000247389,45.16651999680043],[-78.5131000000994,45.16663000449012],[-78.51336999509336,45.16656999702915],[-78.51358000536248,45.16639999984478],[-78.5137999960905,45.165989999765955],[-78.51375999777632,45.16592000303902],[-78.51315999757067,45.16572000212416],[-78.51257999652212,45.165589997936245],[-78.51165999705657,45.16549999572793],[-78.51135000374842,45.165589997936245]]],[[[-78.5174468277279,45.16614066520541],[-78.51751989029543,45.16614382727521],[-78.51759076047607,45.166156754032144],[-78.51765683799702,45.16617895140282],[-78.51771570103556,45.166209619886615],[-78.51776519544408,45.16624762760629],[-78.51780349848237,45.16629158217314],[-78.51782922078894,45.166339884585966],[-78.51784141912758,45.166390747197354],[-78.51783963462664,45.16644232846097],[-78.51777963715536,45.166792321078816],[-78.51776792318125,45.16683344595252],[-78.51774729944883,45.16687278317881],[-78.51757730024032,45.16713278257149],[-78.51753867854116,45.16717906377493],[-78.51748782026404,45.16721902083877],[-78.51742673934575,45.167251090694414],[-78.51735784486259,45.167273988751006],[-78.51719783885942,45.167313990730605],[-78.51713014254118,45.167326135953246],[-78.51706044503258,45.16732941480404],[-78.51699106618487,45.167323692535675],[-78.51692431310286,45.167309166777535],[-78.51686242915915,45.16728633160301],[-78.51680746652984,45.1672559505801],[-78.51676127344807,45.16721902083877],[-78.51648127250233,45.16694902319698],[-78.51644539128678,45.16690680237862],[-78.51642099460948,45.166860682871935],[-78.51640891098874,45.16681221876236],[-78.51640953556408,45.16676300006794],[-78.51642953472118,45.16662300661406],[-78.5164428037604,45.16657478504961],[-78.51646827113827,45.1665290697848],[-78.51650508284361,45.16648736998931],[-78.51655202796506,45.166451069068685],[-78.51660753869109,45.16642137974854],[-78.516669779535,45.166399281192554],[-78.51672020443331,45.16638526747412],[-78.5167538295298,45.16634156443555],[-78.51679969120427,45.16629459152934],[-78.51685855424279,45.16625547888187],[-78.51692776738685,45.16622596024163],[-78.51700425874549,45.166207365115255],[-78.5173742495249,45.166147366637425],[-78.5174468277279,45.16614066520541]],[[-78.51709000401621,45.16646999657172],[-78.51698999548431,45.16660000075964],[-78.51681000307047,45.16665000098835],[-78.51679000391339,45.16679000342538],[-78.51707000485911,45.16706000106718],[-78.51722999811585,45.16701999908757],[-78.51739999732436,45.16675999969489],[-78.51745999479563,45.16640999809389],[-78.51709000401621,45.16646999657172]]],[[[-78.53250161704818,45.16970133546338],[-78.53256044184741,45.16967011900726],[-78.53262665957914,45.16964741858003],[-78.53269783567424,45.16963408758121],[-78.53277131887414,45.16963062008421],[-78.53284436869522,45.16963715083633],[-78.53291429563966,45.169653419326124],[-78.53297851218105,45.16967884164866],[-78.53303460924309,45.1697124566066],[-78.53325461271754,45.16987245554185],[-78.53330442578697,45.1699173443566],[-78.53333973341293,45.16996861120986],[-78.53335895503747,45.17002396539767],[-78.5333612366494,45.170080927569835],[-78.53334647627725,45.17013695549411],[-78.5333153239892,45.17018953388769],[-78.53324532056617,45.170279536096004],[-78.53320704302075,45.17031971773866],[-78.53315918015595,45.17035441965808],[-78.53310329978329,45.170382527943325],[-78.53304117365731,45.1704031442791],[-78.53297481571478,45.17041559492893],[-78.5326448105031,45.17045559690854],[-78.53256852308743,45.17045936983273],[-78.53249269454342,45.17045238093982],[-78.53242035852271,45.170434881758084],[-78.53235440846612,45.1704075999229],[-78.53229747013933,45.17037161341263],[-78.53225185064714,45.17032835054854],[-78.53221934723696,45.17027956304546],[-78.53217934892277,45.17019956806941],[-78.532161554899,45.1701486335928],[-78.53215810061502,45.17009622587912],[-78.5321691262816,45.170044348171466],[-78.53219419851997,45.16999495879715],[-78.53223237409391,45.16994992625195],[-78.53245236482192,45.16973992708798],[-78.53250161704818,45.16970133546338]],[[-78.53253999656508,45.17010999705243],[-78.53257999487926,45.17019000101163],[-78.53291000009094,45.170149999032034],[-78.53298000351398,45.17005999682372],[-78.53276000003953,45.169899997888464],[-78.53253999656508,45.17010999705243]]],[[[-78.53857740940931,45.209890874313395],[-78.53864422622351,45.20986387993911],[-78.53871737801609,45.209846874830774],[-78.53879388212117,45.209840541708026],[-78.53887062840852,45.209845141082276],[-78.53894450674791,45.209860493290485],[-78.53901253447347,45.20988596052879],[-78.53907192011584,45.20992052770092],[-78.53912029283806,45.20996277546873],[-78.53915565144978,45.21001099703319],[-78.5391765938431,45.21006323406696],[-78.53926659642322,45.21042323391707],[-78.53927229407984,45.21047610875469],[-78.53926319312498,45.21052875003034],[-78.53923965045885,45.21057910958517],[-78.53920257107836,45.21062524705816],[-78.53912257445,45.210705251017366],[-78.5390741762349,45.210744848755084],[-78.53901583580023,45.210777116240095],[-78.53894977102571,45.2108008497299],[-78.5388784419734,45.21081514192607],[-78.53848843929045,45.21086514215478],[-78.53841053307747,45.21086940915238],[-78.538333022004,45.210862429242624],[-78.53825913091816,45.2108444898864],[-78.53819196995022,45.2108163366854],[-78.53813433056948,45.210779146432635],[-78.53808862185225,45.210734482196706],[-78.53805674301739,45.2106841945071],[-78.53804004518706,45.21063039440474],[-78.53803921666876,45.21057532767782],[-78.53805428295537,45.210521285030325],[-78.53818428384969,45.21022128365804],[-78.53821854626796,45.210165615059886],[-78.53826960848804,45.21011675569159],[-78.53851960432492,45.20992675302584],[-78.53857740940931,45.209890874313395]],[[-78.53855000457327,45.21030000302639],[-78.53842000367895,45.21060000439868],[-78.5388100063619,45.21055000416996],[-78.53889000299027,45.210470000210755],[-78.53880000041013,45.21011000036064],[-78.53855000457327,45.21030000302639]]],[[[-78.54224574428318,45.17081042246261],[-78.54231372102299,45.17079592365393],[-78.5423843235285,45.17079053376222],[-78.54245512997697,45.170794441433706],[-78.54252369305281,45.17080751192109],[-78.54258764191906,45.17082928708358],[-78.54264477144237,45.17085903030264],[-78.54291476643634,45.171029027487],[-78.54296136740405,45.17106410669884],[-78.54299837030591,45.171104468004565],[-78.54302462796278,45.17114881783014],[-78.54303928636345,45.17119574582058],[-78.54305928552054,45.17130574452712],[-78.54306166910395,45.17135655323959],[-78.5430504777337,45.17140676008082],[-78.54302609380284,45.17145460435285],[-78.54290641752117,45.171634114696076],[-78.54291197496698,45.171717352590306],[-78.54290785786837,45.17177138625465],[-78.54288850877948,45.17182375803571],[-78.54285470523288,45.17187233892627],[-78.54280779835072,45.17191518856533],[-78.54274970009833,45.17195057320437],[-78.54268275581977,45.171977055538946],[-78.54260962952006,45.17199358454017],[-78.54253330386507,45.17199948647159],[-78.54245685074574,45.17199451878807],[-78.54238334205297,45.171978888102124],[-78.54197334021292,45.17185888216332],[-78.54190578410548,45.17183323526196],[-78.54184685733478,45.171798605207755],[-78.54179893073778,45.17175637540625],[-78.54176392902626,45.17170825265648],[-78.54166392049437,45.171528257222995],[-78.54164423999816,45.17147999074278],[-78.54163761185177,45.17142999949722],[-78.54164423999816,45.17138000825166],[-78.54166392049437,45.1713317507546],[-78.54181392054578,45.17106174412965],[-78.54185045182955,45.17101198644606],[-78.54190077475637,45.17096861578414],[-78.5419627351787,45.17093352758915],[-78.54218273865315,45.17083352713172],[-78.54224574428318,45.17081042246261]],[[-78.54217000496422,45.17116000185543],[-78.54202000491281,45.17142999949722],[-78.54212000069828,45.171610003913855],[-78.54253000253831,45.1717300008695],[-78.54251999658655,45.17158000018336],[-78.54268000258973,45.171339997288904],[-78.54266000343263,45.17122999858236],[-78.54238999569223,45.171060001398],[-78.54217000496422,45.17116000185543]]]]}},{"type":"Feature","properties":{"lake":"Redstone Lake","lake_part":0,"zone":"no-sports","label":"30\u2013200 m \u00b7 not suitable for water sports","min_m":30,"max_m":200},"geometry":{"type":"MultiPolygon","coordinates":[[[[-78.57073962620241,45.180396525564554],[-78.57012703625333,45.180489342221605],[-78.56987640016301,45.18048218118454],[-78.56947499386891,45.18039297978836],[-78.56944941457733,45.18038797641477],[-78.56885941457482,45.180287976415485],[-78.56876744492654,45.180280511433445],[-78.56867562503612,45.18028884190633],[-78.5683550501217,45.180346380985554],[-78.56809931926841,45.18032446120329],[-78.56755095399295,45.18022871488857],[-78.56735251110118,45.180141400008395],[-78.56729250134234,45.180119917310414],[-78.56676250133488,45.17996991730699],[-78.56666892083034,45.179952719914276],[-78.56627557628696,45.17991696131556],[-78.56602938197247,45.17984904564378],[-78.56597246202604,45.17983684626171],[-78.56591354600057,45.17983101679739],[-78.56568354600672,45.17982101679656],[-78.56558775377896,45.1798253589562],[-78.56499775377642,45.17990535896281],[-78.56492022850342,45.17992203636573],[-78.56472022850711,45.17998203636171],[-78.56465938051718,45.18000506856372],[-78.56460540392663,45.18003543907634],[-78.56456005968097,45.18007215708476],[-78.564524827157,45.180114024667574],[-78.56437049308812,45.18034217067165],[-78.56433022969907,45.18034983988567],[-78.56426780150807,45.18036595001147],[-78.564210275953,45.180389436850845],[-78.5641593918516,45.18041959049219],[-78.56408204456982,45.18047418857701],[-78.56376214907864,45.18050262373223],[-78.56369875962795,45.18051216059763],[-78.56226943793226,45.18081844381683],[-78.56213826172737,45.18079061856379],[-78.56194209272319,45.180658071937],[-78.56191161062998,45.18032276910069],[-78.56189818990818,45.180267233462175],[-78.56186868002384,45.18021487758129],[-78.56182437052105,45.180167989296386],[-78.56162437052473,45.17999798930029],[-78.56155767537525,45.17995347936798],[-78.56147784366027,45.17992146240515],[-78.56103784365817,45.17979146240337],[-78.56096570077145,45.179775839011754],[-78.56089060903514,45.179770505758825],[-78.56081549357772,45.179775670406954],[-78.56037410455832,45.17983746486856],[-78.55984360090096,45.179794682315695],[-78.55933657955536,45.17969494041137],[-78.55903672912119,45.17952835683407],[-78.5589591807389,45.17949496508952],[-78.5588726419261,45.17947541276329],[-78.55853210573699,45.17942897600757],[-78.5581789940677,45.179215466622736],[-78.55811387602192,45.17918370726078],[-78.5580408720625,45.17916208182051],[-78.55796311312184,45.17915151773158],[-78.55788393406259,45.1791524680683],[-78.55780673063708,45.17916489207411],[-78.55755673063213,45.17922489207907],[-78.55748649230503,45.17924755884643],[-78.5574241515928,45.179279712218445],[-78.55737225279867,45.17932003992717],[-78.55735317127021,45.17934276783386],[-78.55710952327287,45.17906706089538],[-78.55699360735534,45.17869256329659],[-78.55697732813069,45.17865403622493],[-78.55695309832973,45.17861764434089],[-78.55683309832683,45.178467644337466],[-78.55679557468208,45.17842901800196],[-78.55674913286637,45.17839555059231],[-78.55669517413358,45.178368251904736],[-78.55663532653489,45.17834794559554],[-78.55618532653361,45.1782279455946],[-78.55611878527185,45.17821490131107],[-78.55605000000014,45.17821050541421],[-78.55564999999476,45.17821050541421],[-78.55555168477582,45.1782195648969],[-78.55523168477661,45.178279564901864],[-78.55515211052686,45.17830144196923],[-78.5548821105363,45.178401441968525],[-78.55480726517584,45.17843775831323],[-78.55451726517417,45.178617758310146],[-78.55446956301643,45.178653280301596],[-78.55443175587821,45.178694293281154],[-78.55440508897155,45.17873944647009],[-78.55434702253424,45.17887009594482],[-78.55429054195744,45.178919045773476],[-78.55394477503914,45.179052637536195],[-78.5537313225824,45.17910438358676],[-78.55373164265814,45.17910345244704],[-78.55374212639728,45.179050062811875],[-78.55373732533768,45.178996270668584],[-78.55369147958353,45.17879978885894],[-78.55373996750804,45.17874757109403],[-78.55377849260196,45.178693781843315],[-78.55379909757164,45.178635304680384],[-78.55381677133279,45.178541044646266],[-78.55391256831498,45.178445247657585],[-78.55395218232414,45.17839498779779],[-78.55397576748688,45.1783399496373],[-78.5539822503494,45.17828263812828],[-78.55397133588271,45.178225661672904],[-78.55382133588229,45.17779566167327],[-78.55379798143002,45.17774827113131],[-78.55376256831455,45.17770475234618],[-78.55367752303982,45.17761970707754],[-78.55364346314967,45.177507795974535],[-78.55375879275667,45.177211234107745],[-78.55377208666418,45.17715078622075],[-78.55376569563973,45.1770897826449],[-78.55373994897472,45.177031366235035],[-78.55363768788001,45.17686774849056],[-78.55365581382097,45.17679977618],[-78.55366225618806,45.17674279022044],[-78.55365149817112,45.17668612867847],[-78.55356149817851,45.17642612867493],[-78.55353546394117,45.17637445594485],[-78.55349512776996,45.17632756663587],[-78.55344215953717,45.1762874019534],[-78.553378752114,45.17625562466108],[-78.55242875210281,45.175875624665586],[-78.5523826376538,45.17585995590904],[-78.55187667382896,45.17571659948613],[-78.55166964063002,45.175532569979225],[-78.55161222190284,45.17549146662915],[-78.5513522218987,45.175341466625724],[-78.55126376728391,45.175303254081186],[-78.55084376728018,45.17517325407942],[-78.5508049938602,45.175162979787004],[-78.55035499387166,45.17506297978772],[-78.55030166213602,45.17505403227104],[-78.54868888785366,45.174868318872136],[-78.54819420777248,45.17473764866428],[-78.5481322992409,45.17472536615212],[-78.54806834550551,45.17472056959765],[-78.54746587484951,45.17471130082547],[-78.54724461585117,45.174668278242756],[-78.5468542770957,45.17440522386844],[-78.54680899551151,45.174379077279205],[-78.54675858167711,45.17435810812112],[-78.54649858167298,45.17426810812266],[-78.54641501899988,45.17424725072399],[-78.54587868823312,45.174161054695496],[-78.54533074214966,45.17401964926067],[-78.54466332280977,45.17368123944823],[-78.54458265668762,45.173649961295816],[-78.54449372066547,45.17363317806238],[-78.54409372067283,45.17359317806805],[-78.54401538806611,45.173591064197446],[-78.5433553880566,45.17362106419094],[-78.54328447539207,45.173629049584996],[-78.54295447539369,45.17368904958996],[-78.5429166200612,45.17369743076376],[-78.54233774909886,45.173849265764794],[-78.54191040950644,45.173905005716136],[-78.54183877090695,45.17391955909748],[-78.54177250092756,45.17394363265352],[-78.54171411873557,45.17397631124353],[-78.5416658436638,45.17401635265019],[-78.54162951080379,45.17406223474113],[-78.54149951080171,45.17427223474053],[-78.54147564029728,45.17432505024443],[-78.54146760702208,45.17438019039066],[-78.54147575083437,45.17443532247899],[-78.54172212975548,45.17526315561354],[-78.54180011340304,45.17574080548079],[-78.54181363201747,45.17578719900958],[-78.54195363201872,45.176117199009916],[-78.54198689701566,45.17617234983711],[-78.54203663305837,45.176220956329665],[-78.54221663305634,45.17636095632327],[-78.5422706116226,45.17639562074702],[-78.54233295624798,45.176422421228935],[-78.54240139315961,45.17644038033013],[-78.54247342636324,45.176448843061976],[-78.54254642875486,45.17644750077233],[-78.54296382954374,45.17641151795413],[-78.54268967280038,45.176529013703586],[-78.54225594589272,45.17660787313725],[-78.5419773378902,45.17659281324982],[-78.54072200171045,45.176391576145335],[-78.54030800543073,45.17627866807407],[-78.54021313004131,45.17626222509551],[-78.53996313003636,45.17624222509386],[-78.53989401799703,45.17624112821496],[-78.53982575509974,45.17624881857533],[-78.53976057231482,45.17626504485329],[-78.53970059992854,45.1762892767374],[-78.53964779794748,45.176320722272905],[-78.53910372978855,45.17670934239407],[-78.53833838417442,45.177139849295045],[-78.53783672636312,45.17736173640416],[-78.53777363642818,45.17739664066012],[-78.53758363643104,45.17752664066189],[-78.53754184943507,45.17756042609311],[-78.53750858533037,45.17759862504614],[-78.53748476412915,45.177640181012364],[-78.53737476412543,45.17789018101508],[-78.5373606278315,45.17793619209511],[-78.53735806833453,45.17798323483635],[-78.53738806833206,45.17841323483598],[-78.53740122555955,45.178471281211806],[-78.53743192782194,45.1785259362588],[-78.53752946655354,45.17865598788674],[-78.53765157482958,45.17901359070829],[-78.53767908217246,45.179233649467314],[-78.53769282554478,45.179285271891736],[-78.53772051573526,45.17933403518522],[-78.53776110094633,45.17937808709352],[-78.53781303959856,45.179415754360676],[-78.53833303959408,45.17972575435937],[-78.53841942467213,45.17976458253734],[-78.5388422935798,45.17990247457125],[-78.53927963769638,45.18013510441725],[-78.53934026911163,45.18016149240177],[-78.53940679498844,45.180179493768705],[-78.53947690498443,45.180188483380434],[-78.53989133618528,45.18021385671784],[-78.54032871525258,45.180373668300454],[-78.54070321760732,45.1805421943588],[-78.54114243481257,45.180770953319325],[-78.54191709067801,45.181371311617085],[-78.54196118332568,45.18140047507244],[-78.54201124789502,45.18142437532549],[-78.54241124788766,45.18158437532974],[-78.54248244658218,45.181606444447944],[-78.54255850890856,45.18161790350143],[-78.542892624476,45.18164360469697],[-78.54351086003798,45.181828152630615],[-78.54360473184957,45.18184666492334],[-78.54428473185745,45.18191666492015],[-78.54437948929134,45.181918053724566],[-78.54519948928771,45.1818580537196],[-78.54527124034902,45.18184783939871],[-78.54541124035026,45.18181783940521],[-78.54549978028969,45.1817897903459],[-78.54634806787648,45.18142348433148],[-78.54659597863872,45.18135855532445],[-78.54717977985852,45.18152072232568],[-78.54723468718105,45.181532701970845],[-78.54729152205776,45.18153874620439],[-78.54754710966661,45.18155219818831],[-78.54757827657481,45.18157089833673],[-78.54771331845488,45.18181715116096],[-78.5477510874685,45.18186870101049],[-78.5478036364328,45.1819133593355],[-78.54794067041502,45.18200711942123],[-78.54800357996241,45.18210672620995],[-78.54801248821666,45.18219135459742],[-78.54797436630523,45.18226378620794],[-78.54790015232669,45.18231065819741],[-78.54766589102105,45.182383359985224],[-78.54760576460683,45.18240677113256],[-78.54755255157873,45.18243738587914],[-78.54726255157706,45.18263738587771],[-78.54721607604704,45.18267611692085],[-78.54718072166713,45.18272029947114],[-78.54715774094036,45.18276836831301],[-78.54710774094447,45.182918368316436],[-78.54709789937074,45.18296946242367],[-78.54710204560772,45.18302094228545],[-78.54712002784535,45.18307092334412],[-78.5471511878195,45.18311757592008],[-78.54719438482614,45.18315919216326],[-78.54763307239152,45.18350648648454],[-78.54788857773487,45.18392624525874],[-78.54790192782866,45.18394593624892],[-78.5481419278217,45.18426593624844],[-78.54815286264444,45.18427954496142],[-78.54886722876284,45.18511134110368],[-78.5491158422488,45.1855416336846],[-78.54914745315358,45.18558475527962],[-78.54918952637075,45.185623181506415],[-78.54924069720322,45.18565566595253],[-78.55013069719384,45.186125665955466],[-78.55014963156471,45.18613504810403],[-78.55041559019597,45.18625852888805],[-78.55069273692165,45.186413405009716],[-78.55085137961709,45.186587156514165],[-78.55111262866991,45.18701386331691],[-78.5511135194673,45.18702366198732],[-78.5510795652196,45.18702761015486],[-78.55095756361847,45.18697423445256],[-78.55085472823312,45.18685768768337],[-78.55080847617359,45.1868153110702],[-78.55075126444851,45.18678020304939],[-78.55061018955311,45.18670966559054],[-78.55035113281069,45.18649527380857],[-78.55029579108965,45.18645783738148],[-78.55023096062895,45.186428938839306],[-78.5501592503435,45.18640974113202],[-78.55008354600076,45.186401016801774],[-78.5498535460069,45.18639101680095],[-78.5497673393917,45.18639414821124],[-78.54968432584779,45.186410826925695],[-78.5496087355729,45.186440203030244],[-78.5493287355704,45.18658020302386],[-78.54927488676286,45.18661282448102],[-78.5492305246173,45.18665190027061],[-78.54914671290435,45.18674169853441],[-78.54892803565826,45.18681929368813],[-78.54884628121997,45.18685837114859],[-78.54868628122037,45.18695837114788],[-78.54863902221794,45.18699376547076],[-78.54860155191703,45.18703456623231],[-78.54857508895333,45.18707944647713],[-78.54852771652037,45.187186034460204],[-78.54842587503832,45.18724786679478],[-78.5483615220591,45.18725125379375],[-78.54829237111765,45.1872594366914],[-78.54822650285493,45.18727638079513],[-78.54792650285408,45.187376380794426],[-78.54786736292473,45.18740089256663],[-78.54781539004833,45.18743245776671],[-78.5475953900409,45.18759245776197],[-78.54754180804174,45.18764169046113],[-78.54726180803925,45.187971690461474],[-78.54723129443686,45.18801662347333],[-78.54721303658303,45.18806474683395],[-78.54720765828837,45.188114416347894],[-78.5472176583003,45.188544416347526],[-78.54723393995951,45.188617921184296],[-78.54732393995212,45.18882792119268],[-78.54734308275269,45.18886336067387],[-78.54758857464938,45.18923650833835],[-78.5478946181941,45.18977948882244],[-78.54791690167812,45.18981235565442],[-78.54813297397345,45.19008244603828],[-78.54829215844337,45.190504284861525],[-78.54821476412725,45.190680181012866],[-78.54819983928785,45.19073092254932],[-78.54819897059278,45.19078273919849],[-78.54821219017583,45.190833715087436],[-78.54867219017628,45.19197371509188],[-78.5487006565992,45.19202422649793],[-78.5487429247221,45.19206968539254],[-78.54920292472256,45.19246968538969],[-78.54925678473423,45.192507958309996],[-78.54932037520894,45.19253791131263],[-78.54983338352973,45.19273028943839],[-78.5500822305049,45.19289886318829],[-78.55039864971175,45.19319817865194],[-78.55051835218734,45.19343758360978],[-78.5505562016947,45.1935965515396],[-78.55053797735128,45.19388814097078],[-78.55053998805047,45.193930027741615],[-78.55060998804471,45.19437002774207],[-78.5506214353634,45.19441181814164],[-78.55064207569168,45.19445181720172],[-78.5508620756991,45.19479181720288],[-78.55088978800465,45.194827307456855],[-78.5509247354291,45.19485946933592],[-78.55111473542625,45.19500946933934],[-78.55117374753434,45.195047260196716],[-78.55135765752684,45.19514238605405],[-78.55137770180632,45.195192496766566],[-78.55132623901675,45.19538691178631],[-78.55125925510953,45.19543310758691],[-78.55108302665434,45.19541395231603],[-78.55098966988797,45.19536452814996],[-78.55091239155166,45.195332830529225],[-78.55082678117647,45.19531464692107],[-78.55042678117108,45.19526464691694],[-78.55035999999592,45.195260505413984],[-78.55001999999836,45.195260505413984],[-78.54994775825028,45.19526535834671],[-78.54987811829184,45.19527974237765],[-78.54981358821364,45.195303139457366],[-78.54975649208598,45.19533470693917],[-78.54970888620205,45.19537330792422],[-78.54967248512312,45.195417552179784],[-78.54964859982007,45.19546584625625],[-78.54963809052433,45.195516450835555],[-78.54963450623944,45.195566630996815],[-78.54958617430582,45.1956075272403],[-78.5495446614092,45.19565048456041],[-78.54951562098881,45.195698259042324],[-78.5495001331521,45.195749073773506],[-78.5494987739742,45.19580103876148],[-78.54951877397255,45.1959810387584],[-78.54953182416823,45.19603280191289],[-78.54955888620164,45.19608179440254],[-78.54959893017354,45.19612615171108],[-78.54979893018262,45.196306151708],[-78.54983281811062,45.19633279774257],[-78.55060281811109,45.19686279775047],[-78.5506281761118,45.196878762681564],[-78.55133537891197,45.197285646486705],[-78.55227420812565,45.198021224007014],[-78.55258818206909,45.19831672889808],[-78.55261738865201,45.198353900924026],[-78.5525651310712,45.19853680247931],[-78.55255877397776,45.19861103876032],[-78.55259417929241,45.19892968661567],[-78.55245229911547,45.199020895297345],[-78.5524022060961,45.19906008456213],[-78.55236390372063,45.19910539970832],[-78.5522839037272,45.19922539970926],[-78.55226057201459,45.19927041992957],[-78.55224892530342,45.199317640968424],[-78.5522493319657,45.19936556921497],[-78.55226177914025,45.199412688708264],[-78.55228587312794,45.19945750907139],[-78.55231091258248,45.19949393009677],[-78.55199284116993,45.19991285341081],[-78.5519815184859,45.19992904797824],[-78.55173151848095,45.20031904797456],[-78.55170905364065,45.20036455512667],[-78.55169844624834,45.20041215424846],[-78.55170003538467,45.200460323818426],[-78.55171377022963,45.20050752407925],[-78.55173921177047,45.200552246247526],[-78.55179489046901,45.200629339826904],[-78.5517627062933,45.200693708168416],[-78.55139366437128,45.201119525764796],[-78.55135706606674,45.20117512591133],[-78.55133924052105,45.20123511616957],[-78.55128924052515,45.20161511617405],[-78.55128928326394,45.20166520645887],[-78.55130247851405,45.201714425943806],[-78.55132837043743,45.201761074252765],[-78.55136606454026,45.201803539844065],[-78.55149606454232,45.20192353984501],[-78.55153726204115,45.20195580763544],[-78.551585275862,45.20198299550684],[-78.55199762969978,45.20218020821275],[-78.55254161810429,45.20265854285676],[-78.55259982208837,45.202699704336816],[-78.55266919339019,45.202731115386],[-78.55320919339681,45.202921115383745],[-78.55329199610195,45.202942260692474],[-78.55368402781347,45.2030075993133],[-78.55423094234065,45.20316255843032],[-78.55449638690818,45.203272397560134],[-78.55456948311355,45.20329576030624],[-78.55544788386074,45.20350134346007],[-78.55585648477832,45.20372340918121],[-78.5559349961538,45.203756361344155],[-78.55669692762245,45.20399446492163],[-78.55693338490947,45.204117072408444],[-78.55698987554321,45.20414135480482],[-78.55705146013689,45.20415841042542],[-78.5571162946892,45.20416772856901],[-78.55748629469704,45.20419772857149],[-78.55755549496719,45.20419889494406],[-78.55762385982321,45.20419125028997],[-78.5576891491301,45.204175045104456],[-78.55799914913013,45.20407504510517],[-78.55808994935668,45.20403395383744],[-78.55816805686136,45.203986410132714],[-78.55828389937217,45.20404233409496],[-78.5583394514094,45.20406459125749],[-78.55839948685231,45.20408001805282],[-78.55846232918775,45.204088183693834],[-78.55877822860771,45.204110223185594],[-78.55889499208672,45.20417694517603],[-78.55892852182714,45.2042328280673],[-78.5590263638984,45.20471314367617],[-78.55897223008056,45.2055522177353],[-78.5588387332214,45.20571538055495],[-78.55881355555728,45.205752417555125],[-78.55879665546651,45.20579172067239],[-78.55869165694735,45.20612580684845],[-78.55850092831298,45.206507264135915],[-78.55832502693131,45.20666205735206],[-78.55824353124567,45.20670280519386],[-78.5579482967801,45.20676021188836],[-78.55784922537887,45.20679064049503],[-78.55728327006084,45.20703670803275],[-78.55723984324871,45.20703127968417],[-78.55720568971049,45.20700778142721],[-78.5571347959107,45.20697681581664],[-78.55705606212265,45.20695741943794],[-78.55662606211975,45.20688741944114],[-78.55655015259764,45.206880600419645],[-78.55647383650248,45.206884570074884],[-78.55640017007258,45.20689916944997],[-78.55633210341941,45.20692381387639],[-78.55587210341895,45.20713381387579],[-78.55581160763853,45.20716803913116],[-78.55545160764261,45.20741803913387],[-78.55540020460833,45.20746224371983],[-78.5553631843968,45.20751309364701],[-78.55534221198563,45.207568301957394],[-78.55530221198892,45.20774830195432],[-78.55529851654238,45.207808577086304],[-78.55531393997136,45.207867921195344],[-78.55546393997177,45.20821792119734],[-78.55550309634567,45.20827981670145],[-78.55577714577679,45.20859806765416],[-78.55576775207454,45.20859399704624],[-78.55560548232995,45.2084085459015],[-78.55555220205166,45.20836072227276],[-78.55513220204791,45.208060722274894],[-78.55507365877921,45.20802649681291],[-78.55500666159021,45.20800111478879],[-78.5545966615984,45.20788111478785],[-78.55450955196197,45.20786379354441],[-78.55433225824893,45.20784409424481],[-78.55426309832126,45.20775764433446],[-78.55422056299481,45.207714803328216],[-78.55416708972274,45.20767855742041],[-78.55410469146037,45.207650271035185],[-78.55404294682245,45.207633027990084],[-78.55413524583861,45.20746972971347],[-78.55415528244474,45.20742172910763],[-78.55416238308874,45.20737194539985],[-78.55415630301357,45.20732209463283],[-78.55413725178339,45.207273895157954],[-78.55410588612003,45.20722900841832],[-78.55406328716337,45.20718898164521],[-78.55401092332829,45.20715519457007],[-78.55395059957377,45.20712881182273],[-78.55388439525127,45.20711074282164],[-78.5537843952595,45.207090742819986],[-78.55371733942414,45.20708179329109],[-78.5536490941934,45.20708138705495],[-78.55358183342086,45.20708953704732],[-78.55351769957835,45.20710598366405],[-78.55345873556256,45.20713020303462],[-78.5528751708656,45.207421985387995],[-78.55241274068078,45.20760503067373],[-78.55236963770459,45.20762489557775],[-78.55144613486851,45.20811612048913],[-78.551083877976,45.208268649708224],[-78.55102948400342,45.208296391768286],[-78.55048948400953,45.208626391768625],[-78.5504410868779,45.208661925330375],[-78.55040267450069,45.20870307318299],[-78.55037552997234,45.2087484608412],[-78.55037010937225,45.208765881887466],[-78.55031000000002,45.20876050541659],[-78.55005999999507,45.20876050541659],[-78.54999513928708,45.20876441042008],[-78.54993215824493,45.20877601226079],[-78.54941215824941,45.20890601226256],[-78.5493816557109,45.2089146960698],[-78.54807165571654,45.2093346960686],[-78.54803902995333,45.20934651876911],[-78.54774578744968,45.2094656485361],[-78.54732467348398,45.209577945582296],[-78.54726001322643,45.209600298882535],[-78.54689001321859,45.209760298886785],[-78.54685015305027,45.209780107610165],[-78.54614260062813,45.210181691409026],[-78.54577991412975,45.210308631686054],[-78.5457172787072,45.210336160504035],[-78.5453472787121,45.21053616050261],[-78.54530241213911,45.21056464805657],[-78.54526446876699,45.21059775840385],[-78.54503916814167,45.21082968551577],[-78.54486288318152,45.21079857639934],[-78.54480699638466,45.21079176967579],[-78.54475029574066,45.21079086343736],[-78.5436502957418,45.21083086344067],[-78.54360040953333,45.21083500571618],[-78.54341052254608,45.210859773571116],[-78.54297129896761,45.21085062308909],[-78.54288133590143,45.21085626940489],[-78.54261133589812,45.210896269399214],[-78.54250741765209,45.21092320954221],[-78.54203741765247,45.211103209548114],[-78.54196179618704,45.21114121919916],[-78.54169159215154,45.21131554438572],[-78.54093991414493,45.211578631683295],[-78.54087261585963,45.21160872155323],[-78.54081562947877,45.21164798929484],[-78.54061562946971,45.21181798929992],[-78.54057494890257,45.21186011552567],[-78.54031495339794,45.212193234773125],[-78.53994505226419,45.212199960253045],[-78.53985141609596,45.21218955622594],[-78.5396234829366,45.21199723763152],[-78.5395675448226,45.21195881126998],[-78.53950169393327,45.21192919783952],[-78.53942867824713,45.211909633098564],[-78.53935154471033,45.211900933498946],[-78.5392735121037,45.21190346206782],[-78.5389792654104,45.2119344354039],[-78.53880126197583,45.21189594817251],[-78.53875277731441,45.21186178767669],[-78.53869100130753,45.211832607422835],[-78.5386223793304,45.21181240602788],[-78.53854950683771,45.21180194756286],[-78.5384751401059,45.21180162758296],[-78.53816514010587,45.21182162758461],[-78.53809927858602,45.21183002198162],[-78.53807938103077,45.21183520712032],[-78.53807154598815,45.2118303439468],[-78.5380023317479,45.211802812218274],[-78.53792653695645,45.21178595870963],[-78.53784743585439,45.211780511469485],[-78.53776844551886,45.211786705829475],[-78.53763096031282,45.21180785739946],[-78.53762235352453,45.21138612430792],[-78.53761693980752,45.21134464929787],[-78.53760252274785,45.21130425751232],[-78.53750252274332,45.21109425751291],[-78.53747465820709,45.211049613408235],[-78.5374358327434,45.21100923981356],[-78.53738731796216,45.21097445905799],[-78.53733070287223,45.210946410322066],[-78.53726784174854,45.210926012258945],[-78.53714784174565,45.21089601225646],[-78.5370802204147,45.21088386824655],[-78.53701059363607,45.21088058696133],[-78.53694128010109,45.21088627766289],[-78.53687458809999,45.21090075084264],[-78.5368494201359,45.21091001797091],[-78.53679532117955,45.210840462173046],[-78.53675929080521,45.210802259483025],[-78.53671458905637,45.21076891675055],[-78.5366625110856,45.21074140000593],[-78.53641251108064,45.210631400005816],[-78.53634901946728,45.21060894579782],[-78.53628073021035,45.21059515563413],[-78.53620999999832,45.21059050541523],[-78.53579999999376,45.21059050541523],[-78.5357281241321,45.210595308868754],[-78.53565881048242,45.210609548010424],[-78.53547681977167,45.21066050541204],[-78.53523904009296,45.21066050541204],[-78.53504840236617,45.21057710141033],[-78.53454910896764,45.21022853808397],[-78.53451672910866,45.21020835682924],[-78.53404096432969,45.20994404306181],[-78.5339045722707,45.20976021028595],[-78.53391962698355,45.20967740933228],[-78.53409508862593,45.20946145655681],[-78.5342157912251,45.2094071403813],[-78.53427405361334,45.209374926615546],[-78.53432241328322,45.20933540257561],[-78.5343590565954,45.209290050508656],[-78.53438260933122,45.209240571248905],[-78.53439218818816,45.20918882039235],[-78.53438743395897,45.20913673875814],[-78.53435743396143,45.20900673876535],[-78.53433878095538,45.20895676745341],[-78.53430693833315,45.20891022358258],[-78.53426307672736,45.20886881820993],[-78.53420880857483,45.20883407349476],[-78.5340188085777,45.20873407349547],[-78.53395089010183,45.208705520229756],[-78.53387608995298,45.20868742398277],[-78.53379760752466,45.20868055875194],[-78.53371879970533,45.208685218205524],[-78.53364303730258,45.2087012030343],[-78.53357356085542,45.20872782952153],[-78.53336136399903,45.2088305054134],[-78.53307000000132,45.2088305054134],[-78.53297879009158,45.208838283943415],[-78.53289284542836,45.20886117049258],[-78.53270284543122,45.208931170498374],[-78.53263496768022,45.208963103863994],[-78.53229496766991,45.20916310386257],[-78.53224121555682,45.20920181172019],[-78.5321218981383,45.20930709180112],[-78.5317265113228,45.209451560059875],[-78.5305547997001,45.2095944517214],[-78.53049831759373,45.209604513939546],[-78.53044465990624,45.209620506350106],[-78.53030716248912,45.209670505411005],[-78.53012000000146,45.209670505411005],[-78.53006267410656,45.20967355094237],[-78.53000664387406,45.209682618689556],[-78.52938671993198,45.20981822705331],[-78.52930918611887,45.20982879984691],[-78.52958911578654,45.20969086349012],[-78.52960493606302,45.2096826332243],[-78.5304249360594,45.20923263322302],[-78.53049738415952,45.20918030640263],[-78.53091738416326,45.20878030640548],[-78.5309253711434,45.208772406261545],[-78.53128537113932,45.208402406257896],[-78.53130331192554,45.20838208829755],[-78.53205331192767,45.20744208830065],[-78.53208441347215,45.207391664633064],[-78.5321003469115,45.207337841803316],[-78.53210044903594,45.20728286011093],[-78.5320847156009,45.20722900806797],[-78.53205380149276,45.207178527177696],[-78.5320089934514,45.207133518626506],[-78.53195215653525,45.20709585582397],[-78.5317278597427,45.20697508062185],[-78.53160983042795,45.20687314622637],[-78.5316007159109,45.20680478727192],[-78.5315881749863,45.20675719595649],[-78.53156375628316,45.20671195339417],[-78.53152824755668,45.20667051916763],[-78.53130716352867,45.20645827850041],[-78.53121020028588,45.206286728128916],[-78.53114697732914,45.20602480448201],[-78.53112880622757,45.205976815778854],[-78.53109844764731,45.20593199225366],[-78.53105693276224,45.20589185639813],[-78.53060693276097,45.205531856395304],[-78.53053673603824,45.2054879733074],[-78.53020673603984,45.20532797331214],[-78.53013666159367,45.20530111479007],[-78.52972666158911,45.20518111478913],[-78.5296764376256,45.20516921644149],[-78.5292679509161,45.2050941882776],[-78.52890828361488,45.20488558122384],[-78.52886470951769,45.20480932657212],[-78.52883206367883,45.20476471135726],[-78.52878824360093,45.204725137038615],[-78.5287347696533,45.20469197668211],[-78.52867349715609,45.20466638079608],[-78.52831649034185,45.204547378526975],[-78.52808827051517,45.204429587645016],[-78.52771503757793,45.20404725147282],[-78.52768277595487,45.20401858507328],[-78.52737277595484,45.2037785850714],[-78.52731349972787,45.203741329205684],[-78.52724458160007,45.203713506926064],[-78.52717942281669,45.20369868982631],[-78.52741224612048,45.203632796432906],[-78.5277759327934,45.20364896028694],[-78.52784446263928,45.20364766663208],[-78.52791156344406,45.203637770063274],[-78.5279750785491,45.203619588664985],[-78.52802126395753,45.2035989390646],[-78.52819055564964,45.203619092839865],[-78.52853991414379,45.20374136831833],[-78.52863517365978,45.20376428470954],[-78.52927517365819,45.203854284708],[-78.52935052099878,45.20385949433478],[-78.52942584791955,45.20385414003432],[-78.52949820167056,45.20383843168004],[-78.52976820167387,45.20375843168241],[-78.52984374117972,45.20372854811956],[-78.52990779836516,45.20368744873105],[-78.53026779836108,45.203397448725035],[-78.53031358759755,45.20335174219185],[-78.5303449981921,45.20330035716521],[-78.53036067623113,45.20324550849534],[-78.53035994596235,45.20318956033249],[-78.53034283884398,45.203134924213],[-78.5303100922573,45.203083955124306],[-78.52998696072659,45.202694540218694],[-78.53008159868816,45.202213463916436],[-78.53022082030283,45.20198722880863],[-78.53024507915292,45.20193245633387],[-78.53025233504852,45.20187530592872],[-78.53024225905509,45.201818368316495],[-78.5301963083213,45.201680516131844],[-78.53029462909768,45.20146118517887],[-78.53031144694845,45.20139894585357],[-78.53033882648282,45.2011251504851],[-78.530429074674,45.20089050516096],[-78.53044219700176,45.20082862868317],[-78.53045942001071,45.20044972258416],[-78.53066951473772,45.20016399375291],[-78.53069441987033,45.2001216504313],[-78.53070878273215,45.20007694503457],[-78.53071218778939,45.20003117086723],[-78.53069645358958,45.19969288554332],[-78.53070142735064,45.199691596047664],[-78.53092711683145,45.199731423601385],[-78.5310183991537,45.19973949222435],[-78.53110977412977,45.19973196251869],[-78.53157977412941,45.19965196252106],[-78.53164440625557,45.19963654765536],[-78.53170412215809,45.199613282834605],[-78.5317570205022,45.199582908782624],[-78.5319170205018,45.199472908782504],[-78.53197418451697,45.19942292669976],[-78.53201295269817,45.199364834240356],[-78.53217295269778,45.19902483423918],[-78.53218925857522,45.1989744351495],[-78.53219161064945,45.198922769111874],[-78.53218161065027,45.19881276911176],[-78.53217007019339,45.198762136127726],[-78.5321451294345,45.1987139605121],[-78.53210769149679,45.19866998671232],[-78.53205911198914,45.19863180701019],[-78.53128911198866,45.19813180700476],[-78.53123259590029,45.19810143733656],[-78.53116908157277,45.198078962880544],[-78.53110076297357,45.19806515997874],[-78.53103000000318,45.198060505411995],[-78.5307652767182,45.198060505411995],[-78.53022790093493,45.19799002990098],[-78.53005997840117,45.19794205203149],[-78.52986977903704,45.19762723928172],[-78.52990071591033,45.1973952127263],[-78.52990024241849,45.1973414581236],[-78.52988463999132,45.197288839135155],[-78.5298558510836,45.19724161725188],[-78.52998024080587,45.19710727634812],[-78.5300212078364,45.19704845584909],[-78.53004082170699,45.19698440619391],[-78.53008082170369,45.19667440619522],[-78.53007917741354,45.196615123836374],[-78.53002917741765,45.19634512383201],[-78.53001622257806,45.19630245907523],[-78.52999366865292,45.196261826747794],[-78.52990366864756,45.19613182674602],[-78.52985569923531,45.19607912499579],[-78.5297917681631,45.196035646967225],[-78.5292517681692,45.195745646970195],[-78.5291795145287,45.195715072935265],[-78.52909951273803,45.19569639582863],[-78.52901564875195,45.1956905228589],[-78.52893199611451,45.19569773930405],[-78.52816611586391,45.19582538601622],[-78.52799566824855,45.1958443246404],[-78.52792736010142,45.195830093772216],[-78.52756438061348,45.19558529364956],[-78.5275105866156,45.195555053275875],[-78.52744997352974,45.195532097017434],[-78.52738450406474,45.19551716822115],[-78.52731629824599,45.19551075031541],[-78.52724756466108,45.19551305109848],[-78.52710185751988,45.195527266425806],[-78.52707242951863,45.19549507933104],[-78.52702783077373,45.195460978842675],[-78.5270001529473,45.19544603265501],[-78.52720487520475,45.19541949458896],[-78.52749999999997,45.19541949458896],[-78.52760439525585,45.19540925719035],[-78.5278543952608,45.19535925718622],[-78.52794335208515,45.195332505464854],[-78.52836554996948,45.1951581193815],[-78.5287337162114,45.19507730240205],[-78.52877127683355,45.1950675093551],[-78.52933127683853,45.19489750935002],[-78.52939659231384,45.19487209633403],[-78.53003659231226,45.19456209633534],[-78.5300800775668,45.19453756382104],[-78.53034007757094,45.19436756382494],[-78.53037197756487,45.19434402466768],[-78.53079197755586,45.193994024665685],[-78.53082579439699,45.19396109682911],[-78.53085219954286,45.193924959105416],[-78.53103219954082,45.19362495910756],[-78.53105096916401,45.19358538060276],[-78.53116096916771,45.19327538059509],[-78.53117160864281,45.19322725278781],[-78.5311697821551,45.193178561386496],[-78.53113978215757,45.19299856138957],[-78.53111883989172,45.19293688018756],[-78.53107802357505,45.19288035634833],[-78.53071802357913,45.19250035635284],[-78.53066971397725,45.19245896139166],[-78.53061073606784,45.19242512280712],[-78.53054342267802,45.19240017904408],[-78.53047043632142,45.1923851167312],[-78.5299751077526,45.1923196959774],[-78.52978800541537,45.19226866806702],[-78.52974718029091,45.19225935340889],[-78.52870309056783,45.19206600346769],[-78.52829651476567,45.191927398072615],[-78.52824278707475,45.19191249455493],[-78.52818648789247,45.19190346206661],[-78.52806503229765,45.191890677261455],[-78.52789562386093,45.19182438701033],[-78.52783494284931,45.19180529675951],[-78.5277704886124,45.19179389845908],[-78.52715048861235,45.19172389846227],[-78.52707928917853,45.19172061115834],[-78.5270529359744,45.19172287788628],[-78.52699851257029,45.19168883988473],[-78.52691938197297,45.191659045641366],[-78.5266293819713,45.191579045643735],[-78.52655329480213,45.19156422283967],[-78.5264745102068,45.19156072660557],[-78.52583313226773,45.191579051689395],[-78.52548955253577,45.191513607938724],[-78.5248886500737,45.19134884434819],[-78.52482174360108,45.19133529105227],[-78.52452857575331,45.191295826148426],[-78.5244898750135,45.19125277852967],[-78.52443404495104,45.19121252503077],[-78.52436756796955,45.191181323028545],[-78.52429334425274,45.191160533758094],[-78.5242146119433,45.19115106419448],[-78.5240334526188,45.19114282967963],[-78.52350099206495,45.19104007413414],[-78.5234384712456,45.19103187274916],[-78.52337488637932,45.191031087235324],[-78.52331199610452,45.19103773930492],[-78.52319199610164,45.19105773930657],[-78.52311641615137,45.191076409711776],[-78.52304801180688,45.191105765226936],[-78.5229897836683,45.19114451817999],[-78.5227558836986,45.19133665029313],[-78.5227001579402,45.19135787915416],[-78.5224346537576,45.19135070336675],[-78.5223728530991,45.19135256162175],[-78.52231228614258,45.19136141796841],[-78.52202228614091,45.191421417973366],[-78.52194821171037,45.19144290628582],[-78.52188211459814,45.19147479885894],[-78.52166190697677,45.19160692342127],[-78.52110518346849,45.19167440506305],[-78.52103157511135,45.19168878266205],[-78.52096348992487,45.19171318388757],[-78.5209036445313,45.19174663511856],[-78.52085442677141,45.191787801638164],[-78.52081780043747,45.19183504090383],[-78.5207666357743,45.19192031535966],[-78.52045245366881,45.1920923674582],[-78.52036815974546,45.192123423115895],[-78.52013306078233,45.19213076996049],[-78.52002333092656,45.192145720603804],[-78.51911482564833,45.19237050541751],[-78.51902999999467,45.19237050541751],[-78.51895700240847,45.192375461387],[-78.51888668965493,45.1923901470273],[-78.5188216478201,45.192414022190405],[-78.51775164783152,45.19290402218601],[-78.5176839357077,45.192943521288726],[-78.51747497031486,45.19309717231496],[-78.51741313004045,45.19309222509506],[-78.51732627059107,45.1930922733795],[-78.51724166740095,45.193106135237734],[-78.51716368563986,45.19313309544909],[-78.51703070332881,45.193193151976054],[-78.51697310374246,45.19317861536626],[-78.51689915063247,45.1931708435826],[-78.51682446532901,45.19317336258442],[-78.51653446532733,45.1932033625869],[-78.51646518574886,45.193215265444074],[-78.51640024654833,45.19323602661522],[-78.51634190597343,45.193264924124335],[-78.51629219277234,45.19330095308001],[-78.5161672369044,45.19341028946768],[-78.51589687736238,45.1935413728826],[-78.51553567881913,45.19368585229842],[-78.51550109104811,45.19368770521743],[-78.51550608675852,45.193635250135586],[-78.51558807217496,45.193525936259704],[-78.51561804831117,45.193473121474455],[-78.51591804831202,45.19272312147531],[-78.51593130754922,45.192670291715146],[-78.5159553980444,45.19244544706466],[-78.51642913939048,45.191804502891344],[-78.51646060882258,45.19174638786626],[-78.51668060883,45.19113638786072],[-78.51668978215912,45.19110143860815],[-78.51673546190369,45.19082736011765],[-78.51691075296054,45.190441719780154],[-78.51696583026953,45.19037680723924],[-78.51700039370762,45.19040002886002],[-78.51705381389078,45.19042539254053],[-78.51733381389327,45.19053539254065],[-78.51739980666318,45.19055583591479],[-78.5174700708528,45.190567187457916],[-78.5175421093972,45.190569043745604],[-78.51803210939518,45.19054904374395],[-78.5181045399817,45.19054112844544],[-78.51817349713909,45.19052361920257],[-78.51835349713706,45.19046361920659],[-78.51842259948909,45.190433905308545],[-78.51848127835437,45.19039460566776],[-78.5188138474223,45.19011904844251],[-78.51943371877258,45.18973162883887],[-78.51948062979733,45.189696546977],[-78.51998763759346,45.18924198826819],[-78.5201449938549,45.18920702021388],[-78.52020963639491,45.18918790696619],[-78.52026824189171,45.18916079837111],[-78.52031884077887,45.189126605473064],[-78.52035973259268,45.18908647738796],[-78.5205366804057,45.188874140017106],[-78.52087505807522,45.18862721577406],[-78.52092881076189,45.188577577611326],[-78.52096491105044,45.18852055351829],[-78.52098023704566,45.18848607001524],[-78.52130526457039,45.18822946933555],[-78.52134357107569,45.18819361546152],[-78.52174342806607,45.18774615645282],[-78.52206741299612,45.18750548193294],[-78.52211933906761,45.1874569485363],[-78.5228393390722,45.18659694853704],[-78.52286949127493,45.18655186347633],[-78.52288734704243,45.186503636216564],[-78.52288937850557,45.18648322555008],[-78.52326786502636,45.1866220039427],[-78.52328774093816,45.18668163168581],[-78.5233122139666,45.18673203065871],[-78.52335027492458,45.18677805262632],[-78.52340043676196,45.18681789950281],[-78.52346073970156,45.18685001448083],[-78.52352882769227,45.186873142847496],[-78.52360204055303,45.18688638096949],[-78.52367751788175,45.186889211641805],[-78.52375231079063,45.18688152427283],[-78.52376188946913,45.1868791150092],[-78.52422420779125,45.18711749789984],[-78.52430022851325,45.187147963642865],[-78.52461473905613,45.18724231679634],[-78.52502547955211,45.187591883190535],[-78.5250690177426,45.18762332283309],[-78.52511922537792,45.18764935950447],[-78.52556269269085,45.187842171372786],[-78.52591727870208,45.1880338394971],[-78.52598373439702,45.188062686790396],[-78.5260571168236,45.188081423599066],[-78.5265671168327,45.188171423597524],[-78.52662220483595,45.188178175002825],[-78.52756582920762,45.18824422870957],[-78.52816349881678,45.188418932131775],[-78.52820479363464,45.18842909427851],[-78.52939479363886,45.18866909428039],[-78.52944446532481,45.18867663741587],[-78.53002446532817,45.18873663741185],[-78.53008000000474,45.18873949458446],[-78.53080999999577,45.18873949458446],[-78.53082901460544,45.18873916120169],[-78.53134037592109,45.18872121870136],[-78.53174219512321,45.18879502221898],[-78.53223125799053,45.188950633144586],[-78.53245430630797,45.18934893370888],[-78.5324885849397,45.18939600030937],[-78.53253525012396,45.18943744041987],[-78.53259250350439,45.18947165702447],[-78.53265813867304,45.189497331513095],[-78.53272962621453,45.18951347443638],[-78.53305962621292,45.18956347443153],[-78.53312202112299,45.189569196547176],[-78.53318490280667,45.18956763012787],[-78.5335225293415,45.18953949458774],[-78.53383000000262,45.18953949458774],[-78.53389615618183,45.18953543083398],[-78.53396031721248,45.18952336211186],[-78.53402054807098,45.18950365241876],[-78.53407503232657,45.189476896142935],[-78.53437526240059,45.189300290214724],[-78.5348280942774,45.189155384009304],[-78.53489507660406,45.18912786598008],[-78.53495280612759,45.18909139155884],[-78.53499890958918,45.18904746021344],[-78.5350314917341,45.188997877934895],[-78.53504921309045,45.188944683027536],[-78.53505134514845,45.18889006231416],[-78.53503668523095,45.188750793064095],[-78.5350411458715,45.18874059731139],[-78.53523097005706,45.188663481229206],[-78.53529297547429,45.188632092188755],[-78.53534489753066,45.18859264794616],[-78.53536321145604,45.188571498163824],[-78.53542970277728,45.18866292373474],[-78.53547303868183,45.1887097844234],[-78.53552916730406,45.18874933101105],[-78.5357391673123,45.188869331012],[-78.53579839366247,45.18889716295749],[-78.53586391348864,45.18891677612662],[-78.53593345624276,45.188927490845046],[-78.53600461194355,45.18892893580315],[-78.53622461193824,45.18891893580232],[-78.53629202069689,45.188911575042816],[-78.53635650125518,45.18889589068254],[-78.53641600176844,45.1888723817985],[-78.5364686288684,45.18884179648073],[-78.536698628875,45.18868179648546],[-78.53674735213694,45.188640349969965],[-78.53678341704138,45.18859290638248],[-78.53680538503838,45.188541358122976],[-78.53681237987422,45.188487761309354],[-78.53680412255494,45.18843425379726],[-78.53674412254712,45.18823425379869],[-78.53672193357792,45.188184598711686],[-78.53668661181615,45.18813887679036],[-78.53663947533246,45.18809879420493],[-78.53633947533162,45.18788879420553],[-78.53626782408764,45.18784937060622],[-78.53618499386296,45.18782297979201],[-78.53574315748192,45.18772479393145],[-78.53484019008373,45.18749234687465],[-78.53480375498457,45.18746076978986],[-78.5347488483631,45.18733448456433],[-78.53479220898298,45.18706193213183],[-78.53482396323417,45.18704429088154],[-78.53546151123906,45.18678927167692],[-78.53589051754263,45.186697993744126],[-78.53597300212222,45.18667264983552],[-78.5360447995678,45.186634423367096],[-78.53638479957812,45.18640442336604],[-78.53643065345175,45.186367145060416],[-78.53646609627916,45.186324600291606],[-78.53657932847297,45.18615475198503],[-78.53683571107698,45.185966738081525],[-78.5368839109193,45.18592323445996],[-78.53691852377531,45.185873722627306],[-78.53701852377985,45.185683722629555],[-78.53704161064618,45.18560723089447],[-78.53706161064454,45.185387230894236],[-78.53705996727213,45.18533969276805],[-78.53704649381832,45.18529309824123],[-78.53702160976833,45.18524889800312],[-78.53698608986322,45.185208468227806],[-78.53664608986566,45.184888468228294],[-78.53660463471039,45.18485546518477],[-78.53655610063105,45.184827665911],[-78.53626610062938,45.184687665908406],[-78.5362082305509,45.18466465962278],[-78.53614558340163,45.184649060288045],[-78.53608005053586,45.18464133886393],[-78.53575647843736,45.18462336263187],[-78.5354317032156,45.184560211893846],[-78.53536095820493,45.18455139005148],[-78.53528912041689,45.18455204981914],[-78.5352187256273,45.184562167885545],[-78.53515225869,45.184581387125455],[-78.53509206579038,45.18460902909523],[-78.53504027169546,45.18464411808973],[-78.53475270293613,45.18487940160399],[-78.53454429150338,45.18496406875377],[-78.53409690058271,45.18502547534979],[-78.53406159806806,45.185031560816],[-78.53364273425608,45.18511882410593],[-78.53340432025101,45.185111599450174],[-78.53306690604632,45.18506617830277],[-78.5329223930549,45.18491684820899],[-78.5329223930549,45.18471146899968],[-78.5330615339974,45.18446410733998],[-78.53338096428193,45.18411649203268],[-78.53340809482742,45.18408155329938],[-78.53342762237915,45.184044178047564],[-78.53355762238122,45.183724178039064],[-78.53357121711736,45.183671118831214],[-78.5335695527643,45.183617214299694],[-78.53349502640889,45.1831886878246],[-78.53352137448896,45.183024012340816],[-78.53367393402459,45.18283130555742],[-78.53370301450703,45.18278470278406],[-78.53371914008613,45.1827350772157],[-78.53372173529861,45.182684199845],[-78.53370306708607,45.18246018140202],[-78.53404784173262,45.18237398774509],[-78.53411267875774,45.182352782922976],[-78.53417078352356,45.182323444583595],[-78.53422012582888,45.18228699782148],[-78.53425898162908,45.18224471609735],[-78.53445898163815,45.18197471609299],[-78.53448931435588,45.18191987903834],[-78.53456931434931,45.181709879038934],[-78.53458179039455,45.18165512432387],[-78.5345780996132,45.18159972917288],[-78.53455839827657,45.18154603927584],[-78.5345235206516,45.18149632813396],[-78.53447494361677,45.18145270074252],[-78.53441472414083,45.18141700449588],[-78.53426355346953,45.1813447054767],[-78.53421807217421,45.18128406374224],[-78.53418134687695,45.18124409792881],[-78.53413521459566,45.18120931099283],[-78.53408111542264,45.18118078885374],[-78.53402073814583,45.18115942186775],[-78.53395596752965,45.181145877042944],[-78.5335359675259,45.18108587704697],[-78.53344274285085,45.18108077998808],[-78.5333505500125,45.181091780316876],[-78.53278055002107,45.18121178031782],[-78.53268152330885,45.18124407923487],[-78.5325196213499,45.18131828429942],[-78.53181098361976,45.1813677241411],[-78.53167362705076,45.18134737501819],[-78.53140673604325,45.181217973312364],[-78.53135428493333,45.18119664416342],[-78.5312977138441,45.181181417961895],[-78.53082105121896,45.18108279810726],[-78.5304013096237,45.18075633242959],[-78.53026256721127,45.18050197135771],[-78.53021128341989,45.1802455523533],[-78.53019206489274,45.179918837330256],[-78.53018569001802,45.179879761756254],[-78.5301514170712,45.17975246226091],[-78.53015195019086,45.179752052162016],[-78.53018764863528,45.17972003865769],[-78.53021609626994,45.179684600299396],[-78.5303960962679,45.179414600304014],[-78.5304214639814,45.17936396997001],[-78.53043208585366,45.17931080024243],[-78.53042754021988,45.17925720178489],[-78.53040800751859,45.17920530227513],[-78.53037426314094,45.179157161936345],[-78.5303276466226,45.17911469179058],[-78.530270008491,45.17907957774207],[-78.53020363675684,45.17905321370664],[-78.53013116617201,45.179036646239545],[-78.53005547356874,45.179030533033355],[-78.52997956368972,45.17903511673201],[-78.5295970386266,45.17908563890885],[-78.52954078822493,45.17900775375201],[-78.52950222690563,45.17896489495014],[-78.52945294833249,45.17892789093611],[-78.52871294832954,45.178467890933995],[-78.5286396247915,45.178432088686144],[-78.52846943385111,45.17836826707728],[-78.52834878444283,45.178261811721484],[-78.52830786872946,45.17823100327118],[-78.52826063066941,45.17820507376881],[-78.527932943448,45.17805266109715],[-78.52791692901779,45.17802330131499],[-78.52788625687523,45.17797943494473],[-78.52784484148884,45.17794019720685],[-78.52779404662523,45.177906880148235],[-78.52763043822449,45.17781763920823],[-78.52746841611764,45.177628613415436],[-78.52743899352087,45.17747414476958],[-78.52742045210987,45.17742002604377],[-78.52738652733193,45.17736974722054],[-78.52733866702916,45.177325454105606],[-78.52713866703283,45.17717545410218],[-78.5270744200912,45.177136859225676],[-78.52663442008911,45.17692685922627],[-78.52656711926726,45.17690124898515],[-78.52649393271516,45.17688559039754],[-78.52641778837821,45.17688050992155],[-78.52634173251428,45.17688621079204],[-78.52539173251584,45.17702621079464],[-78.52530906094604,45.17704553623338],[-78.52523473932386,45.17707754512036],[-78.52503473932754,45.177187545120475],[-78.52498284644776,45.177222033195946],[-78.52494094454268,45.1772627132958],[-78.52478695349313,45.17744603595434],[-78.52475940624116,45.177456053139935],[-78.52473095311278,45.177454698228956],[-78.52427858167545,45.17729810812173],[-78.52419800389885,45.177277739307755],[-78.523898003898,45.17722773930362],[-78.52383337279156,45.17722100929619],[-78.52376805943216,45.177222131265026],[-78.52370397032963,45.17723107246655],[-78.5231139703271,45.17735107246749],[-78.52305142929191,45.17736810431866],[-78.5229940706769,45.177392572836986],[-78.52294365787496,45.1774237257912],[-78.52256365788068,45.17770372578741],[-78.52250690167496,45.177757644332644],[-78.52222690167247,45.17810764433464],[-78.52219978553043,45.17814955453353],[-78.52218319237383,45.17819410692921],[-78.52217760693684,45.178239999997565],[-78.52217760693684,45.17844738571084],[-78.5219867769683,45.178721185238516],[-78.52195473032663,45.17878822488222],[-78.52191975914282,45.178914121110274],[-78.52177387987376,45.17906540332402],[-78.52157881235279,45.179101978482336],[-78.52124258235567,45.17897320954082],[-78.52117238646144,45.1789524075682],[-78.5210977337761,45.17894182069799],[-78.52102158472299,45.17894186876684],[-78.52094695906008,45.178952549852355],[-78.5208873399285,45.17897030611395],[-78.5207477138567,45.178941417965284],[-78.52067402178095,45.17893157416352],[-78.52059902081201,45.17893205736731],[-78.52052559641142,45.17894284898153],[-78.52045657340595,45.17896353384079],[-78.52039460726047,45.17899331612758],[-78.5203420819918,45.17903105005872],[-78.52030101835604,45.17907528391179],[-78.5201447770253,45.17928620972391],[-78.51983255834249,45.17943831624972],[-78.51978861549092,45.17946329473265],[-78.51928861549375,45.179793294732995],[-78.5192453998773,45.179827075519924],[-78.51921086060646,45.179865497111415],[-78.51904086060767,45.18009549711247],[-78.51901382232089,45.180142353848545],[-78.51899968448463,45.180191946053476],[-78.51884968448421,45.181201946056156],[-78.51884764992369,45.18123404057954],[-78.51885764992286,45.18170404057349],[-78.5188629659767,45.18174496002046],[-78.518877047308,45.18178483423268],[-78.51903704730759,45.18212483423385],[-78.51905508959369,45.182156362486225],[-78.51928385088895,45.18249314996821],[-78.5190535577016,45.18238081182409],[-78.51858847336476,45.18197153760198],[-78.51852961579445,45.181929976515356],[-78.51824340201944,45.181767788709145],[-78.51784610594089,45.18149646457009],[-78.51779865945113,45.181468912009635],[-78.51722865944697,45.181188912004444],[-78.5171678089205,45.18116452477467],[-78.51710166998723,45.181148363795245],[-78.51703245904832,45.181140970633514],[-78.51696249547064,45.1811425930538],[-78.51673338924408,45.18116280830976],[-78.51655589538652,45.1809590190646],[-78.51652197755537,45.18092597533638],[-78.51620294388893,45.180660113951376],[-78.51612607322186,45.18052174675359],[-78.51608602478869,45.18046826772707],[-78.51579602479977,45.18016826772921],[-78.5157760520023,45.18014942865633],[-78.51548605200063,45.17989942865362],[-78.51543156258273,45.17986108710202],[-78.51536727865094,45.17983121622338],[-78.5152958067111,45.179811027171276],[-78.51522004470348,45.179801338526524],[-78.5151430644808,45.17980254314936],[-78.51506798732642,45.17981459218039],[-78.51499785734401,45.17983699708885],[-78.51493551805939,45.179868849417446],[-78.51493538860659,45.17986894897773],[-78.51487683667031,45.17986323659083],[-78.51486728710466,45.17983697527775],[-78.51494523587799,45.179659818987695],[-78.51496059168713,45.17960612760842],[-78.51496022711358,45.179551357020124],[-78.51494415719814,45.179497769540006],[-78.51491304572419,45.17944757859895],[-78.51486817773635,45.17940285734696],[-78.51481140652807,45.17936545299872],[-78.51454531625163,45.179222904637356],[-78.51393820381547,45.17883121919495],[-78.51389408640146,45.17880670014639],[-78.51368408640597,45.1787067001471],[-78.51362560904909,45.178683828231485],[-78.5135623717781,45.17866848641679],[-78.51304654992387,45.178577991356775],[-78.51287582855332,45.17850685745252],[-78.51249526067986,45.17829754512245],[-78.51243304356981,45.17826967815164],[-78.51236439525856,45.1782507428153],[-78.5121143952536,45.178200742811164],[-78.51203755951177,45.17819120623322],[-78.51195957657801,45.17819285864826],[-78.51168058251145,45.17821901433743],[-78.51138180633409,45.17820143926602],[-78.51131005959382,45.178201979467914],[-78.51123971905307,45.1782119559778],[-78.51117326122947,45.178231017536426],[-78.51111302589696,45.178258493048375],[-78.5110611338202,45.17829341516285],[-78.51098768037049,45.17835309608622],[-78.51097803567819,45.178354411273695],[-78.51075800390666,45.178317739303935],[-78.51069634645435,45.17831114582246],[-78.51063398825403,45.17831170312828],[-78.51045453660771,45.17832366657682],[-78.50978967694323,45.17805599580518],[-78.5097250023077,45.17803531125134],[-78.50965601552761,45.178023412553365],[-78.50961800765853,45.17802196426252],[-78.50966042277334,45.177842878229534],[-78.50977524583699,45.17763972971674],[-78.50979700698484,45.17758507247786],[-78.50979869449816,45.17756607434927],[-78.50983476966348,45.17757930172742],[-78.50990056269674,45.17759361547417],[-78.50996893141493,45.177599381670156],[-78.51045893141293,45.17760938167098],[-78.51052122566439,45.1776070655357],[-78.51058215667184,45.177597642163455],[-78.51095215667969,45.177517642156836],[-78.51101335207372,45.17750021139079],[-78.51106938263761,45.17747562378282],[-78.51111857898351,45.17744461190902],[-78.51115947538604,45.1774080997226],[-78.51132617350996,45.177229494584736],[-78.51138999999768,45.177229494584736],[-78.51146199585426,45.177224674925604],[-78.51153141654852,45.17721038835289],[-78.5115957790366,45.17718714586425],[-78.51165278121027,45.17715577879659],[-78.5118027812107,45.177055778797296],[-78.51185345518711,45.17701435696751],[-78.51189121942082,45.1769665778952],[-78.5119145185663,45.17691440938492],[-78.51192239305914,45.17686000000021],[-78.51192239305914,45.17673999999927],[-78.51191441432594,45.17668523542968],[-78.51189081108876,45.17663275621909],[-78.51185256831563,45.17658475235237],[-78.5116525683193,45.17638475235379],[-78.51161081649076,45.176349737667934],[-78.51156126444285,45.17632020303768],[-78.51135042322085,45.17621478242431],[-78.51120647043528,45.176078827014415],[-78.51116093984949,45.17604300172478],[-78.51110709863882,45.17601345059248],[-78.51104666159397,45.17599111479142],[-78.51063666158942,45.17587111479048],[-78.51056277702976,45.17585543121174],[-78.5104859290386,45.175850520688016],[-78.51040924681483,45.175856583184306],[-78.51033585280175,45.175873371843565],[-78.51026873556681,45.17590020303888],[-78.5102554707594,45.17590683543537],[-78.50979152205349,45.17593125379177],[-78.5096835372867,45.17594825002474],[-78.5096783015864,45.175949659643116],[-78.5103368155655,45.175671057569225],[-78.51039520340417,45.17564069607569],[-78.5105852034013,45.17552069607475],[-78.51063343871697,45.175483997353155],[-78.5106712189347,45.17544164802182],[-78.51069724231208,45.175395107268145],[-78.51076724231908,45.175225107272055],[-78.51078225266157,45.17515730226373],[-78.51079225266075,45.17489730226019],[-78.51078578868845,45.174840129630724],[-78.51076230436276,45.17478521575215],[-78.51072286336097,45.17473504779899],[-78.51066925203226,45.174691897996865],[-78.5106593231582,45.17468544423037],[-78.51141897315513,45.17484788510996],[-78.51143329840221,45.17485073500622],[-78.51179586095425,45.17491752283418],[-78.51212892950399,45.17500316903084],[-78.51217022586417,45.17501196251339],[-78.5126402258638,45.17509196252001],[-78.5127211797877,45.175099422884706],[-78.51395117978865,45.17511942287738],[-78.51395383503683,45.17511945955559],[-78.51483383502828,45.175129459556416],[-78.51489644567177,45.17512654237635],[-78.51495753646853,45.175116448294965],[-78.51612458485884,45.17485077875417],[-78.51652846082578,45.17485937185852],[-78.5166049295595,45.17485558122853],[-78.5166787889322,45.17484111755295],[-78.5171887889413,45.174701117550356],[-78.51725165005223,45.17467897773475],[-78.51730770088297,45.17464910470015],[-78.51740668953433,45.17458546914137],[-78.51776673407905,45.17446252709499],[-78.51779335207763,45.17445250546273],[-78.51825335207808,45.17426250546498],[-78.51831588166698,45.17423026667217],[-78.51882789292337,45.17390533645786],[-78.51964951260929,45.17344008193117],[-78.519700379452,45.173405347744264],[-78.51974128434367,45.17336459797109],[-78.51977082396544,45.17331923058785],[-78.51978798493751,45.17327080200664],[-78.51979217851475,45.17322097364361],[-78.51978326081539,45.17317145494782],[-78.51974187194159,45.17304039017294],[-78.51988302461572,45.17259928811031],[-78.51989180255042,45.17255497119901],[-78.51992180254796,45.17217497119453],[-78.51991853420897,45.172121810764516],[-78.51990050891386,45.172070139121395],[-78.51986842937364,45.17202197065636],[-78.51975842936993,45.17189197065459],[-78.5197085811586,45.17184538971029],[-78.51964567612343,45.17180746125796],[-78.51957266259144,45.171779962964735],[-78.51949296259812,45.171764183643546],[-78.51901096528387,45.17170747808412],[-78.51875915079835,45.17164992049062],[-78.51849637847,45.171493899412226],[-78.51843187189624,45.17146293814052],[-78.51835978930015,45.171441851860095],[-78.51828313332129,45.17143151897057],[-78.51820509715841,45.171432369863794],[-78.51784509716249,45.171462369866276],[-78.51777917196145,45.17147207241695],[-78.51771668447402,45.17148977550727],[-78.51765957298691,45.17151493000609],[-78.51760960901244,45.171546755663705],[-78.51742931941547,45.17168377574789],[-78.51735778446998,45.171699326825134],[-78.51703909149026,45.17169282288773],[-78.51686949805178,45.17161454899393],[-78.51680415554128,45.17159038863368],[-78.51673344518818,45.17157552292609],[-78.51665999999815,45.171570505413015],[-78.51626000000553,45.171570505413015],[-78.51618353693122,45.17157594807176],[-78.51611016231821,45.171592056221264],[-78.51604283989116,45.171618179220744],[-78.5159842889236,45.17165326191805],[-78.51596457556708,45.17166771838016],[-78.51526993643115,45.17161428460178],[-78.51496349255912,45.17155727179158],[-78.51477600657967,45.171430265156],[-78.51460609627756,45.17117539969805],[-78.51456181528854,45.17112452138411],[-78.51450272971,45.17108176010335],[-78.51431272970012,45.170971760103235],[-78.51424729635852,45.17094122276448],[-78.51417439523735,45.170920742810935],[-78.51387439524925,45.17086074281496],[-78.51378935330133,45.17085085079163],[-78.51270239579928,45.17081203087816],[-78.51198465968908,45.1706971930999],[-78.51196985743213,45.17069504060173],[-78.51117864186949,45.17059142903364],[-78.51072509206244,45.17044024576933],[-78.51047393651665,45.17029672831442],[-78.51038078823098,45.17016775375752],[-78.51034437836975,45.170126869802985],[-78.51029820380855,45.17009121919075],[-78.50998820380852,45.16989121919218],[-78.50993075112483,45.16986063028115],[-78.509866180411,45.16983817411482],[-78.50979678116899,45.16982464691497],[-78.50945362002996,45.16978175177625],[-78.50932196526016,45.16967116176265],[-78.50921950654472,45.16952651416424],[-78.50923122602529,45.169421038762614],[-78.50922977211589,45.16936850122441],[-78.50921387951611,45.16931716124829],[-78.50918415247074,45.169268970747574],[-78.50914172116796,45.16922576189919],[-78.50908819880937,45.16918917746127],[-78.50902562029965,45.16916060834927],[-78.50895636482468,45.16914114075214],[-78.50890827940712,45.16913482600892],[-78.50902219955154,45.16894495911455],[-78.5090415145947,45.16890382385631],[-78.50905122602732,45.168861038761214],[-78.50907122602568,45.16868103875531],[-78.50907050118688,45.168633225645834],[-78.5090577979237,45.168586255416606],[-78.50903351615551,45.16854160671255],[-78.50899842028608,45.16850068510963],[-78.50876033343103,45.16827175545124],[-78.50865609626919,45.1681153996965],[-78.50861889862728,45.168071146080486],[-78.50857044859792,45.168032679097124],[-78.50851251109081,45.16800140000148],[-78.50832805553813,45.16792023956016],[-78.50822256832065,45.16781475234569],[-78.50818102929382,45.167779888235444],[-78.5081317560487,45.16775044924882],[-78.50807615465727,45.167727275472316],[-78.5075761546601,45.167557275467246],[-78.5075099030356,45.16753986518279],[-78.50744023562133,45.16753134917186],[-78.50736953442018,45.16753201859641],[-78.50714927814568,45.16754853782397],[-78.50716256831849,45.16753524765358],[-78.50719836060217,45.167491140462964],[-78.50722176944348,45.167443082472744],[-78.5072319627041,45.16739278204503],[-78.5072285780539,45.16734202724046],[-78.50721173578096,45.167292622280364],[-78.50718203461085,45.16724632340706],[-78.50714053035631,45.167204776441956],[-78.50697053035753,45.16706477644834],[-78.50691133377028,45.16702541403329],[-78.50684165816006,45.16699577200945],[-78.50676465969724,45.166977193106646],[-78.5066532299896,45.166959364351],[-78.50651763080988,45.16682992876971],[-78.50646155429509,45.166787028591436],[-78.5063936935096,45.16675363677502],[-78.50631722745261,45.16673131757483],[-78.50597722745505,45.166661317569044],[-78.50587000000498,45.16665050541035],[-78.50555000000577,45.16665050541035],[-78.5054807426061,45.1666549623657],[-78.50541377599579,45.16666818582719],[-78.50535131518666,45.16668973838715],[-78.5052113151854,45.16674973839211],[-78.50515275714359,45.166780601334224],[-78.50510360538473,45.16681875543437],[-78.50506565716897,45.166862805564],[-78.5050403001115,45.1669111409989],[-78.50502550285115,45.16695060035115],[-78.50492094196811,45.166956874005436],[-78.50574256832041,45.16613524765457],[-78.50578081109354,45.16608724377887],[-78.50580441433073,45.16603476456828],[-78.50581239306392,45.16597999999869],[-78.50580441433073,45.1659252354291],[-78.50578081109354,45.16587275621851],[-78.50574256832041,45.16582475235179],[-78.50568572508203,45.1657679090986],[-78.50569016500963,45.165739049516354],[-78.50569041512018,45.16568262500385],[-78.50567398901836,45.16562740053277],[-78.50564160676304,45.16557579696399],[-78.50542160676837,45.16530579695962],[-78.50538003281632,45.165264367530085],[-78.50532817630211,45.16522916481786],[-78.50526787570786,45.165201436861345],[-78.50520126887844,45.16518216670492],[-78.50513071721846,45.16517203753534],[-78.504600717211,45.16513203753203],[-78.50451694601897,45.165132219009685],[-78.50443524108785,45.165145251974444],[-78.50419409252626,45.16520390974365],[-78.50405202115279,45.165167076418506],[-78.50397371920124,45.16515317791799],[-78.50389439865656,45.165151211074644],[-78.50372691725143,45.16489663933884],[-78.50368738198975,45.164849691531565],[-78.5036352326007,45.164809322356604],[-78.5035726091343,45.16477718845108],[-78.50350208150135,45.16475460851488],[-78.50342654397122,45.1647425091692],[-78.50334909641323,45.164741386930864],[-78.50315063715503,45.164752727460645],[-78.50280924302885,45.16455976555571],[-78.50273649049286,45.16452738979676],[-78.50265530857348,45.1645072973405],[-78.50263403458165,45.16450386604561],[-78.50301243534442,45.16446694890764],[-78.50308530897154,45.16445461388894],[-78.50345115709572,45.16436518435662],[-78.50393276903425,45.164407431010524],[-78.50400206070908,45.16440904573225],[-78.50407062722647,45.16440181657593],[-78.50413621469797,45.16438598117292],[-78.50419666720424,45.164362060052],[-78.50424999757601,45.16433083952651],[-78.50461999758386,45.16407083952297],[-78.50466355505971,45.16403425618998],[-78.5046972661309,45.163992828844535],[-78.50472007221877,45.16394785839089],[-78.50473125712658,45.16390075701661],[-78.50473046962631,45.16385300382477],[-78.5047139408902,45.163737302720605],[-78.50536696621599,45.163959924984],[-78.50548308146227,45.16404982067009],[-78.50547275767815,45.16407489273051],[-78.5054584749659,45.164131851902305],[-78.50546176768881,45.16418964709122],[-78.50548248415157,45.164245615888376],[-78.50562248415281,45.16450561589191],[-78.5056568401809,45.1645540746655],[-78.50570425347894,45.16459671209553],[-78.5057628083214,45.1646318054289],[-78.50583013879145,45.16465793671982],[-78.5059035243919,45.16467405012447],[-78.50597999999594,45.164679494588825],[-78.50621000000254,45.164679494588825],[-78.50628894816012,45.164673688444765],[-78.50636449452354,45.164656520193404],[-78.5064333838444,45.16462872959736],[-78.50649264774557,45.16459151413787],[-78.50653973259347,45.16454647738856],[-78.5066350132048,45.16443214065463],[-78.50672371195206,45.16439887862681],[-78.50687560474715,45.16442925718834],[-78.50693987760229,45.16443800703073],[-78.50700532623961,45.164438902866664],[-78.50707003269024,45.16443191843838],[-78.50743565812147,45.16436949458115],[-78.50772406924173,45.16436949458115],[-78.50838819366632,45.16440856073182],[-78.50845231339854,45.16440853065623],[-78.50851552459032,45.16440095041135],[-78.50894416244542,45.16432301626039],[-78.50959264193348,45.164234587235704],[-78.50966058615715,45.16422062050814],[-78.50972371438239,45.16419806835683],[-78.50977986402349,45.1641677033419],[-78.50982711159237,45.164130565667534],[-78.50996635746351,45.16399828207645],[-78.50996782209266,45.164029039125154],[-78.5099818162511,45.16409278203261],[-78.51001690166846,45.16415235566121],[-78.51021690167752,45.16440235566392],[-78.51026596121592,45.16445043240198],[-78.51032873556188,45.164489796964006],[-78.51062873556273,45.16463979696743],[-78.51068489843463,45.16466308118281],[-78.51148540441514,45.164933131394015],[-78.51177873557023,45.1650797969589],[-78.51183795859359,45.165104101804175],[-78.51190238635616,45.16512056614467],[-78.5119699494614,45.16512866113319],[-78.51250994946803,45.16515866113567],[-78.5125731909581,45.16515847749308],[-78.51263552459605,45.1651509504105],[-78.51307552458539,45.16507095041286],[-78.51313801291408,45.165055410043536],[-78.51319575620376,45.1650325001741],[-78.51324702049308,45.16500290877931],[-78.51356702049229,45.16478290877908],[-78.51361560448667,45.16474216615649],[-78.5136518804721,45.16469548931704],[-78.51367443373441,45.164644698597826],[-78.51377443373894,45.16430469859665],[-78.51378232025168,45.164255258566335],[-78.51377717692479,45.16420563932211],[-78.51375917904727,45.16415753192455],[-78.51372894000309,45.164112575933785],[-78.51368749037978,45.16407230348942],[-78.51312749038753,45.16362230348813],[-78.51306126443436,45.163580203035046],[-78.51268126442733,45.1633902030373],[-78.51262677481823,45.163367486817684],[-78.51256771384031,45.1633514179605],[-78.51198771383697,45.16323141795956],[-78.5119176708235,45.16322181630766],[-78.51148767083333,45.16319181630518],[-78.51141666320787,45.16319153147635],[-78.51134680514518,45.1632005042267],[-78.51128050553034,45.16321842514051],[-78.5106755177465,45.16342925422204],[-78.51043627931475,45.163453178064856],[-78.51036642777824,45.1634649648597],[-78.51030093600697,45.163485749557715],[-78.5102421145983,45.16351479885517],[-78.51009637636854,45.16360224179019],[-78.51009228018683,45.16348345267333],[-78.510084740836,45.163436356131996],[-78.5100656109858,45.163390918752036],[-78.51003548232575,45.16334854589382],[-78.50973067189666,45.16300019112931],[-78.50969674671084,45.162783069888214],[-78.50988496258942,45.16214672092097],[-78.51007471415853,45.16186621861381],[-78.51020968745004,45.16175149131934],[-78.5103947241382,45.16166299550491],[-78.51047138111127,45.161614520489785],[-78.51084647070704,45.1613034705851],[-78.51127156447951,45.16110449052472],[-78.5112904619877,45.16109355072441],[-78.51134063729806,45.161119970401494],[-78.51140458106572,45.161142029755005],[-78.51147321882293,45.16115535308221],[-78.51166099624963,45.16117882526108],[-78.51202326592681,45.16130252709355],[-78.51209393603942,45.16132085204262],[-78.51216833136148,45.16132906155736],[-78.51253180204606,45.16134360038599],[-78.51297114786284,45.16162836156998],[-78.51301639828199,45.161653530280155],[-78.51306650286239,45.161673619206034],[-78.51330650286816,45.16175361920367],[-78.51337548481737,45.16177113290218],[-78.51344794168703,45.16177904582914],[-78.5135212095614,45.16177706706515],[-78.5137312095569,45.1617570670635],[-78.51379681316537,45.16174661238937],[-78.51385880281528,45.16172821864731],[-78.51391526066519,45.161702454884114],[-78.51419127824789,45.16155064521557],[-78.51428611061809,45.161558547910715],[-78.5147305458316,45.161810115015456],[-78.51476174920735,45.161826024215074],[-78.51535174920987,45.16209602421944],[-78.51541231495547,45.162118584437614],[-78.51602231495634,45.16229858443454],[-78.51610951138325,45.16231610153766],[-78.5167295113833,45.16238610154345],[-78.51680106858407,45.16238938166985],[-78.51729106858205,45.16237938166902],[-78.51738280850134,45.16236957193137],[-78.51799280850221,45.162249571930424],[-78.51804914912316,45.16223504510329],[-78.51835914912319,45.162135045104],[-78.51839612201995,45.162121350296474],[-78.51892011082123,45.16190072342489],[-78.51915743498057,45.16185622515272],[-78.52003561948447,45.16179832287564],[-78.52010722744156,45.1617886824255],[-78.52044722743912,45.1617186824287],[-78.5205076366075,45.16170221789057],[-78.52114763660593,45.161482217890345],[-78.5212368289334,45.16143966350956],[-78.52156329333829,45.161231089019736],[-78.52220342252183,45.160984182051294],[-78.52256331368868,45.1608826742837],[-78.52312268530716,45.16074706904609],[-78.52345539021384,45.160786210798975],[-78.52370281695568,45.160903412943064],[-78.5237834647612,45.16098982130634],[-78.52396081176708,45.16126984290703],[-78.52399860446359,45.16131641387104],[-78.52404873794015,45.16135678605536],[-78.52410922537166,45.16138935950655],[-78.52433922537826,45.161489359505836],[-78.52441735223202,45.16151525668682],[-78.52450173128881,45.16152814164515],[-78.5245880611748,45.16152735754167],[-78.52514806117978,45.161477357537535],[-78.52522033239761,45.161465803451264],[-78.5262548932935,45.161224083606804],[-78.52666785090445,45.16118737627038],[-78.52672571485188,45.16117899145839],[-78.52678105580813,45.16116442557251],[-78.52733105581393,45.1609844255666],[-78.52739499002178,45.16095791038962],[-78.52776582696056,45.16076773760093],[-78.52890581776597,45.1603233344003],[-78.52957545043515,45.16012923797707],[-78.52959047622632,45.160124614833386],[-78.5304804762297,45.15983461483635],[-78.53050875210614,45.15982437533569],[-78.530760177443,45.15972380519366],[-78.53107574656458,45.15967263182806],[-78.53116005078705,45.15965138059],[-78.53123503230493,45.159616896152706],[-78.53135242410673,45.159547842153756],[-78.53164784175131,45.15947398773759],[-78.53171253875684,45.15945284045257],[-78.53219412804494,45.15925504485683],[-78.5323335460057,45.159248983204954],[-78.53241686540034,45.15923875682867],[-78.53299533699136,45.15912009598226],[-78.53304764235854,45.159152475496164],[-78.53310768265784,45.15918293132179],[-78.53317492028286,45.15920466987792],[-78.53324683892154,45.15921687759636],[-78.5333207470621,45.159219097638854],[-78.53339387877905,45.15921124690226],[-78.53346349714502,45.15919361920754],[-78.53376349714587,45.15909361920826],[-78.53381773373822,45.159071541304534],[-78.53386612886867,45.159043519778585],[-78.53390738414708,45.1590103064125],[-78.53411738415534,45.158810306413926],[-78.53415508317828,45.15876610781074],[-78.5342921997574,45.15856369761429],[-78.53446021049649,45.15852805896762],[-78.5345452797855,45.15850170388839],[-78.53497527978843,45.15832170389147],[-78.53503699335053,45.158289558397676],[-78.53508835679438,45.15824937591959],[-78.53512730151371,45.15820277474523],[-78.5351522590469,45.15815163169778],[-78.5352334043203,45.15790819589146],[-78.53533430116401,45.15781570711949],[-78.53550396101143,45.15801081593507],[-78.53555067029833,45.158054047627616],[-78.53560873557572,45.158089796964695],[-78.53578873557368,45.158179796963154],[-78.53584385883357,45.15820272911081],[-78.53590363755052,45.15821885973616],[-78.53626473765304,45.158292553632364],[-78.5362927828445,45.15832059881095],[-78.5364648998095,45.158710126706666],[-78.53649161375051,45.15875551660168],[-78.53652957826897,45.15879673335507],[-78.53657753111085,45.158832406604844],[-78.53663387797755,45.15886135029635],[-78.5368238779747,45.158941350293986],[-78.53689033792693,45.15896352900665],[-78.53696159270578,45.15897633237998],[-78.5370350073426,45.1589792869659],[-78.53710786701237,45.15897228348435],[-78.53717747742458,45.158955580937594],[-78.53724126442383,45.158929796962305],[-78.53732348777798,45.15888868529383],[-78.53734924741886,45.15889264831052],[-78.53776120523766,45.15908336951171],[-78.5379741631327,45.15931998940471],[-78.538041436384,45.15942089926263],[-78.53793939338081,45.15955270479727],[-78.53784765240358,45.159595877021346],[-78.53779630596348,45.15962483176212],[-78.5377527579455,45.15965955834929],[-78.53771829622397,45.15969902980185],[-78.53769393996562,45.15974207879503],[-78.53760393996026,45.15995207879443],[-78.5375891622657,45.16000571822413],[-78.53759004053335,45.160060355861766],[-78.53760653863978,45.160113745586756],[-78.53763797835994,45.160163692599276],[-78.5376830672435,45.160208143602105],[-78.53772750791985,45.16024369614525],[-78.537284444363,45.16044275368533],[-78.53722065726177,45.160478701424324],[-78.53716915715064,45.16052337590104],[-78.53713229338886,45.16057473914354],[-78.53711174763913,45.160630448031135],[-78.53709566487528,45.16070684115816],[-78.53687321881416,45.16073464691776],[-78.5367889507151,45.16075242163076],[-78.53668495335195,45.160783935986196],[-78.53661707380371,45.16074049308176],[-78.53655538507165,45.16070834021281],[-78.53648583024666,45.16068551383279],[-78.53641120955487,45.16067293293622],[-78.53620120955938,45.16065293293457],[-78.53611374977838,45.16065171908604],[-78.53602818704935,45.16066454484539],[-78.53564818704234,45.16075454484385],[-78.53556911594538,45.16078068810034],[-78.53550052466167,45.1608187942035],[-78.53510052466905,45.16109879419971],[-78.53505322823032,45.16113904335974],[-78.53501784357765,45.16118496904593],[-78.53499570129866,45.16123484427406],[-78.53498763400323,45.16128679355948],[-78.53499394508204,45.16133886342577],[-78.53501439719646,45.16138909584203],[-78.53504822127756,45.161435601893785],[-78.53509414542229,45.16147663278575],[-78.53512443450899,45.16149493237538],[-78.53507112230088,45.161881445866356],[-78.53499503285009,45.162160440539964],[-78.53485086060914,45.16235549710953],[-78.53482618684983,45.16239701661314],[-78.53481166319172,45.16244085128185],[-78.53476876369963,45.162646768797615],[-78.53447079707388,45.16314337984574],[-78.53386284518298,45.16380577518617],[-78.53378288999328,45.16384267758278],[-78.53332661656616,45.16381174379953],[-78.53325134914573,45.16381188558063],[-78.53317757920202,45.163822415021535],[-78.53310816481725,45.16384292415236],[-78.53295500734633,45.16390126985583],[-78.53275172882663,45.163924501690445],[-78.53229904623606,45.16383558189815],[-78.53206624022918,45.16376333174732],[-78.53159525783629,45.16353726020477],[-78.53149629908805,45.16350327165547],[-78.53109629908268,45.16341327164803],[-78.53100743658196,45.16340119998843],[-78.53091703738374,45.16340418364383],[-78.53057703738618,45.16344418364714],[-78.53052110601503,45.16345386269788],[-78.53046787162391,45.1634693519351],[-78.5297078716226,45.16373935193946],[-78.52962848851841,45.16377700223745],[-78.52923848852495,45.16401700223035],[-78.52920534025985,45.16404005429411],[-78.52901730005264,45.16418780017296],[-78.52896351210933,45.16419346206555],[-78.52889649061288,45.16420494974835],[-78.5288334876341,45.164224735771306],[-78.52877655304202,45.164252176392694],[-78.52872753926333,45.16428637877696],[-78.52868804103004,45.164326230136034],[-78.52865934346327,45.16437043384165],[-78.52859934345545,45.16449043384259],[-78.52858164332193,45.164540946739834],[-78.5285780463161,45.16459291534802],[-78.52858868651775,45.164644402531074],[-78.52880080356869,45.16525182861179],[-78.52885852239795,45.165838636766715],[-78.52887154182373,45.16589208896954],[-78.52889948341216,45.16594262164769],[-78.52894121556022,45.165988188277254],[-78.52922528498966,45.16623883777988],[-78.5292862924885,45.166437112159706],[-78.52929567493561,45.1664618603146],[-78.52946058014594,45.166826387619835],[-78.52943021784372,45.167008561387036],[-78.52942909031955,45.167063714513915],[-78.52944391982837,45.16711787419392],[-78.52947408513442,45.16716877157011],[-78.5295072697651,45.1672029054758],[-78.52945380741673,45.16720113835489],[-78.52891140482176,45.16722738365101],[-78.52853121207589,45.16713477260036],[-78.52853225905534,45.16713163168588],[-78.52854210789454,45.16708040577783],[-78.5285378973518,45.16702879699882],[-78.52851978233454,45.166978704252614],[-78.52848842937937,45.16693197066658],[-78.52837842938841,45.166801970664814],[-78.52832882854713,45.16675557531245],[-78.52826627247114,45.16671774890874],[-78.52819366770458,45.16669024897159],[-78.5279136677021,45.16661024897396],[-78.52784318679758,45.16659548735416],[-78.5277700000033,45.16659050541437],[-78.52727000000613,45.16659050541437],[-78.52717838515488,45.16659835420162],[-78.52694838514827,45.16663835420493],[-78.52686177065989,45.16666156800137],[-78.52678562269021,45.16669878370341],[-78.52646024090382,45.166903093189894],[-78.52608807196252,45.16690973906112],[-78.52566407607875,45.16684189971918],[-78.52530208152064,45.16673979869519],[-78.5252220860267,45.16672408125894],[-78.52513916224318,45.16672090584018],[-78.52487916223905,45.166730905841],[-78.52480214342016,45.16673947911953],[-78.52472919337816,45.16675888461613],[-78.52437804751511,45.16688243594485],[-78.5243836168916,45.16687340956508],[-78.52439947327875,45.16682323951884],[-78.52440152583723,45.16677186033125],[-78.52438969989844,45.166721141001155],[-78.52432969989063,45.166561140996905],[-78.52430535242732,45.1665142905131],[-78.52426916754068,45.166471406127215],[-78.52422238549711,45.1664339577705],[-78.52416660983643,45.166403229018734],[-78.52410375233273,45.166380273164535],[-78.52403596752873,45.16636587704227],[-78.52354596753075,45.166295877045464],[-78.52346692879699,45.1662905141122],[-78.52338802247321,45.16629677109375],[-78.5233126509399,45.16631437819908],[-78.52324406411745,45.166342576235],[-78.52293406411742,45.16650257623027],[-78.52287530981873,45.1665400782164],[-78.52282878939575,45.16658531192134],[-78.52279650196117,45.166636333516564],[-78.52277983498995,45.16669095048397],[-78.52273983499323,45.166950950487504],[-78.52273861036672,45.16699951050122],[-78.5227497726751,45.16704743684333],[-78.52277295937152,45.16709317294008],[-78.52280741739658,45.167135233364235],[-78.52285202760052,45.167172252056744],[-78.5231120275919,45.16735225205367],[-78.52317004610262,45.16738524028398],[-78.52323604371617,45.16740966847692],[-78.52330751226548,45.16742460823265],[-78.52338173563813,45.16742949180691],[-78.52345589304797,45.167424133589805],[-78.52352716620717,45.16740873721143],[-78.52359284645996,45.16738388781641],[-78.52365043767192,45.167350529758686],[-78.52369775115261,45.16730993079468],[-78.52383470132702,45.167165772724196],[-78.52397863963265,45.167111396038166],[-78.52395594293469,45.16713692982367],[-78.52391934344475,45.1671904338503],[-78.52369268005978,45.167643760663424],[-78.52349802243869,45.16780597533824],[-78.52344665090085,45.16786136628511],[-78.52328665090126,45.16809136628617],[-78.52326285259262,45.168134662612495],[-78.52324995270291,45.16818019525879],[-78.52316338920026,45.168728430770514],[-78.52289121830056,45.169413550657936],[-78.52274665090737,45.16962136628694],[-78.52272497267509,45.16965970859312],[-78.52241497267507,45.17035970858814],[-78.52240743875423,45.17037928205173],[-78.52219743874598,45.17101928205076],[-78.52218826470308,45.17109580014242],[-78.52220826470143,45.1713358001443],[-78.52221606202735,45.17137635795648],[-78.52223248415228,45.171415615888485],[-78.52237248415354,45.17167561589202],[-78.52240685322123,45.17172408918238],[-78.5224542872832,45.17176673688016],[-78.52251286853628,45.17180183471408],[-78.52258022852708,45.171827963651424],[-78.52268022853161,45.171857963644925],[-78.52275357218353,45.171874056990184],[-78.52283000000119,45.171879494582434],[-78.52337999999426,45.171879494582434],[-78.52341047111278,45.17187863760762],[-78.52407991089017,45.17184092269382],[-78.52432346133904,45.1718637555417],[-78.52462890309906,45.17193562420498],[-78.52469879045306,45.17194706707083],[-78.52511879045679,45.17198706706515],[-78.52517000000017,45.17198949458255],[-78.52597999999738,45.17198949458255],[-78.52601485989206,45.17198837241608],[-78.52663485989211,45.17194837242175],[-78.52668648639688,45.17194251130978],[-78.5272364864027,45.17185251130234],[-78.52728692217372,45.17184162602977],[-78.52802692217666,45.17164162603119],[-78.52810009297419,45.171615175865284],[-78.52851009296599,45.17142517586754],[-78.528576163999,45.17138640537039],[-78.52907599112902,45.171018608053785],[-78.5295594980546,45.17079545100534],[-78.52958854107526,45.17078063024944],[-78.52986044876107,45.170627682181866],[-78.52992043413597,45.17061203381708],[-78.53013447540155,45.17065095041622],[-78.53020870241969,45.17065907627983],[-78.53028375126424,45.17065681888539],[-78.53035672593235,45.170644265333536],[-78.53042481043053,45.170621900049774],[-78.53048537747628,45.17059058607254],[-78.53053608988319,45.17055153177964],[-78.53070608988197,45.17039153177539],[-78.5307469172498,45.17034336066032],[-78.53099691724202,45.16996336066482],[-78.53102029100512,45.169917262942285],[-78.53103144694029,45.16986894585997],[-78.53103395547701,45.16984386049549],[-78.53135796671569,45.169519849248736],[-78.53165627022973,45.16933001975123],[-78.53172589538956,45.169270980934634],[-78.5319550088306,45.16900792477267],[-78.53211126443733,45.16892979696291],[-78.53216773498269,45.16889524243905],[-78.53257318507067,45.16859331152147],[-78.5328143833306,45.16853483921843],[-78.5328803392633,45.168513736930024],[-78.53293946554122,45.16848424782639],[-78.5329896406349,45.16844743001515],[-78.5332596406382,45.16820743001326],[-78.53329546162686,45.168169357084885],[-78.53332164349341,45.16812756723329],[-78.53333743395599,45.16808326123652],[-78.53336743395353,45.16795326123475],[-78.53337213761762,45.16790015118225],[-78.53336194211361,45.167847425132585],[-78.5333372449646,45.167797138808425],[-78.53329900908729,45.16775125282778],[-78.53324872526652,45.16771155623944],[-78.53318835399327,45.16767959676878],[-78.53312024911354,45.167656620495876],[-78.53265024911391,45.16753662049493],[-78.53257955194063,45.16752379354082],[-78.53230955195006,45.16749379354732],[-78.53221002850925,45.167491981780145],[-78.53167002850263,45.16753198177447],[-78.53160459444723,45.16754094592794],[-78.53154236339259,45.16755778210808],[-78.53127572452232,45.16764943921976],[-78.53109999999744,45.16766761761768],[-78.53090396290611,45.167647337925565],[-78.53056380309374,45.167560320288935],[-78.53024921597029,45.167394288205344],[-78.53020618610765,45.16737460745596],[-78.53015199271296,45.1673533171861],[-78.53063239437745,45.167367446652456],[-78.53072467349644,45.167392054409646],[-78.53078565495427,45.16740435215724],[-78.53084868193459,45.16740937651547],[-78.53091202033579,45.16740698922464],[-78.5311715772356,45.16738187082012],[-78.53145107918387,45.16740728008116],[-78.53153283408103,45.167408499283646],[-78.53161308747359,45.16739743999842],[-78.53207404610797,45.16729686720636],[-78.53269230751972,45.167375238369736],[-78.53277178977844,45.167379366469824],[-78.53319696828922,45.167370123452336],[-78.53344252599575,45.167396433211564],[-78.5335037191209,45.16739948184211],[-78.53356481653307,45.16739559493968],[-78.5338733824699,45.1673581930079],[-78.534351668634,45.16733906156034],[-78.53445784173718,45.16732398774005],[-78.53463909980832,45.16727867322267],[-78.53536454798353,45.167269605125135],[-78.53627232583545,45.167299206572075],[-78.53635678117966,45.16729535307798],[-78.5372367811711,45.16718535307787],[-78.5372732703534,45.16717948084475],[-78.53810950013099,45.1670141796215],[-78.53847506991129,45.166976685280034],[-78.53851288316778,45.16697142359588],[-78.53936288317445,45.16682142360144],[-78.53939018781075,45.166815837212255],[-78.53999018781245,45.16667583720966],[-78.54005769956231,45.16665479480295],[-78.54073769955744,45.16638479480757],[-78.54076699851377,45.166371899312004],[-78.54108249824377,45.16621865657905],[-78.541184565223,45.16618949458795],[-78.54153307735383,45.16618949458795],[-78.54215622084155,45.16622844104709],[-78.54222061740084,45.16622862934295],[-78.54228414563471,45.16622119919758],[-78.54234500384727,45.16620636133776],[-78.5427902199839,45.166067231299614],[-78.54324103096437,45.1659965158396],[-78.54391855873737,45.16594812100809],[-78.54395692690994,45.16594398500283],[-78.54470827581633,45.165835237128455],[-78.54568955194718,45.16572620645545],[-78.54577451160411,45.16570950908299],[-78.54648021431454,45.165506498713114],[-78.54703164336145,45.16540706069089],[-78.54758751767672,45.165378795892174],[-78.54765914163056,45.16537027945006],[-78.54802914163841,45.16530027945325],[-78.54809992070754,45.16528142608818],[-78.54816404663451,45.16525311985018],[-78.54838404662918,45.16513311984924],[-78.54843336695966,45.165100956317275],[-78.54871781383655,45.16487971983996],[-78.54934914163195,45.1647602794535],[-78.54944681556499,45.16473105757172],[-78.54996681557326,45.164511057571495],[-78.55003030894564,45.164477412412204],[-78.55008256833642,45.164435247648726],[-78.55037256832534,45.16414524764271],[-78.55041171641405,45.16409576071135],[-78.55043531847856,45.16404159909996],[-78.55044233129964,45.16398515679183],[-78.55043244489669,45.16392892855224],[-78.55040609626852,45.16387539969617],[-78.55040223820295,45.16386961260538],[-78.55080509221169,45.16326122082675],[-78.55095795458988,45.16309596420485],[-78.5511313151991,45.16317026160723],[-78.55119584529004,45.1631923653465],[-78.55126509827944,45.16320558460387],[-78.55133663611838,45.16320945399814],[-78.55140794034064,45.16320383730878],[-78.55147650068875,45.16318893227294],[-78.5515399034977,45.16316526362353],[-78.55159591668821,45.16313366460188],[-78.55164256833574,45.16309524764569],[-78.55189256832796,45.162845247642984],[-78.55193108767324,45.16279679327115],[-78.55195469491281,45.16274380294611],[-78.55196238734831,45.162688527396824],[-78.55195383823764,45.162633314397226],[-78.55192941071397,45.16258050906226],[-78.55189014228617,45.16253235425162],[-78.55183770087628,45.162490895294454],[-78.55170466649605,45.16240537320005],[-78.55244035058146,45.16226389549577],[-78.55304955195444,45.162196206441976],[-78.5531199000156,45.16218346849295],[-78.5536699000214,45.162043468499334],[-78.55372316550108,45.16202656666133],[-78.55374488802723,45.16201662458387],[-78.55404159807114,45.162078439176724],[-78.55410642215861,45.16208773888689],[-78.5541725504741,45.16208902556184],[-78.55423800389134,45.162082260690795],[-78.55465800388234,45.162012260693984],[-78.55470171933749,45.16200088816622],[-78.55469784412797,45.16202050947408],[-78.55469253349138,45.16212672239256],[-78.55461421375855,45.162191538723896],[-78.55460706135128,45.16219118110458],[-78.55453792263367,45.16219214192464],[-78.55447015998297,45.16220186259434],[-78.55440598945623,45.16222002519987],[-78.55434750966477,45.16224603577519],[-78.55429663305827,45.1622790436786],[-78.5539366330496,45.16255904367481],[-78.55389094452273,45.16260271329606],[-78.55370826220314,45.16282019225529],[-78.55361528673366,45.16288217589311],[-78.55332039494326,45.16292640967432],[-78.55325092119834,45.16294182912143],[-78.55318685631404,45.16296625267008],[-78.55313052467933,45.16299879419515],[-78.55307416360037,45.16303824694479],[-78.55258919338401,45.163208884609986],[-78.55252247393983,45.163238800790666],[-78.55246591244865,45.16327774904644],[-78.55242192782703,45.16332406374806],[-78.5523631039328,45.163402495601616],[-78.55222436700133,45.16341636929066],[-78.55203155447774,45.16338670583301],[-78.55194669299385,45.16338051549748],[-78.55186199611744,45.16338773930882],[-78.55150199610877,45.1634477393048],[-78.55142916491454,45.16346550224986],[-78.55136286682927,45.16349319669922],[-78.5513057949071,45.1635296977106],[-78.55126026740594,45.16357352260564],[-78.5511102674055,45.16375352260256],[-78.55107869797763,45.16380173539047],[-78.55106115475272,45.163853374721185],[-78.55105831876007,45.16390643588736],[-78.5510703001034,45.163958858998164],[-78.55111043180904,45.16406587688798],[-78.55102150180319,45.16450163388484],[-78.55101904291385,45.16456333324181],[-78.5510365678986,45.16462380861725],[-78.5511281350017,45.16482103007275],[-78.55083924690983,45.164975103720394],[-78.5507837744486,45.16501129222585],[-78.55073948658928,45.165054463946866],[-78.55070811394086,45.16510293191021],[-78.55069088243002,45.16515480216186],[-78.55068846539996,45.16520804781505],[-78.55070846539832,45.16541804781445],[-78.55073023522648,45.16549133012055],[-78.55096023523308,45.16594133012184],[-78.55099323168814,45.16598997374176],[-78.551039307337,45.16603301479383],[-78.55109661797442,45.16606873050697],[-78.5516892243553,45.16636932795637],[-78.551759343465,45.16650956614726],[-78.55179591381658,45.16656303740335],[-78.55184820685795,45.16660956934455],[-78.5519136856406,45.16664690454947],[-78.55222368564063,45.16678690455206],[-78.5522925604178,45.166811485889795],[-78.55236703740627,45.1668258163542],[-78.55265457988246,45.166859644877604],[-78.55326650284881,45.167063619202665],[-78.55331691252789,45.167077439989924],[-78.55383003067197,45.16718939304425],[-78.55415847665046,45.16731629263657],[-78.55442378642442,45.167581602402095],[-78.55458780045497,45.16785495910525],[-78.55461226067325,45.167883779386194],[-78.5545490624191,45.16786390155542],[-78.55447210596851,45.16785214415346],[-78.55439336401002,45.16785174511282],[-78.55431617561256,45.167862721357785],[-78.55424381389503,45.167884607453225],[-78.55370685757147,45.168095554573384],[-78.55302417716668,45.168282590310355],[-78.55264784572397,45.168348448310134],[-78.552582365399,45.16836446915237],[-78.55252206439687,45.16838855729705],[-78.55246892402346,45.16841992130146],[-78.55222892401767,45.16858992129755],[-78.55216395412371,45.168651398312505],[-78.55169395412409,45.16926139831804],[-78.55167188393892,45.169295506307336],[-78.55150188394015,45.16961550630685],[-78.55148372513888,45.169661984924055],[-78.55147760693913,45.16971000000176],[-78.55147760693913,45.1698999999995],[-78.55148340423462,45.16994674878503],[-78.55150062033502,45.169992080100904],[-78.5515287332228,45.17003461944389],[-78.55170873322076,45.170254619444115],[-78.55175027168673,45.17029588191278],[-78.55206814004856,45.17055595602732],[-78.55223571789321,45.170723533859984],[-78.55232944657507,45.17091768612251],[-78.55230816190173,45.17103475179454],[-78.55216270554665,45.17125721444527],[-78.55213678700869,45.17131130370634],[-78.55212761718485,45.17136802709732],[-78.55213560760653,45.17142483901727],[-78.55216039969099,45.171479189921655],[-78.5522008808274,45.171528640695826],[-78.55225523434281,45.17157097213272],[-78.55252523434612,45.171740972128816],[-78.5525827863118,45.17177088890239],[-78.5532194066821,45.17204097026717],[-78.5535982625181,45.17225881237933],[-78.55365360231443,45.172285309356454],[-78.55422955825622,45.172511914983374],[-78.55443005064734,45.172633953836616],[-78.55448283554816,45.17266090978996],[-78.55454134993344,45.172681155651524],[-78.5551613499335,45.17285115564762],[-78.55523406606567,45.1728654582912],[-78.55530935215963,45.17286941397764],[-78.55584413946052,45.17286019349888],[-78.5562375147738,45.17291957091745],[-78.55633496767089,45.17297689614374],[-78.55641362732565,45.1730126503407],[-78.55650225531745,45.17303386598751],[-78.5568096909004,45.17307885655443],[-78.55713558283738,45.17328835851886],[-78.55739078132304,45.17349629803453],[-78.55744697380491,45.17353367451703],[-78.55765609413066,45.173646948022956],[-78.55795502970219,45.173890816520796],[-78.55809195169422,45.17423312147322],[-78.5581277047826,45.17429335455507],[-78.55818296222422,45.1743457602655],[-78.55843360735177,45.17453142333181],[-78.55857679911142,45.174674615084534],[-78.5585537961931,45.17485863843799],[-78.5585458750483,45.17487316053101],[-78.55831481888481,45.17502019627365],[-78.55805124789033,45.175125624666435],[-78.55799328900744,45.175154097074795],[-78.55794375168166,45.17518959803668],[-78.55790432686784,45.1752309157158],[-78.55787636034738,45.17527663972122],[-78.55781636035232,45.175406639722986],[-78.55780037910108,45.17545760856913],[-78.55779863963329,45.17550979261129],[-78.55781120724892,45.17556123410603],[-78.55786480941293,45.17569906826149],[-78.55785282495947,45.175854866090575],[-78.55779382892464,45.17593156093475],[-78.55776159700078,45.1759877711182],[-78.5576400623908,45.17629565880037],[-78.55747721878893,45.17640422119958],[-78.5574244170883,45.17644781161637],[-78.55738588901171,45.17649828541894],[-78.55736337714981,45.176553359700684],[-78.55735789970062,45.17661054349621],[-78.55737789969898,45.17697054349904],[-78.55738766024362,45.17702138905142],[-78.55741091731312,45.17707000938701],[-78.55744682789646,45.17711464210105],[-78.55749409031493,45.177153669372636],[-78.55755099139664,45.177185676534855],[-78.55805099139381,45.17741567653591],[-78.5581023952311,45.17743554036195],[-78.55815750329724,45.17744963316806],[-78.55864518162126,45.177545256368674],[-78.55929815100293,45.17773570576661],[-78.55955759308286,45.17787447711644],[-78.55955983498964,45.17788904951511],[-78.55957269207681,45.177934947766744],[-78.55959661864007,45.17797858733934],[-78.55963089361359,45.1780186530634],[-78.55967448405171,45.17805393750435],[-78.55992448405667,45.17822393750045],[-78.55999844086311,45.17826324142619],[-78.56008363755275,45.178288859734174],[-78.56043297715668,45.17836015352957],[-78.56058550398495,45.17853257517706],[-78.56062824735871,45.17857220402344],[-78.56068060352044,45.17860561646517],[-78.56074078617192,45.178631672558126],[-78.5608067420409,45.17864948330256],[-78.5608762208334,45.17865844105104],[-78.56119622083261,45.178678441052696],[-78.5612771762351,45.17867743581094],[-78.56135601653234,45.17866444038678],[-78.5614292070231,45.17864003740056],[-78.56149346629054,45.178605320946396],[-78.56154591334709,45.17856184749026],[-78.56176625272836,45.178334163462786],[-78.56177803065133,45.178331920046126],[-78.56202666078413,45.17834375958106],[-78.56218522641461,45.17842304239072],[-78.56233743168856,45.17857524765935],[-78.56237794346741,45.17860938160097],[-78.56242587323825,45.17863835179278],[-78.56243043713768,45.17864029560332],[-78.5624277829092,45.1786681748002],[-78.562437246105,45.178720127795664],[-78.56246079055562,45.17876980938296],[-78.56249752685305,45.178815342774854],[-78.56254606724188,45.17885500789521],[-78.56260457803268,45.17888730633616],[-78.5626708489043,45.17891101797894],[-78.56274237640588,45.178925247086426],[-78.5628164584588,45.17892945614269],[-78.56343580283321,45.17892208299542],[-78.56347530110473,45.17895991492377],[-78.56352963217365,45.17899510147531],[-78.56359254085429,45.1790222788454],[-78.56366168479795,45.17904043509985],[-78.56414168479675,45.179130435098315],[-78.5642260967011,45.179139316391186],[-78.56461609669456,45.179149316392014],[-78.56466449206721,45.17914839602309],[-78.56513449206683,45.17911839602959],[-78.56519498474988,45.17911104826871],[-78.56592822113731,45.178978535670105],[-78.56644548841182,45.17907552328587],[-78.56779053719029,45.17947805612788],[-78.56782500613905,45.179487020209486],[-78.56818500613497,45.17956702020712],[-78.56825824439936,45.17957788308469],[-78.56973704826702,45.17969237112186],[-78.5699286404214,45.17976262157795],[-78.57037110845204,45.18004892442369],[-78.5705174316667,45.18019524764961],[-78.57055596518603,45.180227959612026],[-78.57078361301643,45.180392808039464],[-78.57073962620241,45.180396525564554]],[[-78.51120434896957,45.165340820206424],[-78.51111859348894,45.16537545300049],[-78.51088837126099,45.16549878632606],[-78.51052760839092,45.16558468224538],[-78.51045621111967,45.16560767521796],[-78.51039298023464,45.16564045849764],[-78.51034058030166,45.16568165056533],[-78.5103012194877,45.16572951557048],[-78.51027655649912,45.16578203644493],[-78.51022655650324,45.16594203644918],[-78.51021780760493,45.1659912705497],[-78.51022201474437,45.16604080056427],[-78.51023903531444,45.16608894746974],[-78.51026829232227,45.16613407911707],[-78.51030879398043,45.166174665585515],[-78.51035916730667,45.166209331015374],[-78.51055676545394,45.16632224424297],[-78.51069056269557,45.16658196830202],[-78.51072101547199,45.16662737111481],[-78.5107628924068,45.16666800363987],[-78.51081473932294,45.166702454875434],[-78.51101473931926,45.16681245487555],[-78.51110272588494,45.16684870549052],[-78.5114427258825,45.16694870549879],[-78.51154509718289,45.166967630136206],[-78.51178509718866,45.16698763012887],[-78.51185373875705,45.16698897478109],[-78.51192161482552,45.16698164580398],[-78.51215161483213,45.16694164580965],[-78.5122105678095,45.16692772399786],[-78.5126119206578,45.16680656086727],[-78.5129880946438,45.16688769643424],[-78.51306327888099,45.16689824910558],[-78.51313993895145,45.16689802063705],[-78.51321499385057,45.166887020209444],[-78.51348499385388,45.16682702021346],[-78.51354944332363,45.16680797932507],[-78.51360789964889,45.166780990259824],[-78.51365841045818,45.1667469544322],[-78.51386841045368,45.16657695442712],[-78.51390819164509,45.16653830989175],[-78.51393767248031,45.166495324481325],[-78.51415767248773,45.16608532448335],[-78.51417652303803,45.166037038886984],[-78.51418237135752,45.16598712893895],[-78.51417501551713,45.165937318129],[-78.51415470950235,45.16588932654224],[-78.51411470949289,45.16581932654544],[-78.51408206365403,45.16577471133956],[-78.51403824357612,45.1657351370299],[-78.51398476962851,45.1657019766734],[-78.51392349714405,45.16567638079635],[-78.51332349715508,45.16547638079777],[-78.51327589449602,45.16546318080027],[-78.51269589449267,45.165333180798505],[-78.51263257514738,45.16532306476229],[-78.51171257514648,45.16523306476383],[-78.51164535678132,45.165230703083964],[-78.51157859201082,45.165236683321524],[-78.5115143489696,45.165250820207966],[-78.51120434896957,45.165340820206424]],[[-78.51700425341747,45.16620736817851],[-78.51692777257465,45.166225959567896],[-78.51685855326132,45.16625547454301],[-78.51679969384277,45.16629459198748],[-78.51675382893073,45.1663415609411],[-78.51672020633252,45.166385270312794],[-78.51666977984091,45.166399277671154],[-78.51660754243854,45.16642137646071],[-78.51655202949463,45.16645106879919],[-78.5165050848448,45.16648736847116],[-78.51646826769672,45.16652906982073],[-78.51644280093069,45.16657478777151],[-78.51642953037464,45.16662300383827],[-78.51640953037628,45.16676300384086],[-78.51640890842671,45.16681221574402],[-78.5164209952723,45.16686068678859],[-78.51644538781974,45.16690680053708],[-78.51648127261706,45.16694901918151],[-78.51676127261955,45.16721901917689],[-78.51680747088912,45.16725594670836],[-78.51686243022985,45.16728633515135],[-78.51692431655714,45.167309170379774],[-78.51699106459158,45.167323690334804],[-78.51706044684258,45.16732941047415],[-78.51713014790742,45.16732613988787],[-78.51719784172737,45.16731398773922],[-78.51735784172698,45.16727398774489],[-78.51742673701315,45.16725109080221],[-78.51748782588521,45.16721902431525],[-78.51753868436629,45.1671790606488],[-78.51757729445345,45.167132785562885],[-78.51774729445222,45.16687278555935],[-78.51776791889846,45.16683344423674],[-78.51777963246467,45.16679232411512],[-78.51783963245974,45.16644232411312],[-78.5178414164126,45.16639075132062],[-78.51782922386083,45.166339883867316],[-78.5178035015925,45.16629158573047],[-78.51776519214276,45.16624762673492],[-78.51771569934027,45.166209617694726],[-78.51765683676062,45.16617895139383],[-78.51759076135558,45.16615675157076],[-78.51751989437429,45.1661438317039],[-78.51744683264802,45.166140665232355],[-78.51737425341257,45.16614736817355],[-78.51700425341747,45.16620736817851]],[[-78.53223236918653,45.16994992875825],[-78.53219419677372,45.16999496114175],[-78.53216912589922,45.170044352025236],[-78.53215810641464,45.17009623013714],[-78.53216155582949,45.170148629945636],[-78.53217934345456,45.17019956617396],[-78.532219343464,45.170279566171594],[-78.5322518463261,45.17032835463588],[-78.53229747503396,45.17037160903783],[-78.53235440448923,45.170407599240185],[-78.53242035756672,45.170434885665756],[-78.53249269618772,45.17045237687943],[-78.53256852689861,45.17045937325531],[-78.53264481651942,45.170455594941224],[-78.53297481651781,45.1704155949469],[-78.53304117038148,45.17040314334485],[-78.53310329467197,45.17038252917402],[-78.53315918619776,45.170354417124834],[-78.53320704275308,45.17031971366929],[-78.53324532119073,45.17027953782077],[-78.53331532118499,45.17018953782231],[-78.53334647292493,45.170136951218126],[-78.53336123875256,45.17008092393166],[-78.53335895844077,45.170023961085754],[-78.53333973396103,45.169968609628825],[-78.53330442488196,45.169917344464395],[-78.53325460996432,45.16987245778764],[-78.53303460996965,45.16971245778339],[-78.53297850784725,45.16967883756133],[-78.53291430168147,45.16965341982918],[-78.53284437278684,45.169637147279],[-78.53277131465506,45.169630623416964],[-78.5326978368979,45.16963409020429],[-78.53262666463948,45.169647419065114],[-78.5325604375391,45.169670115665525],[-78.5325016118094,45.16970133822121],[-78.53245236919395,45.16973992875885],[-78.53223236918653,45.16994992875825]],[[-78.53826960901064,45.210116755664636],[-78.53821854227833,45.21016561420649],[-78.53818428140238,45.21022128649672],[-78.5380542814003,45.21052128649458],[-78.53803921303603,45.21057532599797],[-78.5380400469843,45.21063039593187],[-78.53805674843463,45.21068419647441],[-78.53808861988931,45.21073448082229],[-78.53813433035279,45.21077914902877],[-78.53819197086796,45.21081633566132],[-78.53825913428322,45.21084448773943],[-78.53833301572,45.21086242958398],[-78.53841052977614,45.21086941192818],[-78.53848843931593,45.21086514315191],[-78.53887843932213,45.21081514315676],[-78.53894976842544,45.21080084757394],[-78.53901584103902,45.21077711796486],[-78.53907417225803,45.210744846760825],[-78.5391225683317,45.21070524764868],[-78.53920256832514,45.210625247651045],[-78.53923965075202,45.210579109674995],[-78.53926319673222,45.21052874760489],[-78.5392722947299,45.21047611117116],[-78.53926659249733,45.21042323814813],[-78.53917659250472,45.21006323814531],[-78.53915565533744,45.21001099783268],[-78.53912028781598,45.209962774426685],[-78.53907192494674,45.209920524556814],[-78.53901252900525,45.20988596245118],[-78.53894450992178,45.20986049043384],[-78.53887062749077,45.209845142016526],[-78.53879387941892,45.20984053993834],[-78.53871737969861,45.2098468709231],[-78.53864423220159,45.20986387810654],[-78.53857740482059,45.2098908714298],[-78.53851960901561,45.209926755666885],[-78.53826960901064,45.210116755664636]],[[-78.5419627386075,45.17093352452589],[-78.5419007748201,45.17096861925164],[-78.54185044587696,45.171011984685364],[-78.54181392676604,45.17106174675273],[-78.54166392676561,45.17133174675709],[-78.5416442445104,45.17138000557468],[-78.54163760694439,45.17143000000028],[-78.5416442445104,45.17147999441689],[-78.54166392676561,45.17152825324346],[-78.5417639267574,45.17170825324038],[-78.54179892878759,45.171756375594896],[-78.54184685843096,45.171798604282486],[-78.54190578585174,45.17183323899895],[-78.54197333840293,45.17185888520861],[-78.54238333840749,45.17197888520955],[-78.54245684855336,45.17199451750348],[-78.54253330814788,45.171999484495295],[-78.5426096343637,45.17199358593256],[-78.54268274972696,45.17197705963526],[-78.5427497062676,45.17195057193774],[-78.54280780427781,45.17191519082908],[-78.54285470128148,45.171872342860894],[-78.5428885063959,45.171823755655176],[-78.54290785659373,45.17177138823094],[-78.54291197169115,45.17171735205132],[-78.54290642231383,45.17163411124655],[-78.54302609627565,45.17145460030145],[-78.54305047338717,45.17140676229966],[-78.54306167137281,45.171356549313955],[-78.54305929189375,45.17130574760834],[-78.5430392918954,45.17119574760823],[-78.54302463029536,45.17114881748878],[-78.54299837518779,45.17110446858847],[-78.54296136136223,45.171064110992795],[-78.54291476567155,45.17102902788226],[-78.54264476566823,45.170859027877185],[-78.54258763680772,45.170829290865484],[-78.54252369037606,45.1708075122894],[-78.54245513220759,45.170794443418984],[-78.5423843272632,45.170790535064775],[-78.54231371801484,45.17079592206391],[-78.54224574014059,45.170810418563924],[-78.54218273860216,45.17083352452661],[-78.5419627386075,45.17093352452589]],[[-78.5556361139261,45.17558541077968],[-78.55563889201169,45.17558311733584],[-78.55564919396117,45.17527405710969],[-78.55575573570401,45.174934264807995],[-78.55581573569908,45.17480426480623],[-78.55593158597247,45.17461485477704],[-78.55575187556077,45.174495320229184],[-78.55568170356614,45.17443814304525],[-78.55549638667307,45.17439378215243],[-78.55536234775902,45.17439609316732],[-78.55486044046174,45.17436972196332],[-78.55437566620908,45.17427437097919],[-78.55375566620903,45.1741043709831],[-78.55336557033688,45.17396939859962],[-78.5530136710193,45.17378969221705],[-78.55298038836854,45.17376943321313],[-78.55259734870631,45.173618729083245],[-78.55222841677327,45.173442082515244],[-78.55196937790136,45.17329313515767],[-78.55146524204281,45.173079259341044],[-78.55108156229285,45.172879814159955],[-78.55081156228954,45.17270981416386],[-78.55044920549047,45.17242760459951],[-78.55017933124348,45.172097932771706],[-78.55001405072711,45.17173559340317],[-78.5499607812323,45.17135684726717],[-78.5499901738622,45.171175028065015],[-78.5498315548114,45.17101746294434],[-78.54965155481344,45.170797462944115],[-78.54946413553608,45.170513867333185],[-78.5493493615462,45.17021165858465],[-78.54931071292657,45.1698999999995],[-78.54931071292657,45.16971000000176],[-78.54935150090792,45.169389899498725],[-78.54947255964247,45.16908004206267],[-78.54964255964126,45.168760042063155],[-78.54978969417928,45.16853265542296],[-78.5502596941789,45.16792265541742],[-78.55043538961642,45.16775640562713],[-78.55030804566557,45.1676837956651],[-78.54995942540673,45.16737358267585],[-78.5499592917476,45.16737338725635],[-78.54983078643079,45.16730820340626],[-78.54944871557414,45.16707009863403],[-78.5491415445562,45.16678315831682],[-78.54905270909069,45.16665219639904],[-78.54859094425703,45.16677519635082],[-78.54822094424918,45.16684519634763],[-78.5477434511938,45.166901972604464],[-78.54738095580272,45.166920404578825],[-78.54716142875179,45.16695999141998],[-78.54659341066537,45.1671233938832],[-78.54602701299504,45.16723470967266],[-78.54509517218024,45.167338247542965],[-78.54439284605152,45.16743990001118],[-78.54413705818344,45.167467473376625],[-78.54358687311213,45.16750677230773],[-78.54347146656765,45.16752487529209],[-78.54322335898772,45.16760240891121],[-78.54281763751538,45.167701328021614],[-78.54239411597747,45.167750862330124],[-78.54196480562044,45.16774960702434],[-78.54174890807873,45.167736113430465],[-78.54112133037383,45.16798529868816],[-78.5406712520712,45.16812558139956],[-78.54007125206951,45.16826558140215],[-78.539889221131,45.16830282400873],[-78.53903922112436,45.16845282400317],[-78.53878713275617,45.168487901885506],[-78.53856000083775,45.16851119747356],[-78.53785846906688,45.16864987235331],[-78.53761520784737,45.16868902053814],[-78.53673520785593,45.16879902053825],[-78.53617217223638,45.16882471048688],[-78.53533365321172,45.16879736748542],[-78.53526163889829,45.168798267660215],[-78.5351964108253,45.16890238060501],[-78.53506664067969,45.16904030893087],[-78.53514283257358,45.16910896308968],[-78.53537822643825,45.16945073084957],[-78.535506389628,45.16981974055943],[-78.53552159167688,45.17019949286245],[-78.53542315283026,45.17057300809059],[-78.53521547455973,45.17092358545779],[-78.53514547456548,45.17101358545625],[-78.53489028497683,45.1712814244554],[-78.53457124132991,45.17151278081372],[-78.53419863114527,45.17170019447193],[-78.53378446921288,45.17183762229244],[-78.53334211013876,45.17192063293985],[-78.53301211014038,45.17196063293418],[-78.53250351265982,45.17198582171271],[-78.53199797460415,45.17193917922483],[-78.53167407066496,45.171860860433235],[-78.53152873619129,45.171936000284674],[-78.53107483954099,45.17208510217044],[-78.53058834174084,45.17216879251912],[-78.53053568613984,45.172170376347786],[-78.53046994085474,45.17220072032417],[-78.53014109332531,45.17244270245873],[-78.52970061979313,45.172701172478625],[-78.52929061980132,45.17289117247637],[-78.52880281444634,45.17306750688879],[-78.52806281444339,45.17326750688737],[-78.52772657595715,45.17334007539215],[-78.52717657595133,45.173430075399594],[-78.5268323992783,45.173469149464424],[-78.52621239927825,45.173509149458745],[-78.52597999999738,45.17351663056555],[-78.52517000000017,45.17351663056555],[-78.52482860305703,45.17350044711927],[-78.52440860305329,45.17346044712494],[-78.52394268739394,45.17338416133761],[-78.52393068569455,45.17338133741165],[-78.52358314075049,45.17340091740599],[-78.52337999999426,45.17340663056544],[-78.52283000000119,45.17340663056544],[-78.52232048122103,45.173370379959444],[-78.52194785905473,45.17328861776367],[-78.52192989959498,45.17350201341281],[-78.5218154931358,45.17382487062985],[-78.52161856225169,45.17412731983942],[-78.5213458629995,45.17439898499693],[-78.52100675076566,45.17463054620706],[-78.52023261942878,45.17506890973759],[-78.51976587782592,45.17536511112842],[-78.51934901385317,45.175580036428826],[-78.51888901385271,45.17577003642658],[-78.51871156054155,45.175836847314294],[-78.51855803890498,45.17588926933813],[-78.51839433365683,45.17597651821909],[-78.5179752595669,45.17612411698982],[-78.51746525955781,45.176264116992414],[-78.51697286375257,45.176360541508224],[-78.51646307223692,45.17638581237481],[-78.5164338990624,45.1763851916659],[-78.51562357649117,45.176569655337566],[-78.51521630451694,45.17663694918653],[-78.5147989001973,45.17665639705666],[-78.51407590986624,45.1766481812627],[-78.5140892870717,45.17673999999927],[-78.5140892870717,45.17686000000021],[-78.514043107106,45.177179084059496],[-78.51408581185807,45.17718657612575],[-78.51450739359247,45.177288854845486],[-78.51489724265538,45.1774413342979],[-78.51510724265088,45.17754133429719],[-78.51540135878244,45.17770479464785],[-78.51593544170258,45.17804936427107],[-78.51612271016411,45.17814968666673],[-78.51650118489444,45.17839904899135],[-78.51676272339333,45.17865973219061],[-78.516800417152,45.17867724738931],[-78.51716368001868,45.178932857703344],[-78.51734935396489,45.179092921452046],[-78.51751933249867,45.17890383682859],[-78.51780743659555,45.17867863154045],[-78.5183074365927,45.1783486315401],[-78.5185004999789,45.178238888350364],[-78.5186538799261,45.17807366707717],[-78.51900404840522,45.17782210754523],[-78.51941715599072,45.177623558945676],[-78.51987730940728,45.177485659922866],[-78.52029635671694,45.17742407005257],[-78.5203393445036,45.177357628929386],[-78.5206193445061,45.17700762892739],[-78.5209977192024,45.17664817192022],[-78.52137771919668,45.17636817192401],[-78.52171380454725,45.17616048558953],[-78.52209619532668,45.175997362116085],[-78.52251313556135,45.17588381644757],[-78.52310313556387,45.17576381644663],[-78.52353039621762,45.17570420843053],[-78.52396581864338,45.175696728635266],[-78.52424488174462,45.175725787374006],[-78.52439707295926,45.175660241556756],[-78.52494821676645,45.175531405286506],[-78.52589821676489,45.17539140528391],[-78.52640525582804,45.17535339947765],[-78.52691288475796,45.1753872693595],[-78.52740079509259,45.17549165991067],[-78.52784946725946,45.17566239483646],[-78.52828946726156,45.175872394835864],[-78.52871778021002,45.17612969402755],[-78.52891778020634,45.176279694030974],[-78.52923684892548,45.17657498145787],[-78.52946301411602,45.17691017359479],[-78.52947062192794,45.17693237928386],[-78.5294884991222,45.17694931648854],[-78.5297691248472,45.17710335511985],[-78.52990163174171,45.17720312932759],[-78.53014632223176,45.17732260622157],[-78.53048981264945,45.17753612729349],[-78.53059110785752,45.17754430826876],[-78.53107424508548,45.17765475800143],[-78.53151672327503,45.17783051823767],[-78.53190097755783,45.17806461188843],[-78.53221175432562,45.178347746232426],[-78.53243671682624,45.17866868180935],[-78.53256693481785,45.17901467855911],[-78.5325972390728,45.179372001600356],[-78.53253789720168,45.17966904832384],[-78.53273033348874,45.17962853541844],[-78.53334495233892,45.17955519993206],[-78.53396645018535,45.17958918028872],[-78.53438645018909,45.1796491802847],[-78.5348182543352,45.17973947911672],[-78.53522076953095,45.179881925663025],[-78.53558143064625,45.180072073271944],[-78.53588897916259,45.18030398619048],[-78.53589302823349,45.18030839255271],[-78.53603295744104,45.18039133826989],[-78.53635680437817,45.180682187552165],[-78.53658932189498,45.18101359518561],[-78.53672066409669,45.18137152780564],[-78.53674526931842,45.181740828821184],[-78.53666209566653,45.18210586026097],[-78.5365820956731,45.18231586026037],[-78.53637987759308,45.182681440624684],[-78.53617987758402,45.18295144062905],[-78.5360472928343,45.183095715408655],[-78.53613318953266,45.18311241754219],[-78.53625033694705,45.18311892572862],[-78.53668722266357,45.18317040189833],[-78.53710487031267,45.18327439745129],[-78.53749067086554,45.18342777268575],[-78.5377806708672,45.18356777268834],[-78.53810423143017,45.1837531011861],[-78.53838059914472,45.183973121479276],[-78.53872059914228,45.18429312147879],[-78.53895739846715,45.18456265336208],[-78.53912329215079,45.184857321571265],[-78.53921311517189,45.18516795177406],[-78.53922407093702,45.185484872636245],[-78.53920407093867,45.18570487263647],[-78.53905015850914,45.18621481754006],[-78.5389501585046,45.186404817537806],[-78.53871940612692,45.1867348963743],[-78.53839807388303,45.18702492050907],[-78.53836418846608,45.18704976981425],[-78.53829902742658,45.18712798768013],[-78.53848074546558,45.18728251192272],[-78.53871622387734,45.187587324734544],[-78.53886415030041,45.18791835865984],[-78.53892415030823,45.18811835865842],[-78.53897919911618,45.18847507540871],[-78.53893256686874,45.18883238746356],[-78.53878611357669,45.18917604255691],[-78.53854568091866,45.1894923331521],[-78.53822085913414,45.189768643237436],[-78.53799085912755,45.189928643232705],[-78.53764001182427,45.19013254536016],[-78.53724334173589,45.19028927122977],[-78.53681347135148,45.190393833664594],[-78.53636407962284,45.19044290534971],[-78.53614407962817,45.19045290535054],[-78.53595943337606,45.190449155755594],[-78.53572396189836,45.190545893397164],[-78.53553841604108,45.19060526806689],[-78.53546354884598,45.1906493075964],[-78.53510032049664,45.19082768275657],[-78.53469878137193,45.19095908075251],[-78.53427104122278,45.19103953885501],[-78.53383000000262,45.191066630570745],[-78.53365019561146,45.191066630570745],[-78.5334393520951,45.191084200863116],[-78.5330201408153,45.191094643670496],[-78.53260417475244,45.191056496262796],[-78.53227417475405,45.19100649626765],[-78.53179759118231,45.19089887674015],[-78.53136002340402,45.19072771350662],[-78.53097833420115,45.190499602788364],[-78.5307159870939,45.190266630567464],[-78.53008000000474,45.190266630567464],[-78.52970976884029,45.19024758273509],[-78.52912976883695,45.190187582739114],[-78.52879862422141,45.19013729519324],[-78.5276086242172,45.18989729519136],[-78.52733332548246,45.18982954754046],[-78.52703219475806,45.18974152471598],[-78.52640803221834,45.18969783333753],[-78.52604077887612,45.18965282399583],[-78.52553077886704,45.18956282399736],[-78.52504156269833,45.18943791193659],[-78.52459852473633,45.18924559663001],[-78.5243312845912,45.189101142501755],[-78.523981502533,45.18894906334761],[-78.52364678495142,45.18877548553242],[-78.52349360099342,45.18866486888378],[-78.52346285374885,45.18868770969073],[-78.52317714048812,45.18900743642274],[-78.52292176382004,45.189246462255596],[-78.52280261851662,45.189340524345944],[-78.52279207170811,45.189357184105944],[-78.52251116343288,45.189616590116465],[-78.52269330736851,45.18957159538136],[-78.52281330737141,45.18955159537971],[-78.52323257584447,45.18950724822213],[-78.52365647493181,45.18951248501396],[-78.52407328043667,45.18956716090186],[-78.5244330874643,45.189636597349555],[-78.52487896167388,45.18969022505624],[-78.52537378647808,45.18982882018356],[-78.52550844697205,45.18989202517982],[-78.52567433382362,45.189925629025595],[-78.5261022872971,45.190042971118224],[-78.52638673477308,45.19003484404188],[-78.52691196538308,45.19005815225127],[-78.52741921318184,45.19015697098392],[-78.52770921318351,45.19023697098156],[-78.52772211397821,45.19024182839688],[-78.52811325741615,45.190285989746926],[-78.52854295235863,45.19036197840749],[-78.52878254705325,45.190437354902116],[-78.52888191386586,45.19045329705194],[-78.52924009843798,45.19055265383053],[-78.52945727047027,45.1906266897513],[-78.53029786861697,45.19078235607601],[-78.53057003612612,45.1908444537819],[-78.53057071837908,45.19084463984995],[-78.53086957545806,45.19088411154505],[-78.53135615115168,45.19098452693431],[-78.53180490710086,45.19115081868491],[-78.53219809314231,45.19137640927845],[-78.53252015714631,45.191652375659366],[-78.53288015714223,45.19203237565486],[-78.53315226592856,45.1924092012377],[-78.53329188101296,45.19282040925414],[-78.5333218810105,45.19300040925106],[-78.5333340576547,45.193325018605115],[-78.53326312783348,45.19364587066566],[-78.53315312782978,45.193955870673335],[-78.5330279969915,45.19421972738693],[-78.53284799699355,45.194519727384794],[-78.53267196262831,45.19476064552778],[-78.53244651710153,45.19498016440831],[-78.53202651711054,45.19533016441031],[-78.53184971370187,45.19546062848175],[-78.53185112437536,45.19546217831816],[-78.53194112438072,45.19559217831993],[-78.53209148386887,45.195863060505836],[-78.5321778494831,45.196147492214735],[-78.532227849479,45.1964174922191],[-78.5322372246989,45.19675550183208],[-78.53238063935547,45.19680624891114],[-78.5327574132142,45.197008713383795],[-78.53352741321468,45.19750871338921],[-78.53385127659472,45.19776324470981],[-78.53410086291412,45.19805640341695],[-78.53426713460604,45.19837757419077],[-78.53434407094275,45.19871512736976],[-78.53435407094193,45.19882512736987],[-78.53433839045559,45.199169567644674],[-78.53422968462296,45.19950556159986],[-78.53406968462335,45.19984556160102],[-78.533811230099,45.20023284461582],[-78.53343013667727,45.20056605850079],[-78.53327013667766,45.2006760585009],[-78.53291748102484,45.20087855218677],[-78.53257986786103,45.201010083519655],[-78.53252049785853,45.2012900344409],[-78.53248550986217,45.20138100323646],[-78.5324729796191,45.2015063056871],[-78.53240368749813,45.20176274127441],[-78.5324189003305,45.201848706175355],[-78.53237052773575,45.20222970887037],[-78.53227118623757,45.20245400553057],[-78.53239892564658,45.202652828116285],[-78.53251297308964,45.20301706890387],[-78.53251784157787,45.20339005665924],[-78.53241332129222,45.20375571444037],[-78.53220391734554,45.204098281278654],[-78.53195382420238,45.204347922664915],[-78.532232885073,45.20452237598717],[-78.53268288507428,45.20488237598999],[-78.53295965094922,45.20514994836018],[-78.533162041514,45.20544877188841],[-78.53328318219539,45.20576869651928],[-78.53328575765089,45.205779366241096],[-78.53351170852287,45.20604302264835],[-78.53351257749834,45.2060446326629],[-78.53364662298956,45.206133457494296],[-78.5339453432993,45.206433514490264],[-78.53415143737911,45.206770053749764],[-78.53425632691625,45.20712906736647],[-78.53425621360043,45.20719007044825],[-78.53436393299918,45.20719949316473],[-78.53486260063696,45.20732013485024],[-78.53531539048878,45.20751048991609],[-78.53550539048591,45.207610489915375],[-78.5358671781694,45.207842121373766],[-78.53615958889165,45.20811815719446],[-78.53637187298463,45.20842844966664],[-78.5364962263923,45.208761591749266],[-78.53652622638984,45.20889159174205],[-78.53654391098547,45.20908532268572],[-78.53666513103892,45.20909329239519],[-78.53668072672322,45.20907837109984],[-78.53693072672817,45.2088883711021],[-78.53731603210751,45.20864914284287],[-78.53776154796381,45.20846918736646],[-78.5382491979525,45.208355806170495],[-78.53875919615159,45.20831359959044],[-78.5392708499342,45.20834428010268],[-78.53976339946145,45.208446602893765],[-78.54021686004344,45.20861641630977],[-78.54061283299102,45.20884683034434],[-78.5409352521107,45.20912849619438],[-78.54117103555743,45.20944998554674],[-78.54125684795088,45.20966409599434],[-78.5414727843692,45.20958139693657],[-78.54216557263351,45.20940179598028],[-78.54243557263682,45.209361795985956],[-78.54303532644111,45.20932415391654],[-78.54326056037708,45.20932884628439],[-78.54353863831909,45.20930575623986],[-78.54410084297304,45.20928531243452],[-78.54439852474144,45.209124403371135],[-78.5448160942039,45.20894087791791],[-78.5449673375936,45.20888794273147],[-78.54549102037846,45.208590717369006],[-78.54575675481267,45.20845865922811],[-78.54612675482052,45.20829865922386],[-78.5465578231914,45.20814963725222],[-78.54681524963925,45.20808099020806],[-78.54695686628365,45.208023458441126],[-78.5471743713803,45.20794464047369],[-78.54848437137466,45.20752464047489],[-78.54868772169503,45.20746674840267],[-78.54920772169055,45.207336748400905],[-78.5493286751523,45.20731446736115],[-78.5496098934081,45.20714261176009],[-78.54997251985802,45.20695766472293],[-78.55023423240948,45.20684746995908],[-78.55106425134623,45.20640597052668],[-78.55135160448687,45.206273537797294],[-78.55171447240525,45.206129902582234],[-78.55220490374262,45.205884686907915],[-78.55259799720672,45.20572322446435],[-78.55302555611429,45.205613580322854],[-78.55347396126884,45.20555924702545],[-78.55392892946097,45.20556195526637],[-78.55437596840157,45.20562161878039],[-78.55447596839336,45.205641618782046],[-78.55490097413896,45.205757614713285],[-78.55515402281084,45.20564209249963],[-78.55560780046041,45.205477796338464],[-78.55584418481233,45.20543094917843],[-78.55564923277407,45.20534714937901],[-78.55560285082836,45.205323099484595],[-78.5550566410006,45.20515240891761],[-78.55453323185623,45.20493272785524],[-78.55441589241678,45.20486895642627],[-78.55388655410229,45.20474506873237],[-78.55339924603673,45.204589317040764],[-78.55327294898886,45.204537056192656],[-78.55302685210812,45.204467328744705],[-78.55279330734334,45.2044284046087],[-78.5522412892709,45.204287435907816],[-78.55170128926426,45.20409743591007],[-78.5512388139188,45.203888028888585],[-78.5508507874177,45.20361361904551],[-78.5505108646253,45.203314721415246],[-78.55036850570498,45.20324663671646],[-78.55004841360004,45.20306538420752],[-78.54977376358238,45.20285026559865],[-78.54964376358032,45.20273026559771],[-78.54939246953175,45.20244716167066],[-78.5492198567304,45.20213617294126],[-78.54913188837938,45.201808043053674],[-78.54913160352204,45.20147410782153],[-78.54918160351794,45.20109410781705],[-78.54930044042135,45.20069417275013],[-78.54953708792343,45.200334657945355],[-78.54953630837693,45.200311028318765],[-78.54960702430022,45.19999370082518],[-78.54975678988095,45.19969031981114],[-78.55000678988591,45.19930031981482],[-78.5500822744801,45.19919235607087],[-78.55009246211955,45.19917893821395],[-78.5501671467857,45.19887613287627],[-78.5502490676287,45.19871806065662],[-78.54983585942284,45.19839430989435],[-78.54925784071266,45.19806175118665],[-78.5490887873534,45.19795531833365],[-78.54831878735291,45.19742531832574],[-78.54809286782442,45.19724767810426],[-78.54789286781536,45.19706767810734],[-78.54762590802808,45.19677196271405],[-78.54744549443379,45.1964453460745],[-78.54735849314207,45.19610025838387],[-78.54733849314371,45.19592025838695],[-78.54734755438068,45.195573825136805],[-78.54745080657446,45.19523506028322],[-78.54759855880474,45.19499199269634],[-78.54770323417627,45.194780347872666],[-78.54794590806553,45.19448538613896],[-78.54826328055279,45.194228046280536],[-78.54839531500066,45.19415504667425],[-78.54838658699376,45.19410018494288],[-78.54837766205443,45.193914260673445],[-78.54830250137265,45.19388607541156],[-78.54787856487454,45.19368638871841],[-78.54751949815986,45.19343123589839],[-78.54705949815941,45.19303123590124],[-78.54677771066055,45.19272817661881],[-78.54658793451631,45.19239143391784],[-78.54612793451585,45.191251433913386],[-78.5460398039792,45.19091159467472],[-78.54604532374655,45.19058234512696],[-78.54602934449652,45.19056237105069],[-78.54588078790243,45.19034325881054],[-78.54559716427956,45.189840055610446],[-78.54537721835526,45.18950573779481],[-78.54524959971873,45.18926947459586],[-78.54515959972612,45.189059474587474],[-78.54505105526336,45.18856944235133],[-78.54504105525143,45.1881394423517],[-78.54507691060448,45.187808312279714],[-78.54519862961713,45.18748748983662],[-78.54540205358641,45.187187936445184],[-78.5456820535889,45.186857936444845],[-78.54603926699737,45.186529718459475],[-78.54625926700479,45.18636971846421],[-78.54660575282205,45.18615928377903],[-78.54700001902192,45.185995871973326],[-78.5470146120079,45.18599100764098],[-78.54702942184896,45.185979915917585],[-78.54692485840388,45.18579894071858],[-78.54629908435783,45.18507029971041],[-78.54622618548002,45.18497957501406],[-78.54598618548698,45.18465957501455],[-78.54589718485316,45.1845283017407],[-78.54578048256978,45.184336576555395],[-78.5455758988151,45.18417461441497],[-78.54528791876653,45.183897172784754],[-78.5450801856226,45.18358615563265],[-78.54501567423067,45.18340684833563],[-78.54460326186124,45.183437024857064],[-78.54397154569469,45.1834277661011],[-78.54329154568681,45.18335776610429],[-78.54266573361815,45.183234350861355],[-78.54234082979758,45.18313736464696],[-78.54232339272498,45.18313602332749],[-78.54181631056615,45.183059629634535],[-78.5413416525729,45.18291250220084],[-78.54094165258026,45.1827525021966],[-78.54060788881445,45.18259316717024],[-78.54031393787668,45.18239874411956],[-78.5396828987243,45.181909688783314],[-78.53947478410504,45.181801295752464],[-78.53926460206496,45.18170671383402],[-78.5388219665844,45.18164995844504],[-78.53837846077722,45.181529949308235],[-78.5379742513253,45.181354029468324],[-78.53772195726788,45.18121983049837],[-78.53750949784768,45.18115055024973],[-78.5369335973019,45.1808916957509],[-78.53641359730636,45.18058169575221],[-78.5360673396503,45.18033058065277],[-78.53579677155112,45.18003690121921],[-78.53561217029393,45.1797118126409],[-78.53552054782031,45.179367663114824],[-78.53550716552901,45.17926060471997],[-78.53547487149177,45.17916602934126],[-78.53531150374373,45.17887520805049],[-78.53522378893206,45.178488232232574],[-78.53519378893452,45.17805823223294],[-78.5352108522179,45.17774461393707],[-78.5353050941987,45.17743787344844],[-78.53541509420242,45.17718787344573],[-78.53557390215539,45.176910833658894],[-78.53579566289166,45.17665617396006],[-78.53607424287752,45.17643093776987],[-78.53626424287465,45.176300937768104],[-78.53668484240698,45.17606824272238],[-78.53708256117008,45.175892328649645],[-78.53765153197607,45.17557228257554],[-78.53810531966984,45.175248148502135],[-78.5384573328131,45.17503851156584],[-78.53885714873445,45.17487696569573],[-78.53929170068064,45.174768790524304],[-78.53935870369476,45.17476124208877],[-78.5393550056097,45.17474881653786],[-78.53930071355762,45.17438126926731],[-78.53935426867454,45.17401366829547],[-78.53951340534533,45.173661564933155],[-78.5396434053474,45.17345156493375],[-78.53988562441836,45.17314568430353],[-78.54020745828547,45.172878741625404],[-78.54027136942226,45.172842968276356],[-78.53997952524082,45.17258583731217],[-78.53974617842817,45.17226502159746],[-78.5396461784364,45.172085021600545],[-78.53951496335488,45.17176329613499],[-78.53947071293183,45.17142999998231],[-78.53951496336762,45.171096703838614],[-78.53964617844913,45.17077497837306],[-78.53979617844956,45.1705049783687],[-78.54003963911255,45.170173231261906],[-78.54037516545544,45.169884128349466],[-78.54078825737558,45.169650163517126],[-78.54100825737025,45.16955016351783],[-78.54142826763487,45.169396123799565],[-78.54188145340373,45.16929948041822],[-78.54235218176017,45.16926356712961],[-78.54282421468878,45.16928962280036],[-78.54328126912823,45.16937674860314],[-78.54370757875769,45.169521939098395],[-78.54408843775974,45.169720185864016],[-78.54435843776305,45.16989018586909],[-78.54466907570942,45.17012407329361],[-78.54491583457629,45.170393123940414],[-78.54509086861401,45.17068878326984],[-78.54518861257597,45.17100165071786],[-78.54520861257433,45.171111650717975],[-78.54522447581905,45.171450328749394],[-78.54514982256012,45.17178508197845],[-78.54505110957592,45.17197879777652],[-78.54504904397783,45.17200592157109],[-78.54499287339434,45.17215793590281],[-78.54539104459215,45.17223307533204],[-78.54592881870153,45.17244159633617],[-78.5463549476885,45.172657661733425],[-78.54649458821477,45.17269369800139],[-78.54689679331523,45.17275833811022],[-78.54745387782806,45.17289738744372],[-78.5477138778322,45.17298738744218],[-78.54804997011682,45.17312718183837],[-78.54817275636303,45.17319808133624],[-78.54854199498804,45.17322577433032],[-78.54895471852345,45.17330765777171],[-78.54924925234296,45.17338545915167],[-78.55065108085707,45.173546881826816],[-78.55100662579538,45.17360653194696],[-78.55145662578391,45.173706531946245],[-78.55171511525897,45.17377502720207],[-78.55213511526271,45.17390502720384],[-78.55272481265212,45.17415977750675],[-78.55298481265625,45.174309777510175],[-78.55315790420096,45.174433685550916],[-78.55319091773623,45.17444303938457],[-78.55349834735384,45.174547497776516],[-78.55444834736502,45.17492749777201],[-78.55487106358316,45.17513934636054],[-78.5552241850672,45.175407110952236],[-78.5554930928922,45.175719706300555],[-78.55550919969582,45.17575167507776],[-78.5556361139261,45.17558541077968]],[[-78.51984975067077,45.17025789098262],[-78.52020041213103,45.1703273163451],[-78.5202962583272,45.170035213661485],[-78.5203464845086,45.16990472389822],[-78.52065648450863,45.169204723903206],[-78.52080100598916,45.168949108549626],[-78.52085812193752,45.1688670043742],[-78.52102926135291,45.168436205152446],[-78.52108887250523,45.16805866784339],[-78.52103611593972,45.16801488908582],[-78.52080639580662,45.16773448625809],[-78.5206518178347,45.16742957892553],[-78.5205774024625,45.16711006999006],[-78.52058556659259,45.166786336592224],[-78.5206255665893,45.16652633658869],[-78.52073667975195,45.16616222348764],[-78.52095192931587,45.165822079486524],[-78.52126206543508,45.16552052147758],[-78.52165376075543,45.16527050818879],[-78.52196376075545,45.16511050819352],[-78.52242100627672,45.16492252130236],[-78.5229234831867,45.164805140591156],[-78.52344952527301,45.164763427383825],[-78.52397645020294,45.1647991802962],[-78.52446645020092,45.164869180293],[-78.52491834892395,45.16496515445641],[-78.52533739892311,45.165118193496376],[-78.52551287879291,45.16521487143591],[-78.52557390680074,45.16521720839414],[-78.52593500045357,45.165288155691364],[-78.52642923434577,45.16515569467403],[-78.52652958668726,45.165138242087906],[-78.52648457681885,45.16500935021194],[-78.52641364212849,45.16466610230694],[-78.52643762215031,45.16431964495499],[-78.52655562305326,45.163982892273744],[-78.52661562306108,45.1638628922728],[-78.52680694021112,45.163568200896066],[-78.52707026175786,45.163302525210796],[-78.52739702022302,45.16307450927379],[-78.52777658417449,45.16289157183979],[-78.52777819091365,45.162891067238135],[-78.52781325685446,45.16286668158041],[-78.52820325684792,45.16262668158751],[-78.52873247747458,45.16237567955902],[-78.52949247747587,45.16210567955466],[-78.52984737345493,45.16200241797918],[-78.53022024926253,45.1619378909952],[-78.53056024926009,45.16189789099189],[-78.53116291059004,45.16187799993791],[-78.53175532721473,45.16195847767758],[-78.53215532722011,45.16204847768502],[-78.53266669141645,45.162224111734915],[-78.53266775458388,45.1622190085585],[-78.53276457892876,45.161926777424775],[-78.53289811220446,45.16170207577709],[-78.53286296721026,45.16161575618534],[-78.53282089338127,45.16126862376743],[-78.53287467527002,45.160922295179994],[-78.53296021269738,45.16072962314343],[-78.53294559280369,45.16072918399302],[-78.53291934424777,45.160724728474975],[-78.53280359167582,45.16077226970035],[-78.53237227835668,45.1609132515885],[-78.53233234038412,45.16092323607542],[-78.53212367193224,45.16101920392367],[-78.53156164381643,45.16116087883512],[-78.53155000295588,45.16116276654587],[-78.53138984150993,45.16122076559846],[-78.53049984150655,45.16151076559549],[-78.53039966961634,45.16154158653238],[-78.52984545177684,45.161702229380026],[-78.52893217973966,45.162058250681575],[-78.52866993346946,45.16219273595359],[-78.52824370537894,45.162369503821104],[-78.52769370537314,45.16254950382701],[-78.52732476566477,45.162646609732924],[-78.52693900605345,45.162702508470474],[-78.52673595535079,45.16272055742117],[-78.52590221597174,45.162915356344925],[-78.52542040782734,45.16299238358372],[-78.52486040782235,45.16304238358786],[-78.52428487524065,45.16304761095636],[-78.52372234817838,45.162961711237166],[-78.52320150255885,45.162789063357955],[-78.52297150255224,45.16268906335867],[-78.52271974448244,45.16255348762173],[-78.52269219288394,45.16257109002888],[-78.52209757733344,45.16285478592772],[-78.52145757733503,45.163074785927954],[-78.52105484961797,45.163184549500464],[-78.5207148496204,45.163254549497275],[-78.52023746316345,45.163318819167834],[-78.51969160277922,45.163354809963074],[-78.51950748013793,45.16343233529075],[-78.51926099414676,45.163523634010566],[-78.51895099414673,45.16362363400985],[-78.51857539005385,45.163720479530106],[-78.51796539005298,45.163840479531046],[-78.51735379052742,45.16390587776408],[-78.51686379052943,45.16391587776491],[-78.51638674252857,45.16389401024662],[-78.51587015108282,45.163835685402034],[-78.51591451285873,45.16395426213021],[-78.51594880171311,45.16428505710365],[-78.51589622496157,45.164614657290805],[-78.51582024771766,45.164872979942075],[-78.51585811688003,45.16490717993682],[-78.51600848383757,45.164843063752414],[-78.51651835610188,45.16471912118044],[-78.51688835609698,45.164659121175475],[-78.51737221764114,45.164614434885905],[-78.51785929585023,45.164635544729144],[-78.51833174240066,45.16472167715691],[-78.51877224508394,45.164869675974394],[-78.51916466226041,45.16507411794442],[-78.51949461431946,45.16532751156668],[-78.51975001059155,45.16562057156693],[-78.51992149243992,45.16594255913393],[-78.52000277610136,45.16628167546236],[-78.51999088306535,45.16662549406705],[-78.51993088307027,45.16697549406905],[-78.51985279265857,45.16724962821917],[-78.51971529631216,45.16751190370922],[-78.51954529631337,45.167771903712755],[-78.51928789579178,45.16808040432442],[-78.51894883918338,45.16834682871954],[-78.51854158004481,45.16856060533521],[-78.51808227817938,45.16871325164072],[-78.51792227817977,45.16875325163504],[-78.51747098605959,45.16883426595639],[-78.5170063122982,45.16885606981107],[-78.51654376392841,45.16881793558166],[-78.51609877698544,45.168721135848536],[-78.51568620152538,45.16856890101635],[-78.51531980592904,45.16836631142634],[-78.51501181745672,45.16812012786222],[-78.51489309370342,45.16800564424475],[-78.51456628884124,45.16815652879229],[-78.51413662572661,45.16828346807218],[-78.5138666257233,45.168343468068166],[-78.51336625971223,45.16841680423725],[-78.51285519252059,45.16841832736675],[-78.5127553949167,45.16840432003534],[-78.51267076553266,45.16842430534954],[-78.51244076552607,45.16846430534387],[-78.51198825841567,45.168513165242175],[-78.51153064793847,45.16850420086412],[-78.5112906479327,45.168484200871454],[-78.51122407542942,45.16847189409579],[-78.51122667455506,45.16848150435355],[-78.51122917589004,45.16864650022147],[-78.5114513587755,45.16876479464508],[-78.51176135877553,45.16896479464366],[-78.51199480136489,45.16914503181378],[-78.51236571624813,45.169193603999666],[-78.51246439792709,45.16920795398446],[-78.5129993053759,45.16929353918551],[-78.51389902201244,45.16932567192322],[-78.51446596828934,45.16939161876638],[-78.51476596827746,45.16945161876236],[-78.51525197577323,45.16958815175305],[-78.51568819799955,45.16979173401738],[-78.51587819800943,45.16990173401749],[-78.5160905676055,45.17005542967203],[-78.51626000000553,45.17004336943001],[-78.51665999999815,45.17004336943001],[-78.5169621938135,45.1700640142334],[-78.51715114641054,45.17001048280815],[-78.51759064779759,45.16994579914001],[-78.51795064779351,45.16991579913753],[-78.51847088887511,45.169910126465155],[-78.51898192866192,45.169979012452195],[-78.51946247934498,45.17011958760115],[-78.51971844387866,45.17024244313078],[-78.51984975067077,45.17025789098262]]],[[[-78.50216429153741,45.164428101038595],[-78.50213432181266,45.16433153190301],[-78.50218372977487,45.16437001974525],[-78.50229372976582,45.16444001974206],[-78.50231949771738,45.16445313430079],[-78.50216429153741,45.164428101038595]]],[[[-78.50153803018239,45.164056926335],[-78.50143382062933,45.164099557521745],[-78.50142336694628,45.16408904368457],[-78.50116139658542,45.163885288952685],[-78.50126088182516,45.163887004213855],[-78.50147628122342,45.164021628850506],[-78.50152702638867,45.16404839615764],[-78.50154460337889,45.16405479130008],[-78.50153803018239,45.164056926335]]],[[[-78.50913679175176,45.174650505416224],[-78.5088572475363,45.174650505416224],[-78.50909017366558,45.17454180655393],[-78.5094691526194,45.17454938613406],[-78.50951523561022,45.174548348049896],[-78.50971161551692,45.1745355406611],[-78.50913679175176,45.174650505416224]]],[[[-78.50900880906428,45.17655348842028],[-78.5090049279659,45.176487509821676],[-78.5090827386571,45.17631991758902],[-78.50911337141318,45.17629983053163],[-78.50905665089748,45.17638136628009],[-78.50902749578465,45.17643910845942],[-78.50901760693439,45.17649999999738],[-78.50901760693439,45.176566426460056],[-78.50900880906428,45.17655348842028]]]]}},{"type":"Feature","properties":{"lake":"Redstone Lake","lake_part":0,"zone":"transit","label":"200\u2013300 m \u00b7 well-trimmed planing transit","min_m":200,"max_m":300},"geometry":{"type":"MultiPolygon","coordinates":[[[[-78.5554930928922,45.175719706300555],[-78.5552241850672,45.175407110952236],[-78.55487106358316,45.17513934636054],[-78.55444834736502,45.17492749777201],[-78.55349834735384,45.174547497776516],[-78.55319091773623,45.17444303938457],[-78.55315790420096,45.174433685550916],[-78.55298481265625,45.174309777510175],[-78.55272481265212,45.17415977750675],[-78.55213511526271,45.17390502720384],[-78.55171511525897,45.17377502720207],[-78.55145662578391,45.173706531946245],[-78.55100662579538,45.17360653194696],[-78.55065108085707,45.173546881826816],[-78.54924925234296,45.17338545915167],[-78.54895471852345,45.17330765777171],[-78.54854199498804,45.17322577433032],[-78.54817275636303,45.17319808133624],[-78.54804997011682,45.17312718183837],[-78.5477138778322,45.17298738744218],[-78.54745387782806,45.17289738744372],[-78.54689679331523,45.17275833811022],[-78.54649458821477,45.17269369800139],[-78.5463549476885,45.172657661733425],[-78.54592881870153,45.17244159633617],[-78.54539104459215,45.17223307533204],[-78.54499287339434,45.17215793590281],[-78.54504904397783,45.17200592157109],[-78.54505110957592,45.17197879777652],[-78.54514982256012,45.17178508197845],[-78.54522447581905,45.171450328749394],[-78.54520861257433,45.171111650717975],[-78.54518861257597,45.17100165071786],[-78.54509086861401,45.17068878326984],[-78.54491583457629,45.170393123940414],[-78.54466907570942,45.17012407329361],[-78.54435843776305,45.16989018586909],[-78.54408843775974,45.169720185864016],[-78.54370757875769,45.169521939098395],[-78.54328126912823,45.16937674860314],[-78.54282421468878,45.16928962280036],[-78.54235218176017,45.16926356712961],[-78.54188145340373,45.16929948041822],[-78.54142826763487,45.169396123799565],[-78.54100825737025,45.16955016351783],[-78.54078825737558,45.169650163517126],[-78.54037516545544,45.169884128349466],[-78.54003963911255,45.170173231261906],[-78.53979617844956,45.1705049783687],[-78.53964617844913,45.17077497837306],[-78.53951496336762,45.171096703838614],[-78.53947071293183,45.17142999998231],[-78.53951496335488,45.17176329613499],[-78.5396461784364,45.172085021600545],[-78.53974617842817,45.17226502159746],[-78.53997952524082,45.17258583731217],[-78.54027136942226,45.172842968276356],[-78.54020745828547,45.172878741625404],[-78.53988562441836,45.17314568430353],[-78.5396434053474,45.17345156493375],[-78.53951340534533,45.173661564933155],[-78.53935426867454,45.17401366829547],[-78.53930071355762,45.17438126926731],[-78.5393550056097,45.17474881653786],[-78.53935870369476,45.17476124208877],[-78.53929170068064,45.174768790524304],[-78.53885714873445,45.17487696569573],[-78.5384573328131,45.17503851156584],[-78.53810531966984,45.175248148502135],[-78.53765153197607,45.17557228257554],[-78.53708256117008,45.175892328649645],[-78.53668484240698,45.17606824272238],[-78.53626424287465,45.176300937768104],[-78.53607424287752,45.17643093776987],[-78.53579566289166,45.17665617396006],[-78.53557390215539,45.176910833658894],[-78.53541509420242,45.17718787344573],[-78.5353050941987,45.17743787344844],[-78.5352108522179,45.17774461393707],[-78.53519378893452,45.17805823223294],[-78.53522378893206,45.178488232232574],[-78.53531150374373,45.17887520805049],[-78.53547487149177,45.17916602934126],[-78.53550716552901,45.17926060471997],[-78.53552054782031,45.179367663114824],[-78.53561217029393,45.1797118126409],[-78.53579677155112,45.18003690121921],[-78.5360673396503,45.18033058065277],[-78.53641359730636,45.18058169575221],[-78.5369335973019,45.1808916957509],[-78.53750949784768,45.18115055024973],[-78.53772195726788,45.18121983049837],[-78.5379742513253,45.181354029468324],[-78.53837846077722,45.181529949308235],[-78.5388219665844,45.18164995844504],[-78.53926460206496,45.18170671383402],[-78.53947478410504,45.181801295752464],[-78.5396828987243,45.181909688783314],[-78.54031393787668,45.18239874411956],[-78.54060788881445,45.18259316717024],[-78.54094165258026,45.1827525021966],[-78.5413416525729,45.18291250220084],[-78.54181631056615,45.183059629634535],[-78.54232339272498,45.18313602332749],[-78.54234082979758,45.18313736464696],[-78.54266573361815,45.183234350861355],[-78.54329154568681,45.18335776610429],[-78.54397154569469,45.1834277661011],[-78.54460326186124,45.183437024857064],[-78.54501567423067,45.18340684833563],[-78.5450801856226,45.18358615563265],[-78.54528791876653,45.183897172784754],[-78.5455758988151,45.18417461441497],[-78.54578048256978,45.184336576555395],[-78.54589718485316,45.1845283017407],[-78.54598618548698,45.18465957501455],[-78.54622618548002,45.18497957501406],[-78.54629908435783,45.18507029971041],[-78.54692485840388,45.18579894071858],[-78.54702942184896,45.185979915917585],[-78.5470146120079,45.18599100764098],[-78.54700001902192,45.185995871973326],[-78.54660575282205,45.18615928377903],[-78.54625926700479,45.18636971846421],[-78.54603926699737,45.186529718459475],[-78.5456820535889,45.186857936444845],[-78.54540205358641,45.187187936445184],[-78.54519862961713,45.18748748983662],[-78.54507691060448,45.187808312279714],[-78.54504105525143,45.1881394423517],[-78.54505105526336,45.18856944235133],[-78.54515959972612,45.189059474587474],[-78.54524959971873,45.18926947459586],[-78.54537721835526,45.18950573779481],[-78.54559716427956,45.189840055610446],[-78.54588078790243,45.19034325881054],[-78.54602934449652,45.19056237105069],[-78.54604532374655,45.19058234512696],[-78.5460398039792,45.19091159467472],[-78.54612793451585,45.191251433913386],[-78.54658793451631,45.19239143391784],[-78.54677771066055,45.19272817661881],[-78.54705949815941,45.19303123590124],[-78.54751949815986,45.19343123589839],[-78.54787856487454,45.19368638871841],[-78.54830250137265,45.19388607541156],[-78.54837766205443,45.193914260673445],[-78.54838658699376,45.19410018494288],[-78.54839531500066,45.19415504667425],[-78.54826328055279,45.194228046280536],[-78.54794590806553,45.19448538613896],[-78.54770323417627,45.194780347872666],[-78.54759855880474,45.19499199269634],[-78.54745080657446,45.19523506028322],[-78.54734755438068,45.195573825136805],[-78.54733849314371,45.19592025838695],[-78.54735849314207,45.19610025838387],[-78.54744549443379,45.1964453460745],[-78.54762590802808,45.19677196271405],[-78.54789286781536,45.19706767810734],[-78.54809286782442,45.19724767810426],[-78.54831878735291,45.19742531832574],[-78.5490887873534,45.19795531833365],[-78.54925784071266,45.19806175118665],[-78.54983585942284,45.19839430989435],[-78.5502490676287,45.19871806065662],[-78.5501671467857,45.19887613287627],[-78.55009246211955,45.19917893821395],[-78.5500822744801,45.19919235607087],[-78.55000678988591,45.19930031981482],[-78.54975678988095,45.19969031981114],[-78.54960702430022,45.19999370082518],[-78.54953630837693,45.200311028318765],[-78.54953708792343,45.200334657945355],[-78.54930044042135,45.20069417275013],[-78.54918160351794,45.20109410781705],[-78.54913160352204,45.20147410782153],[-78.54913188837938,45.201808043053674],[-78.5492198567304,45.20213617294126],[-78.54939246953175,45.20244716167066],[-78.54964376358032,45.20273026559771],[-78.54977376358238,45.20285026559865],[-78.55004841360004,45.20306538420752],[-78.55036850570498,45.20324663671646],[-78.5505108646253,45.203314721415246],[-78.5508507874177,45.20361361904551],[-78.5512388139188,45.203888028888585],[-78.55170128926426,45.20409743591007],[-78.5522412892709,45.204287435907816],[-78.55279330734334,45.2044284046087],[-78.55302685210812,45.204467328744705],[-78.55327294898886,45.204537056192656],[-78.55339924603673,45.204589317040764],[-78.55388655410229,45.20474506873237],[-78.55441589241678,45.20486895642627],[-78.55453323185623,45.20493272785524],[-78.5550566410006,45.20515240891761],[-78.55560285082836,45.205323099484595],[-78.55564923277407,45.20534714937901],[-78.55584418481233,45.20543094917843],[-78.55560780046041,45.205477796338464],[-78.55515402281084,45.20564209249963],[-78.55490097413896,45.205757614713285],[-78.55447596839336,45.205641618782046],[-78.55437596840157,45.20562161878039],[-78.55392892946097,45.20556195526637],[-78.55347396126884,45.20555924702545],[-78.55302555611429,45.205613580322854],[-78.55259799720672,45.20572322446435],[-78.55220490374262,45.205884686907915],[-78.55171447240525,45.206129902582234],[-78.55135160448687,45.206273537797294],[-78.55106425134623,45.20640597052668],[-78.55023423240948,45.20684746995908],[-78.54997251985802,45.20695766472293],[-78.5496098934081,45.20714261176009],[-78.5493286751523,45.20731446736115],[-78.54920772169055,45.207336748400905],[-78.54868772169503,45.20746674840267],[-78.54848437137466,45.20752464047489],[-78.5471743713803,45.20794464047369],[-78.54695686628365,45.208023458441126],[-78.54681524963925,45.20808099020806],[-78.5465578231914,45.20814963725222],[-78.54612675482052,45.20829865922386],[-78.54575675481267,45.20845865922811],[-78.54549102037846,45.208590717369006],[-78.5449673375936,45.20888794273147],[-78.5448160942039,45.20894087791791],[-78.54439852474144,45.209124403371135],[-78.54410084297304,45.20928531243452],[-78.54353863831909,45.20930575623986],[-78.54326056037708,45.20932884628439],[-78.54303532644111,45.20932415391654],[-78.54243557263682,45.209361795985956],[-78.54216557263351,45.20940179598028],[-78.5414727843692,45.20958139693657],[-78.54125684795088,45.20966409599434],[-78.54117103555743,45.20944998554674],[-78.5409352521107,45.20912849619438],[-78.54061283299102,45.20884683034434],[-78.54021686004344,45.20861641630977],[-78.53976339946145,45.208446602893765],[-78.5392708499342,45.20834428010268],[-78.53875919615159,45.20831359959044],[-78.5382491979525,45.208355806170495],[-78.53776154796381,45.20846918736646],[-78.53731603210751,45.20864914284287],[-78.53693072672817,45.2088883711021],[-78.53668072672322,45.20907837109984],[-78.53666513103892,45.20909329239519],[-78.53654391098547,45.20908532268572],[-78.53652622638984,45.20889159174205],[-78.5364962263923,45.208761591749266],[-78.53637187298463,45.20842844966664],[-78.53615958889165,45.20811815719446],[-78.5358671781694,45.207842121373766],[-78.53550539048591,45.207610489915375],[-78.53531539048878,45.20751048991609],[-78.53486260063696,45.20732013485024],[-78.53436393299918,45.20719949316473],[-78.53425621360043,45.20719007044825],[-78.53425632691625,45.20712906736647],[-78.53415143737911,45.206770053749764],[-78.5339453432993,45.206433514490264],[-78.53364662298956,45.206133457494296],[-78.53351257749834,45.2060446326629],[-78.53351170852287,45.20604302264835],[-78.53328575765089,45.205779366241096],[-78.53328318219539,45.20576869651928],[-78.533162041514,45.20544877188841],[-78.53295965094922,45.20514994836018],[-78.53268288507428,45.20488237598999],[-78.532232885073,45.20452237598717],[-78.53195382420238,45.204347922664915],[-78.53220391734554,45.204098281278654],[-78.53241332129222,45.20375571444037],[-78.53251784157787,45.20339005665924],[-78.53251297308964,45.20301706890387],[-78.53239892564658,45.202652828116285],[-78.53227118623757,45.20245400553057],[-78.53237052773575,45.20222970887037],[-78.5324189003305,45.201848706175355],[-78.53240368749813,45.20176274127441],[-78.5324729796191,45.2015063056871],[-78.53248550986217,45.20138100323646],[-78.53252049785853,45.2012900344409],[-78.53257986786103,45.201010083519655],[-78.53291748102484,45.20087855218677],[-78.53327013667766,45.2006760585009],[-78.53343013667727,45.20056605850079],[-78.533811230099,45.20023284461582],[-78.53406968462335,45.19984556160102],[-78.53422968462296,45.19950556159986],[-78.53433839045559,45.199169567644674],[-78.53435407094193,45.19882512736987],[-78.53434407094275,45.19871512736976],[-78.53426713460604,45.19837757419077],[-78.53410086291412,45.19805640341695],[-78.53385127659472,45.19776324470981],[-78.53352741321468,45.19750871338921],[-78.5327574132142,45.197008713383795],[-78.53238063935547,45.19680624891114],[-78.5322372246989,45.19675550183208],[-78.532227849479,45.1964174922191],[-78.5321778494831,45.196147492214735],[-78.53209148386887,45.195863060505836],[-78.53194112438072,45.19559217831993],[-78.53185112437536,45.19546217831816],[-78.53184971370187,45.19546062848175],[-78.53202651711054,45.19533016441031],[-78.53244651710153,45.19498016440831],[-78.53267196262831,45.19476064552778],[-78.53284799699355,45.194519727384794],[-78.5330279969915,45.19421972738693],[-78.53315312782978,45.193955870673335],[-78.53326312783348,45.19364587066566],[-78.5333340576547,45.193325018605115],[-78.5333218810105,45.19300040925106],[-78.53329188101296,45.19282040925414],[-78.53315226592856,45.1924092012377],[-78.53288015714223,45.19203237565486],[-78.53252015714631,45.191652375659366],[-78.53219809314231,45.19137640927845],[-78.53180490710086,45.19115081868491],[-78.53135615115168,45.19098452693431],[-78.53086957545806,45.19088411154505],[-78.53057071837908,45.19084463984995],[-78.53057003612612,45.1908444537819],[-78.53029786861697,45.19078235607601],[-78.52945727047027,45.1906266897513],[-78.52924009843798,45.19055265383053],[-78.52888191386586,45.19045329705194],[-78.52878254705325,45.190437354902116],[-78.52854295235863,45.19036197840749],[-78.52811325741615,45.190285989746926],[-78.52772211397821,45.19024182839688],[-78.52770921318351,45.19023697098156],[-78.52741921318184,45.19015697098392],[-78.52691196538308,45.19005815225127],[-78.52638673477308,45.19003484404188],[-78.5261022872971,45.190042971118224],[-78.52567433382362,45.189925629025595],[-78.52550844697205,45.18989202517982],[-78.52537378647808,45.18982882018356],[-78.52487896167388,45.18969022505624],[-78.5244330874643,45.189636597349555],[-78.52407328043667,45.18956716090186],[-78.52365647493181,45.18951248501396],[-78.52323257584447,45.18950724822213],[-78.52281330737141,45.18955159537971],[-78.52269330736851,45.18957159538136],[-78.52251116343288,45.189616590116465],[-78.52279207170811,45.189357184105944],[-78.52280261851662,45.189340524345944],[-78.52292176382004,45.189246462255596],[-78.52317714048812,45.18900743642274],[-78.52346285374885,45.18868770969073],[-78.52349360099342,45.18866486888378],[-78.52364678495142,45.18877548553242],[-78.523981502533,45.18894906334761],[-78.5243312845912,45.189101142501755],[-78.52459852473633,45.18924559663001],[-78.52504156269833,45.18943791193659],[-78.52553077886704,45.18956282399736],[-78.52604077887612,45.18965282399583],[-78.52640803221834,45.18969783333753],[-78.52703219475806,45.18974152471598],[-78.52733332548246,45.18982954754046],[-78.5276086242172,45.18989729519136],[-78.52879862422141,45.19013729519324],[-78.52912976883695,45.190187582739114],[-78.52970976884029,45.19024758273509],[-78.53008000000474,45.190266630567464],[-78.5307159870939,45.190266630567464],[-78.53097833420115,45.190499602788364],[-78.53136002340402,45.19072771350662],[-78.53179759118231,45.19089887674015],[-78.53227417475405,45.19100649626765],[-78.53260417475244,45.191056496262796],[-78.5330201408153,45.191094643670496],[-78.5334393520951,45.191084200863116],[-78.53365019561146,45.191066630570745],[-78.53383000000262,45.191066630570745],[-78.53427104122278,45.19103953885501],[-78.53469878137193,45.19095908075251],[-78.53510032049664,45.19082768275657],[-78.53546354884598,45.1906493075964],[-78.53553841604108,45.19060526806689],[-78.53572396189836,45.190545893397164],[-78.53595943337606,45.190449155755594],[-78.53614407962817,45.19045290535054],[-78.53636407962284,45.19044290534971],[-78.53681347135148,45.190393833664594],[-78.53724334173589,45.19028927122977],[-78.53764001182427,45.19013254536016],[-78.53799085912755,45.189928643232705],[-78.53822085913414,45.189768643237436],[-78.53854568091866,45.1894923331521],[-78.53878611357669,45.18917604255691],[-78.53893256686874,45.18883238746356],[-78.53897919911618,45.18847507540871],[-78.53892415030823,45.18811835865842],[-78.53886415030041,45.18791835865984],[-78.53871622387734,45.187587324734544],[-78.53848074546558,45.18728251192272],[-78.53829902742658,45.18712798768013],[-78.53836418846608,45.18704976981425],[-78.53839807388303,45.18702492050907],[-78.53871940612692,45.1867348963743],[-78.5389501585046,45.186404817537806],[-78.53905015850914,45.18621481754006],[-78.53920407093867,45.18570487263647],[-78.53922407093702,45.185484872636245],[-78.53921311517189,45.18516795177406],[-78.53912329215079,45.184857321571265],[-78.53895739846715,45.18456265336208],[-78.53872059914228,45.18429312147879],[-78.53838059914472,45.183973121479276],[-78.53810423143017,45.1837531011861],[-78.5377806708672,45.18356777268834],[-78.53749067086554,45.18342777268575],[-78.53710487031267,45.18327439745129],[-78.53668722266357,45.18317040189833],[-78.53625033694705,45.18311892572862],[-78.53613318953266,45.18311241754219],[-78.5360472928343,45.183095715408655],[-78.53617987758402,45.18295144062905],[-78.53637987759308,45.182681440624684],[-78.5365820956731,45.18231586026037],[-78.53666209566653,45.18210586026097],[-78.53674526931842,45.181740828821184],[-78.53672066409669,45.18137152780564],[-78.53658932189498,45.18101359518561],[-78.53635680437817,45.180682187552165],[-78.53603295744104,45.18039133826989],[-78.53589302823349,45.18030839255271],[-78.53588897916259,45.18030398619048],[-78.53558143064625,45.180072073271944],[-78.53522076953095,45.179881925663025],[-78.5348182543352,45.17973947911672],[-78.53438645018909,45.1796491802847],[-78.53396645018535,45.17958918028872],[-78.53334495233892,45.17955519993206],[-78.53273033348874,45.17962853541844],[-78.53253789720168,45.17966904832384],[-78.5325972390728,45.179372001600356],[-78.53256693481785,45.17901467855911],[-78.53243671682624,45.17866868180935],[-78.53221175432562,45.178347746232426],[-78.53190097755783,45.17806461188843],[-78.53151672327503,45.17783051823767],[-78.53107424508548,45.17765475800143],[-78.53059110785752,45.17754430826876],[-78.53048981264945,45.17753612729349],[-78.53014632223176,45.17732260622157],[-78.52990163174171,45.17720312932759],[-78.5297691248472,45.17710335511985],[-78.5294884991222,45.17694931648854],[-78.52947062192794,45.17693237928386],[-78.52946301411602,45.17691017359479],[-78.52923684892548,45.17657498145787],[-78.52891778020634,45.176279694030974],[-78.52871778021002,45.17612969402755],[-78.52828946726156,45.175872394835864],[-78.52784946725946,45.17566239483646],[-78.52740079509259,45.17549165991067],[-78.52691288475796,45.1753872693595],[-78.52640525582804,45.17535339947765],[-78.52589821676489,45.17539140528391],[-78.52494821676645,45.175531405286506],[-78.52439707295926,45.175660241556756],[-78.52424488174462,45.175725787374006],[-78.52396581864338,45.175696728635266],[-78.52353039621762,45.17570420843053],[-78.52310313556387,45.17576381644663],[-78.52251313556135,45.17588381644757],[-78.52209619532668,45.175997362116085],[-78.52171380454725,45.17616048558953],[-78.52137771919668,45.17636817192401],[-78.5209977192024,45.17664817192022],[-78.5206193445061,45.17700762892739],[-78.5203393445036,45.177357628929386],[-78.52029635671694,45.17742407005257],[-78.51987730940728,45.177485659922866],[-78.51941715599072,45.177623558945676],[-78.51900404840522,45.17782210754523],[-78.5186538799261,45.17807366707717],[-78.5185004999789,45.178238888350364],[-78.5183074365927,45.1783486315401],[-78.51780743659555,45.17867863154045],[-78.51751933249867,45.17890383682859],[-78.51734935396489,45.179092921452046],[-78.51716368001868,45.178932857703344],[-78.516800417152,45.17867724738931],[-78.51676272339333,45.17865973219061],[-78.51650118489444,45.17839904899135],[-78.51612271016411,45.17814968666673],[-78.51593544170258,45.17804936427107],[-78.51540135878244,45.17770479464785],[-78.51510724265088,45.17754133429719],[-78.51489724265538,45.1774413342979],[-78.51450739359247,45.177288854845486],[-78.51408581185807,45.17718657612575],[-78.514043107106,45.177179084059496],[-78.5140892870717,45.17686000000021],[-78.5140892870717,45.17673999999927],[-78.51407590986624,45.1766481812627],[-78.5147989001973,45.17665639705666],[-78.51521630451694,45.17663694918653],[-78.51562357649117,45.176569655337566],[-78.5164338990624,45.1763851916659],[-78.51646307223692,45.17638581237481],[-78.51697286375257,45.176360541508224],[-78.51746525955781,45.176264116992414],[-78.5179752595669,45.17612411698982],[-78.51839433365683,45.17597651821909],[-78.51855803890498,45.17588926933813],[-78.51871156054155,45.175836847314294],[-78.51888901385271,45.17577003642658],[-78.51934901385317,45.175580036428826],[-78.51976587782592,45.17536511112842],[-78.52023261942878,45.17506890973759],[-78.52100675076566,45.17463054620706],[-78.5213458629995,45.17439898499693],[-78.52161856225169,45.17412731983942],[-78.5218154931358,45.17382487062985],[-78.52192989959498,45.17350201341281],[-78.52194785905473,45.17328861776367],[-78.52232048122103,45.173370379959444],[-78.52283000000119,45.17340663056544],[-78.52337999999426,45.17340663056544],[-78.52358314075049,45.17340091740599],[-78.52393068569455,45.17338133741165],[-78.52394268739394,45.17338416133761],[-78.52440860305329,45.17346044712494],[-78.52482860305703,45.17350044711927],[-78.52517000000017,45.17351663056555],[-78.52597999999738,45.17351663056555],[-78.52621239927825,45.173509149458745],[-78.5268323992783,45.173469149464424],[-78.52717657595133,45.173430075399594],[-78.52772657595715,45.17334007539215],[-78.52806281444339,45.17326750688737],[-78.52880281444634,45.17306750688879],[-78.52929061980132,45.17289117247637],[-78.52970061979313,45.172701172478625],[-78.53014109332531,45.17244270245873],[-78.53046994085474,45.17220072032417],[-78.53053568613984,45.172170376347786],[-78.53058834174084,45.17216879251912],[-78.53107483954099,45.17208510217044],[-78.53152873619129,45.171936000284674],[-78.53167407066496,45.171860860433235],[-78.53199797460415,45.17193917922483],[-78.53250351265982,45.17198582171271],[-78.53301211014038,45.17196063293418],[-78.53334211013876,45.17192063293985],[-78.53378446921288,45.17183762229244],[-78.53419863114527,45.17170019447193],[-78.53457124132991,45.17151278081372],[-78.53489028497683,45.1712814244554],[-78.53514547456548,45.17101358545625],[-78.53521547455973,45.17092358545779],[-78.53542315283026,45.17057300809059],[-78.53552159167688,45.17019949286245],[-78.535506389628,45.16981974055943],[-78.53537822643825,45.16945073084957],[-78.53514283257358,45.16910896308968],[-78.53506664067969,45.16904030893087],[-78.5351964108253,45.16890238060501],[-78.53526163889829,45.168798267660215],[-78.53533365321172,45.16879736748542],[-78.53617217223638,45.16882471048688],[-78.53673520785593,45.16879902053825],[-78.53761520784737,45.16868902053814],[-78.53785846906688,45.16864987235331],[-78.53856000083775,45.16851119747356],[-78.53878713275617,45.168487901885506],[-78.53903922112436,45.16845282400317],[-78.539889221131,45.16830282400873],[-78.54007125206951,45.16826558140215],[-78.5406712520712,45.16812558139956],[-78.54112133037383,45.16798529868816],[-78.54174890807873,45.167736113430465],[-78.54196480562044,45.16774960702434],[-78.54239411597747,45.167750862330124],[-78.54281763751538,45.167701328021614],[-78.54322335898772,45.16760240891121],[-78.54347146656765,45.16752487529209],[-78.54358687311213,45.16750677230773],[-78.54413705818344,45.167467473376625],[-78.54439284605152,45.16743990001118],[-78.54509517218024,45.167338247542965],[-78.54602701299504,45.16723470967266],[-78.54659341066537,45.1671233938832],[-78.54716142875179,45.16695999141998],[-78.54738095580272,45.166920404578825],[-78.5477434511938,45.166901972604464],[-78.54822094424918,45.16684519634763],[-78.54859094425703,45.16677519635082],[-78.54905270909069,45.16665219639904],[-78.5491415445562,45.16678315831682],[-78.54944871557414,45.16707009863403],[-78.54983078643079,45.16730820340626],[-78.5499592917476,45.16737338725635],[-78.54995942540673,45.16737358267585],[-78.55030804566557,45.1676837956651],[-78.55043538961642,45.16775640562713],[-78.5502596941789,45.16792265541742],[-78.54978969417928,45.16853265542296],[-78.54964255964126,45.168760042063155],[-78.54947255964247,45.16908004206267],[-78.54935150090792,45.169389899498725],[-78.54931071292657,45.16971000000176],[-78.54931071292657,45.1698999999995],[-78.5493493615462,45.17021165858465],[-78.54946413553608,45.170513867333185],[-78.54965155481344,45.170797462944115],[-78.5498315548114,45.17101746294434],[-78.5499901738622,45.171175028065015],[-78.5499607812323,45.17135684726717],[-78.55001405072711,45.17173559340317],[-78.55017933124348,45.172097932771706],[-78.55044920549047,45.17242760459951],[-78.55081156228954,45.17270981416386],[-78.55108156229285,45.172879814159955],[-78.55146524204281,45.173079259341044],[-78.55196937790136,45.17329313515767],[-78.55222841677327,45.173442082515244],[-78.55259734870631,45.173618729083245],[-78.55298038836854,45.17376943321313],[-78.5530136710193,45.17378969221705],[-78.55336557033688,45.17396939859962],[-78.55375566620903,45.1741043709831],[-78.55437566620908,45.17427437097919],[-78.55486044046174,45.17436972196332],[-78.55536234775902,45.17439609316732],[-78.55549638667307,45.17439378215243],[-78.55568170356614,45.17443814304525],[-78.55575187556077,45.174495320229184],[-78.55593158597247,45.17461485477704],[-78.55581573569908,45.17480426480623],[-78.55575573570401,45.174934264807995],[-78.55564919396117,45.17527405710969],[-78.55563889201169,45.17558311733584],[-78.5556361139261,45.17558541077968],[-78.55550919969582,45.17575167507776],[-78.5554930928922,45.175719706300555]],[[-78.54878299249162,45.17234366150084],[-78.54897768214451,45.17238228749499],[-78.54876607608541,45.1719183901071],[-78.54869731637031,45.171429508352325],[-78.54854733222645,45.17124619440744],[-78.54826620329767,45.17082080100452],[-78.54809404231922,45.17036748788171],[-78.54803606938977,45.1698999999995],[-78.54803606938977,45.16971000000176],[-78.54809725134905,45.1692298492517],[-78.54827883945087,45.168765063088635],[-78.54844883944966,45.16844506308912],[-78.54866954127581,45.168103983133314],[-78.54883940780667,45.16788351804831],[-78.5485621888342,45.16771075649629],[-78.54855141637553,45.16771279452214],[-78.54783517679881,45.16779795890739],[-78.54758643370711,45.1678106068632],[-78.54756214313115,45.16781498713836],[-78.54707511599702,45.167955090824506],[-78.54622551949151,45.168122064513184],[-78.54532275826692,45.168222371314094],[-78.5446492690745,45.16831985001187],[-78.54426558727236,45.16836121006452],[-78.5438431784855,45.16839138212133],[-78.5437400384731,45.1684236133683],[-78.54347759792172,45.16848759909936],[-78.54372690369208,45.1685351229064],[-78.54436636812352,45.16875290865826],[-78.5449376566521,45.169050278802196],[-78.5452076566554,45.16922027880727],[-78.54567361354947,45.169571109939554],[-78.54604375185615,45.169974685914255],[-78.5463063029191,45.17041817489941],[-78.54645291885566,45.17088747607594],[-78.54647291885401,45.17099747607606],[-78.54649671372111,45.171505493132166],[-78.54646829370797,45.17163293155197],[-78.54667322805336,45.171712394509775],[-78.54692916070822,45.17184216317739],[-78.54718018997508,45.17188250717257],[-78.54801581674431,45.172091081159344],[-78.54827581674844,45.1721810811578],[-78.54864110662976,45.17233302002205],[-78.54878299249162,45.17234366150084]],[[-78.53855926763728,45.172592532393104],[-78.53845926764551,45.17241253239618],[-78.5382624450296,45.171929944202354],[-78.53819606939503,45.17142999997333],[-78.53826244504235,45.17093005575329],[-78.53845926767099,45.170447467559455],[-78.53860926767142,45.17017746755509],[-78.53897445865314,45.16967984689042],[-78.53939704768734,45.169315727294546],[-78.53934883168255,45.16932423600217],[-78.53897069913027,45.16937685283466],[-78.53882500125573,45.1693917962106],[-78.53820270359597,45.169514808532185],[-78.53783781177309,45.169573530800434],[-78.53695781178165,45.16968353080055],[-78.53676702306058,45.16969223603261],[-78.53676958444402,45.16969961083278],[-78.53679238751097,45.170269239291805],[-78.53664472924741,45.1708295121385],[-78.53633321184799,45.171355378180316],[-78.53626321185374,45.17144537817878],[-78.53588042746439,45.17184713669098],[-78.53540186198765,45.172194171228455],[-78.53484294672981,45.17247529171129],[-78.53422170382484,45.17268143343756],[-78.53355816520092,45.17280594940418],[-78.53322816520253,45.17284594939851],[-78.53246526898168,45.172883732575286],[-78.53182579222444,45.17282473248507],[-78.53149725930253,45.17293265325361],[-78.53116178228832,45.172990364081734],[-78.53106163999533,45.173064053692976],[-78.5304009296907,45.17345175871832],[-78.5299909296989,45.17364175871607],[-78.52925922167279,45.17390626033021],[-78.52851922166984,45.174106260328784],[-78.52801486393409,45.174215113090455],[-78.52746486392829,45.174305113097894],[-78.52694859891875,45.17436372419065],[-78.52632859891868,45.17440372418497],[-78.52597999999738,45.17441494584967],[-78.52517000000017,45.17441494584967],[-78.52465790457909,45.17439067068473],[-78.52423790457534,45.17435067069041],[-78.52384957362563,45.17428708807832],[-78.52368471111586,45.17429637611039],[-78.52337999999426,45.174304945849556],[-78.5228993191191,45.174304945849556],[-78.52272284338306,45.17457597975193],[-78.52231379449202,45.17498347750167],[-78.52230147510048,45.17499188973921],[-78.52274970334723,45.17490072467074],[-78.52339059432148,45.17481131265557],[-78.52404372796647,45.1748000929492],[-78.52405101817547,45.174800852079514],[-78.52468732514916,45.17465210792984],[-78.5256373251476,45.17451210792724],[-78.52639788374869,45.17445509922235],[-78.52715932713085,45.17450590403613],[-78.52789119263916,45.17466248986738],[-78.52856420088308,45.17491859225158],[-78.52900420088517,45.17512859225098],[-78.5296466703015,45.175514541043],[-78.52984667029781,45.17566454104642],[-78.53032527340203,45.17610747218677],[-78.53050317837038,45.17637113942771],[-78.53062868726792,45.176440032673135],[-78.53075225540596,45.17653307622666],[-78.5309894833552,45.17664890932927],[-78.53110849819885,45.17672289153079],[-78.531586367631,45.176832136999955],[-78.5322500849217,45.17709577735432],[-78.53282646632675,45.17744691783045],[-78.53329263149757,45.17787161935094],[-78.53363007524851,45.178353022711825],[-78.53375438875985,45.17868333091516],[-78.53398779889677,45.178696092606664],[-78.53395068340564,45.17853234834347],[-78.53392068340811,45.178102348343835],[-78.53394627832681,45.177631920895536],[-78.53408764130438,45.17717181016708],[-78.5341976413081,45.176921810164366],[-78.53443585324392,45.17650625048412],[-78.5347684943292,45.176124260935865],[-78.53518636432712,45.17578640665956],[-78.53537636432425,45.175656406657794],[-78.53600726361,45.175307364080226],[-78.53634384175051,45.175158492980636],[-78.53679729796048,45.17490342386563],[-78.53719797950502,45.17461722276308],[-78.53772599922627,45.17430276734516],[-78.53805708935079,45.17416899017915],[-78.53810640302763,45.17383050243786],[-78.53834510802106,45.17330234738989],[-78.53847510802312,45.17309234739049],[-78.53870846591242,45.17279765690308],[-78.53855926763728,45.172592532393104]],[[-78.53781986033084,45.18253115872094],[-78.53821100629257,45.18268665903699],[-78.53850100629424,45.182826659039584],[-78.53898634713869,45.183104651777235],[-78.53940089871688,45.1834346822125],[-78.53974089871444,45.18375468221202],[-78.54009609770175,45.18415898003695],[-78.54034493822721,45.18460098235523],[-78.54047967276523,45.18506692765043],[-78.5404961064002,45.18554230895718],[-78.54047610640184,45.18576230895741],[-78.54024523777666,45.1865272263083],[-78.54014523777212,45.18671722630605],[-78.53983329425937,45.18716344465152],[-78.53988933581068,45.187235987105154],[-78.54011122545167,45.18773253799311],[-78.54017122545947,45.187932537991685],[-78.54025379867778,45.18846761312162],[-78.54018385029386,45.189003581203885],[-78.53996417036217,45.18951906383492],[-78.5396035213815,45.1899934997367],[-78.53911628869835,45.190407964846735],[-78.53888628869176,45.190567964841996],[-78.5383600177432,45.19087381803767],[-78.53776501261065,45.191108906851085],[-78.53712020702764,45.19126575048983],[-78.53644611942832,45.19133935803099],[-78.5362936676638,45.19134628765306],[-78.5362509428361,45.1913638400959],[-78.53618985846354,45.19138338709513],[-78.53573548075002,45.191606524129114],[-78.53513317206297,45.19180362113202],[-78.53449156184561,45.191924308281266],[-78.5342338279155,45.19194014003712],[-78.5343483988929,45.19209880185702],[-78.53455782151312,45.19271561388617],[-78.53458782151066,45.192895613883096],[-78.53460608648972,45.193382527914174],[-78.53449969173877,45.19386380599601],[-78.53438969173507,45.19417380600368],[-78.53420199549042,45.19456959106959],[-78.53402199549245,45.194869591067445],[-78.53375794394461,45.19523096828642],[-78.53341977564806,45.195560246616196],[-78.53332319848205,45.1956407275898],[-78.53344177422375,45.19603123833226],[-78.53348711134414,45.19627605883768],[-78.53362111981971,45.19634807008156],[-78.53439111982019,45.196848070086986],[-78.53487691489661,45.19722986707237],[-78.53525129437571,45.19766960513308],[-78.53550070190086,45.198151361280345],[-78.53561610640591,45.198657691048815],[-78.53562610640509,45.19876769104893],[-78.53560258567559,45.19928435147012],[-78.53543952693938,45.19978834239391],[-78.53527952693977,45.200128342395075],[-78.53489184515327,45.20070926691727],[-78.53432020501428,45.2012090877537],[-78.53416020501467,45.201319087753824],[-78.53374570611751,45.20155709161829],[-78.53374446942011,45.20156945853616],[-78.5336853924709,45.201788089944074],[-78.53369335049113,45.20183305926584],[-78.53362079161174,45.20240456330836],[-78.53362000439189,45.20240634071498],[-78.5337794596216,45.20291560336608],[-78.53378676237308,45.20347508498566],[-78.53362998193185,45.20402357166634],[-78.53352426564817,45.20419651441754],[-78.53363932760553,45.2042885639852],[-78.53405447643068,45.20468992253151],[-78.53435806227147,45.205138157828344],[-78.53446789263288,45.205428212631595],[-78.53451320946095,45.205481091700285],[-78.5346099344856,45.20554518624428],[-78.53505801493745,45.20599527173823],[-78.535365316874,45.20649707733941],[-78.53539890096522,45.206505202277754],[-78.53607808573659,45.20679073487204],[-78.53626808573372,45.20689073487132],[-78.53681076725894,45.20723818205891],[-78.53724505140252,45.207648146429705],[-78.53797379692762,45.207478709255085],[-78.53873879423264,45.20741539938051],[-78.53950627490016,45.207461420162346],[-78.5402450991974,45.2076149043355],[-78.5409252900704,45.207869624464],[-78.54151924949815,45.20821524552035],[-78.5418785451643,45.20852912678904],[-78.54190335895593,45.208522693971254],[-78.54217335895925,45.20848269397693],[-78.54307298965932,45.2084262308728],[-78.54322332113081,45.20842936276819],[-78.54347295746722,45.208408634358605],[-78.54364367051434,45.208402426613716],[-78.5442491413116,45.20813631688047],[-78.54427600638708,45.20812691410659],[-78.54469153056927,45.20789107605332],[-78.54509013221421,45.20769298884647],[-78.54546013222205,45.20753298884222],[-78.54610673477201,45.207309455884754],[-78.54626787445589,45.20726648530552],[-78.54632029942289,45.20724518766048],[-78.5466465570551,45.20712696070035],[-78.54795655704946,45.20670696070155],[-78.54826158254915,45.20662012260221],[-78.54869760469468,45.20651111706407],[-78.54877484011374,45.20646391762969],[-78.54931877977586,45.20618649707396],[-78.54952134862503,45.206101204930306],[-78.55029637701779,45.205688955793406],[-78.55072740674149,45.20549030669932],[-78.5510317086133,45.20536985386663],[-78.55146735561848,45.20515203036755],[-78.55164157243125,45.20508047111999],[-78.55113193389832,45.204901153860646],[-78.55043822088014,45.204587043332914],[-78.54985618112848,45.2041754285683],[-78.54963167013209,45.203978013723486],[-78.54917262040388,45.20371807630558],[-78.54876064536465,45.20339539840125],[-78.54863064536258,45.20327539840031],[-78.5482537042961,45.20285074250525],[-78.54799478508771,45.20238425941563],[-78.54786283257393,45.20189206457527],[-78.54786240528793,45.20139116173604],[-78.54791240528382,45.201011161731564],[-78.54809066063893,45.2004112591222],[-78.54829961003499,45.200093823264844],[-78.54837053644016,45.19977555123766],[-78.54859518481763,45.19932047971659],[-78.54882013008508,45.198969565112854],[-78.54845176106011,45.19875762677365],[-78.54819818104033,45.19859797749863],[-78.54742818103985,45.19806797749073],[-78.54708930173437,45.19780151715401],[-78.54688930172532,45.197621517157096],[-78.54648886204438,45.19717794407166],[-78.54621824165932,45.19668801911232],[-78.54608773971538,45.19617038757638],[-78.54606773971702,45.19599038757946],[-78.5460813315597,45.19547073769975],[-78.54623620985038,45.194962590432844],[-78.5464139593887,45.194670174201256],[-78.54654485125886,45.194405521804896],[-78.54675127194058,45.19415462460081],[-78.54652924723838,45.19399685384679],[-78.54606924723792,45.19359685384964],[-78.54564656598326,45.19314226493049],[-78.54536190176691,45.19263715087904],[-78.54490190176645,45.19149715087459],[-78.5447697059742,45.1909873920121],[-78.54477304443132,45.19078825598621],[-78.54469618185824,45.19067488821108],[-78.54442574642395,45.190195083411226],[-78.54422082752724,45.18988360669],[-78.54402939957244,45.18952921188709],[-78.54393939957984,45.18931921187871],[-78.54377658288568,45.18858416352898],[-78.54376658287376,45.188154163529354],[-78.54382036590971,45.18765746841688],[-78.54400294443506,45.187176234756734],[-78.5443080803826,45.186726904665086],[-78.5445880803851,45.18639690466475],[-78.54512390049142,45.18590457769119],[-78.54534390049884,45.18574457769592],[-78.54537303446531,45.18572688347197],[-78.54520862653168,45.1855354495654],[-78.54509927822771,45.185399362516385],[-78.54485927823468,45.18507936251687],[-78.54472577728393,45.18488245260609],[-78.54469072384737,45.184824864829196],[-78.54462384822112,45.18477192162079],[-78.5441918781419,45.18435575917997],[-78.54416949721139,45.18432225055562],[-78.54378731854538,45.184316649146595],[-78.54310731853751,45.18424664914979],[-78.54216860043451,45.184061526294364],[-78.54193204697563,45.18399091332314],[-78.54142446585757,45.18391444445916],[-78.54071247884859,45.18369375329515],[-78.54031247885595,45.1835337532909],[-78.53981183322634,45.183294750751365],[-78.53937090680058,45.18300311617984],[-78.53882434809013,45.18257953317866],[-78.53877294921121,45.18255276292505],[-78.53847794989187,45.18251493767118],[-78.53788696053654,45.18235502066228],[-78.53781986033084,45.18253115872094]],[[-78.51926734081361,45.176645270972706],[-78.51920188823765,45.176667620625786],[-78.51906650048305,45.17673977733386],[-78.51843788934816,45.176961175480976],[-78.51792788933908,45.17710117548358],[-78.51718929563759,45.17724581225729],[-78.51669193558014,45.17727046688857],[-78.51663570501192,45.17728326734238],[-78.51675316255984,45.17735904640802],[-78.51689406525088,45.17743452999082],[-78.51736128383811,45.17774236221998],[-78.51743615489538,45.17769294731554],[-78.51755322706757,45.17762639987674],[-78.51766081988146,45.17751050061321],[-78.51818607261927,45.17713316131979],[-78.51880573398478,45.17683533841597],[-78.51944784272796,45.176642910927775],[-78.51950901674621,45.176566443393305],[-78.51953022500467,45.17654629549302],[-78.51926734081361,45.176645270972706]]],[[[-78.51946247934498,45.17011958760115],[-78.51898192866192,45.169979012452195],[-78.51847088887511,45.169910126465155],[-78.51795064779351,45.16991579913753],[-78.51759064779759,45.16994579914001],[-78.51715114641054,45.17001048280815],[-78.5169621938135,45.1700640142334],[-78.51665999999815,45.17004336943001],[-78.51626000000553,45.17004336943001],[-78.5160905676055,45.17005542967203],[-78.51587819800943,45.16990173401749],[-78.51568819799955,45.16979173401738],[-78.51525197577323,45.16958815175305],[-78.51476596827746,45.16945161876236],[-78.51446596828934,45.16939161876638],[-78.51389902201244,45.16932567192322],[-78.5129993053759,45.16929353918551],[-78.51246439792709,45.16920795398446],[-78.51236571624813,45.169193603999666],[-78.51199480136489,45.16914503181378],[-78.51176135877553,45.16896479464366],[-78.5114513587755,45.16876479464508],[-78.51122917589004,45.16864650022147],[-78.51122667455506,45.16848150435355],[-78.51122407542942,45.16847189409579],[-78.5112906479327,45.168484200871454],[-78.51153064793847,45.16850420086412],[-78.51198825841567,45.168513165242175],[-78.51244076552607,45.16846430534387],[-78.51267076553266,45.16842430534954],[-78.5127553949167,45.16840432003534],[-78.51285519252059,45.16841832736675],[-78.51336625971223,45.16841680423725],[-78.5138666257233,45.168343468068166],[-78.51413662572661,45.16828346807218],[-78.51456628884124,45.16815652879229],[-78.51489309370342,45.16800564424475],[-78.51501181745672,45.16812012786222],[-78.51531980592904,45.16836631142634],[-78.51568620152538,45.16856890101635],[-78.51609877698544,45.168721135848536],[-78.51654376392841,45.16881793558166],[-78.5170063122982,45.16885606981107],[-78.51747098605959,45.16883426595639],[-78.51792227817977,45.16875325163504],[-78.51808227817938,45.16871325164072],[-78.51854158004481,45.16856060533521],[-78.51894883918338,45.16834682871954],[-78.51928789579178,45.16808040432442],[-78.51954529631337,45.167771903712755],[-78.51971529631216,45.16751190370922],[-78.51985279265857,45.16724962821917],[-78.51993088307027,45.16697549406905],[-78.51999088306535,45.16662549406705],[-78.52000277610136,45.16628167546236],[-78.51992149243992,45.16594255913393],[-78.51975001059155,45.16562057156693],[-78.51949461431946,45.16532751156668],[-78.51916466226041,45.16507411794442],[-78.51877224508394,45.164869675974394],[-78.51833174240066,45.16472167715691],[-78.51785929585023,45.164635544729144],[-78.51737221764114,45.164614434885905],[-78.51688835609698,45.164659121175475],[-78.51651835610188,45.16471912118044],[-78.51600848383757,45.164843063752414],[-78.51585811688003,45.16490717993682],[-78.51582024771766,45.164872979942075],[-78.51589622496157,45.164614657290805],[-78.51594880171311,45.16428505710365],[-78.51591451285873,45.16395426213021],[-78.51587015108282,45.163835685402034],[-78.51638674252857,45.16389401024662],[-78.51686379052943,45.16391587776491],[-78.51735379052742,45.16390587776408],[-78.51796539005298,45.163840479531046],[-78.51857539005385,45.163720479530106],[-78.51895099414673,45.16362363400985],[-78.51926099414676,45.163523634010566],[-78.51950748013793,45.16343233529075],[-78.51969160277922,45.163354809963074],[-78.52023746316345,45.163318819167834],[-78.5207148496204,45.163254549497275],[-78.52105484961797,45.163184549500464],[-78.52145757733503,45.163074785927954],[-78.52209757733344,45.16285478592772],[-78.52269219288394,45.16257109002888],[-78.52271974448244,45.16255348762173],[-78.52297150255224,45.16268906335867],[-78.52320150255885,45.162789063357955],[-78.52372234817838,45.162961711237166],[-78.52428487524065,45.16304761095636],[-78.52486040782235,45.16304238358786],[-78.52542040782734,45.16299238358372],[-78.52590221597174,45.162915356344925],[-78.52673595535079,45.16272055742117],[-78.52693900605345,45.162702508470474],[-78.52732476566477,45.162646609732924],[-78.52769370537314,45.16254950382701],[-78.52824370537894,45.162369503821104],[-78.52866993346946,45.16219273595359],[-78.52893217973966,45.162058250681575],[-78.52984545177684,45.161702229380026],[-78.53039966961634,45.16154158653238],[-78.53049984150655,45.16151076559549],[-78.53138984150993,45.16122076559846],[-78.53155000295588,45.16116276654587],[-78.53156164381643,45.16116087883512],[-78.53212367193224,45.16101920392367],[-78.53233234038412,45.16092323607542],[-78.53237227835668,45.1609132515885],[-78.53280359167582,45.16077226970035],[-78.53291934424777,45.160724728474975],[-78.53294559280369,45.16072918399302],[-78.53296021269738,45.16072962314343],[-78.53287467527002,45.160922295179994],[-78.53282089338127,45.16126862376743],[-78.53286296721026,45.16161575618534],[-78.53289811220446,45.16170207577709],[-78.53276457892876,45.161926777424775],[-78.53266775458388,45.1622190085585],[-78.53266669141645,45.162224111734915],[-78.53215532722011,45.16204847768502],[-78.53175532721473,45.16195847767758],[-78.53116291059004,45.16187799993791],[-78.53056024926009,45.16189789099189],[-78.53022024926253,45.1619378909952],[-78.52984737345493,45.16200241797918],[-78.52949247747587,45.16210567955466],[-78.52873247747458,45.16237567955902],[-78.52820325684792,45.16262668158751],[-78.52781325685446,45.16286668158041],[-78.52777819091365,45.162891067238135],[-78.52777658417449,45.16289157183979],[-78.52739702022302,45.16307450927379],[-78.52707026175786,45.163302525210796],[-78.52680694021112,45.163568200896066],[-78.52661562306108,45.1638628922728],[-78.52655562305326,45.163982892273744],[-78.52643762215031,45.16431964495499],[-78.52641364212849,45.16466610230694],[-78.52648457681885,45.16500935021194],[-78.52652958668726,45.165138242087906],[-78.52642923434577,45.16515569467403],[-78.52593500045357,45.165288155691364],[-78.52557390680074,45.16521720839414],[-78.52551287879291,45.16521487143591],[-78.52533739892311,45.165118193496376],[-78.52491834892395,45.16496515445641],[-78.52446645020092,45.164869180293],[-78.52397645020294,45.1647991802962],[-78.52344952527301,45.164763427383825],[-78.5229234831867,45.164805140591156],[-78.52242100627672,45.16492252130236],[-78.52196376075545,45.16511050819352],[-78.52165376075543,45.16527050818879],[-78.52126206543508,45.16552052147758],[-78.52095192931587,45.165822079486524],[-78.52073667975195,45.16616222348764],[-78.5206255665893,45.16652633658869],[-78.52058556659259,45.166786336592224],[-78.5205774024625,45.16711006999006],[-78.5206518178347,45.16742957892553],[-78.52080639580662,45.16773448625809],[-78.52103611593972,45.16801488908582],[-78.52108887250523,45.16805866784339],[-78.52102926135291,45.168436205152446],[-78.52085812193752,45.1688670043742],[-78.52080100598916,45.168949108549626],[-78.52065648450863,45.169204723903206],[-78.5203464845086,45.16990472389822],[-78.5202962583272,45.170035213661485],[-78.52020041213103,45.1703273163451],[-78.51984975067077,45.17025789098262],[-78.51971844387866,45.17024244313078],[-78.51946247934498,45.17011958760115]],[[-78.52090064112699,45.16454576228468],[-78.52121064112701,45.16438576228941],[-78.52189650941527,45.16410378195716],[-78.52265022478662,45.163927710885865],[-78.52343928790971,45.163865141070374],[-78.52383255713441,45.16389182517555],[-78.52331352226074,45.163812566862944],[-78.52273977554385,45.16362238352803],[-78.52265636599368,45.163662178895116],[-78.52201636599527,45.16388217889534],[-78.52141227442605,45.164046824249624],[-78.52107227442849,45.16411682424643],[-78.5203561947558,45.164213228747776],[-78.52008705364555,45.16423097431942],[-78.51984955437567,45.16431894434094],[-78.52001699338615,45.164406176917474],[-78.52051192147472,45.164786267355346],[-78.52051618236588,45.16479115659798],[-78.52090064112699,45.16454576228468]],[[-78.52471967530896,45.16398877043574],[-78.5252102506683,45.164092958740206],[-78.52527402841363,45.163910948888606],[-78.52502061172667,45.16393357538448],[-78.52437439545744,45.163939444742994],[-78.52471967530896,45.16398877043574]]]]}},{"type":"Feature","properties":{"lake":"Redstone Lake","lake_part":0,"zone":"water-sports","label":"300m+ \u00b7 acceptable water-sports zone","min_m":300,"max_m":null},"geometry":{"type":"MultiPolygon","coordinates":[[[[-78.54864110663067,45.17233302002166],[-78.5482758167465,45.17218108115617],[-78.54801581674236,45.17209108115771],[-78.54718018997768,45.17188250716837],[-78.54692916070537,45.17184216317428],[-78.54667322805538,45.17171239450664],[-78.54646829370414,45.171632931555784],[-78.54649671372647,45.171505493127746],[-78.54647291885644,45.17099747608047],[-78.54645291885808,45.17088747608036],[-78.54630630291612,45.17041817490344],[-78.54604375185542,45.16997468590982],[-78.54567361355305,45.169571109943675],[-78.54520765664944,45.16922027880441],[-78.54493765664613,45.16905027879933],[-78.54436636812771,45.168752908655925],[-78.54372690369408,45.1685351229085],[-78.54347759791919,45.16848759910219],[-78.543740038477,45.16842361336816],[-78.54384317848084,45.168391382118074],[-78.54426558726705,45.168361210065115],[-78.54464926907471,45.16831985001215],[-78.54532275827177,45.16822237131101],[-78.54622551949464,45.16812206450917],[-78.54707511600131,45.16795509082772],[-78.54756214312825,45.16781498713479],[-78.54758643371318,45.16781060686529],[-78.54783517679999,45.167797958910725],[-78.54855141637691,45.16771279452463],[-78.5485621888338,45.16771075649238],[-78.54883940780422,45.16788351805268],[-78.54866954127014,45.168103983131],[-78.5484488394542,45.168445063092484],[-78.54827883945542,45.168765063092],[-78.54809725135449,45.16922984925102],[-78.54803606938977,45.16971000000176],[-78.54803606938977,45.1698999999995],[-78.54809404231924,45.17036748787957],[-78.54826620330348,45.17082080100352],[-78.54854733222865,45.171246194409726],[-78.54869731636522,45.17142950835669],[-78.54876607608811,45.17191839010818],[-78.54897768214455,45.17238228749461],[-78.54878299248799,45.172343661497614],[-78.54864110663067,45.17233302002166]]],[[[-78.53870846591167,45.17279765690394],[-78.53847510802058,45.17309234739435],[-78.5383451080185,45.17330234739376],[-78.53810640302395,45.17383050243826],[-78.5380570893543,45.174168990176675],[-78.53772599922713,45.17430276734888],[-78.53719797950757,45.174617222759885],[-78.53679729796121,45.174903423866255],[-78.5363438417522,45.175158492980096],[-78.53600726360827,45.17530736408418],[-78.53537636431793,45.17565640665611],[-78.53518636432078,45.175786406657885],[-78.53476849432697,45.17612426093677],[-78.53443585323836,45.17650625048834],[-78.53419764130928,45.17692181016857],[-78.53408764130556,45.17717181017128],[-78.53394627832584,45.17763192089811],[-78.53392068340492,45.17810234834424],[-78.53395068340245,45.178532348343865],[-78.53398779889373,45.178696092607034],[-78.53375438875429,45.17868333091943],[-78.53363007525132,45.1783530227122],[-78.53329263149753,45.17787161935167],[-78.53282646633035,45.17744691783231],[-78.53225008491728,45.17709577735624],[-78.53158636763501,45.17683213700297],[-78.53110849820048,45.17672289153155],[-78.53098948335824,45.17664890933227],[-78.53075225540292,45.17653307622781],[-78.53062868727301,45.17644003267391],[-78.53050317837668,45.17637113942441],[-78.53032527339687,45.17610747218637],[-78.52984667030198,45.175664541048],[-78.52964667030565,45.17551454104458],[-78.52900420088268,45.175128592248946],[-78.52856420088058,45.17491859224955],[-78.52789119263562,45.17466248986537],[-78.52715932713234,45.17450590403857],[-78.52639788374309,45.17445509921897],[-78.52563732514771,45.174512107929246],[-78.52468732514926,45.17465210793184],[-78.52405101817986,45.17480085207879],[-78.5240437279689,45.17480009295183],[-78.52339059432227,45.174811312653276],[-78.52274970335174,45.17490072467197],[-78.52230147510402,45.17499188973963],[-78.52231379449178,45.174983477503325],[-78.52272284337779,45.174575979756035],[-78.52289931911459,45.174304945849556],[-78.52337999999426,45.174304945849556],[-78.52368471112091,45.17429637610788],[-78.52384957362726,45.174287088080746],[-78.52423790457452,45.174350670687794],[-78.52465790457826,45.174390670682115],[-78.52517000000017,45.17441494584967],[-78.52597999999738,45.17441494584967],[-78.52632859891892,45.17440372418577],[-78.52694859891898,45.174363724191444],[-78.52746486393305,45.17430511309444],[-78.52801486393885,45.174215113087],[-78.52851922166649,45.17410626033303],[-78.52925922166943,45.173906260334455],[-78.52999092969834,45.17364175871391],[-78.53040092969015,45.17345175871616],[-78.53106163999409,45.173064053693466],[-78.53116178229364,45.172990364078544],[-78.53149725930241,45.17293265325688],[-78.53182579222616,45.17282473248308],[-78.53246526898467,45.172883732573155],[-78.53322816520033,45.17284594940119],[-78.53355816519871,45.172805949406865],[-78.53422170382767,45.172681433441554],[-78.53484294672448,45.172475291709404],[-78.53540186198666,45.172194171225776],[-78.53588042745879,45.17184713668687],[-78.53626321185479,45.171445378179655],[-78.53633321184904,45.1713553781812],[-78.5366447292532,45.170829512135164],[-78.5367923875088,45.17026923929021],[-78.53676958444844,45.16969961083699],[-78.53676702305627,45.16969223603212],[-78.53695781177687,45.16968353080495],[-78.53783781176831,45.16957353080484],[-78.53820270360124,45.16951480852875],[-78.53882500125104,45.16939179620629],[-78.53897069913347,45.169376852832244],[-78.53934883168473,45.169324236000804],[-78.53939704768723,45.169315727294865],[-78.53897445865836,45.16967984689164],[-78.53860926767055,45.17017746755421],[-78.53845926767012,45.170447467558574],[-78.53826244503985,45.17093005575486],[-78.53819606939503,45.171429999976624],[-78.53826244502739,45.171929944199206],[-78.53845926764565,45.172412532397935],[-78.53855926763744,45.17259253239485],[-78.53870846591167,45.17279765690394]]],[[[-78.52051618236102,45.16479115659853],[-78.52051192147778,45.16478626735572],[-78.52001699338838,45.16440617692056],[-78.51984955438147,45.16431894434529],[-78.52008705364373,45.164230974318436],[-78.52035619475123,45.164213228749475],[-78.52107227442983,45.16411682424639],[-78.5214122744274,45.16404682424958],[-78.5220163659957,45.16388217889561],[-78.52265636599411,45.163662178895386],[-78.5227397755409,45.163622383524256],[-78.52331352225886,45.16381256686044],[-78.5238325571316,45.16389182517496],[-78.52343928791196,45.16386514107059],[-78.52265022478666,45.16392771088931],[-78.52189650941631,45.164103781956946],[-78.52121064113217,45.16438576229358],[-78.52090064113214,45.164545762288846],[-78.52051618236102,45.16479115659853]]],[[[-78.53788696054065,45.18235502066229],[-78.53847794988718,45.18251493767059],[-78.53877294921163,45.18255276292901],[-78.53882434808922,45.182579533177396],[-78.53937090680569,45.18300311618193],[-78.53981183322746,45.18329475075078],[-78.54031247886049,45.18353375329409],[-78.54071247885312,45.18369375329834],[-78.54142446585855,45.183914444455496],[-78.54193204697565,45.18399091331908],[-78.54216860043582,45.18406152629536],[-78.54310731853336,45.18424664915109],[-78.54378731854123,45.184316649147895],[-78.54416949721688,45.184322250553635],[-78.54419187814186,45.18435575917651],[-78.54462384822263,45.18477192162223],[-78.54469072385348,45.184824864829494],[-78.5447257772824,45.184882452605315],[-78.54485927823366,45.18507936251846],[-78.54509927822669,45.18539936251798],[-78.54520862653045,45.18553544956934],[-78.54537303446948,45.18572688346959],[-78.54534390049801,45.18574457769479],[-78.54512390049058,45.18590457769006],[-78.54458808038561,45.18639690466473],[-78.54430808038312,45.18672690466508],[-78.54400294443398,45.18717623475862],[-78.54382036590472,45.187657468416624],[-78.54376658287921,45.18815416353094],[-78.54377658289114,45.18858416353057],[-78.54393939958369,45.189319211882086],[-78.5440293995763,45.18952921189047],[-78.54422082752443,45.18988360669153],[-78.5444257464266,45.19019508341296],[-78.54469618185955,45.19067488821382],[-78.54477304442673,45.19078825598977],[-78.54476970596953,45.190987392014414],[-78.54490190176962,45.19149715087341],[-78.54536190177008,45.192637150877864],[-78.54564656598522,45.1931422649306],[-78.54606924723169,45.19359685384675],[-78.54652924723214,45.1939968538439],[-78.54675127193786,45.19415462460411],[-78.54654485126494,45.19440552180434],[-78.54641395938359,45.194670174198635],[-78.5462362098551,45.194962590429405],[-78.54608133156553,45.19547073770208],[-78.54606773972156,45.195990387576764],[-78.54608773971992,45.19617038757368],[-78.54621824166144,45.19668801911049],[-78.54648886204157,45.19717794407561],[-78.54688930173103,45.19762151716022],[-78.5470893017401,45.197801517157146],[-78.54742818103416,45.19806797748981],[-78.54819818103465,45.19859797749771],[-78.5484517610664,45.19875762677248],[-78.54882013008262,45.19896956511259],[-78.54859518481605,45.199320479718175],[-78.54837053644437,45.19977555123845],[-78.54829961003723,45.20009382326052],[-78.54809066063578,45.200411259122426],[-78.54791240528213,45.201011161732396],[-78.54786240528624,45.20139116173687],[-78.54786283257702,45.201892064578786],[-78.54799478508787,45.202384259411495],[-78.54825370428979,45.20285074250849],[-78.54863064536866,45.20327539839989],[-78.54876064537073,45.20339539840083],[-78.54917262039962,45.20371807630544],[-78.54963167013045,45.20397801372322],[-78.54985618112568,45.204175428566],[-78.55043822088004,45.204587043337185],[-78.5511319338953,45.20490115385988],[-78.55164157242844,45.20508047111721],[-78.55146735561947,45.205152030363095],[-78.55103170861354,45.205369853870415],[-78.55072740673536,45.20549030669606],[-78.55029637701725,45.20568895579042],[-78.54952134862124,45.20610120493462],[-78.5493187797821,45.2061864970781],[-78.54877484011968,45.20646391763309],[-78.54869760469542,45.20651111705961],[-78.54826158254578,45.206620122599446],[-78.54795655705358,45.20670696070544],[-78.54664655705922,45.207126960704244],[-78.54632029942582,45.20724518766045],[-78.54626787445162,45.20726648530656],[-78.5461067347762,45.20730945588367],[-78.54546013222627,45.20753298884404],[-78.54509013221842,45.20769298884829],[-78.54469153056307,45.20789107605622],[-78.54427600638404,45.208126914102166],[-78.54424914131256,45.208136316877535],[-78.54364367051014,45.208402426613],[-78.54347295747198,45.20840863436036],[-78.54322332112466,45.20842936277217],[-78.54307298966435,45.2084262308693],[-78.54217335895366,45.208482693974595],[-78.54190335895035,45.208522693968916],[-78.54187854516475,45.20852912678518],[-78.54151924949215,45.208215245516016],[-78.54092529007272,45.20786962446059],[-78.5402450991939,45.20761490433917],[-78.53950627490124,45.20746142015877],[-78.53873879423075,45.20741539938221],[-78.5379737969215,45.20747870925517],[-78.53724505140093,45.20764814643355],[-78.53681076725422,45.20723818206065],[-78.53626808573203,45.20689073487365],[-78.53607808573489,45.20679073487437],[-78.5353989009591,45.20650520227367],[-78.53536531687888,45.206497077343265],[-78.53505801494082,45.20599527173994],[-78.53460993449154,45.2055451862423],[-78.53451320946326,45.205481091704705],[-78.53446789263188,45.20542821263056],[-78.53435806227371,45.205138157832444],[-78.53405447643364,45.204689922533824],[-78.53363932760517,45.20428856398081],[-78.5335242656473,45.20419651441406],[-78.53362998193043,45.204023571664045],[-78.53378676237166,45.20347508498825],[-78.53377945962518,45.20291560336337],[-78.53362000438784,45.20240634071586],[-78.53362079160755,45.20240456330414],[-78.53369335049375,45.20183305926427],[-78.53368539247207,45.20178808994012],[-78.53374446942193,45.20156945853793],[-78.53374570611403,45.201557091616046],[-78.5341602050092,45.20131908775374],[-78.5343202050088,45.201209087753625],[-78.53489184515632,45.200709266918864],[-78.53527952693767,45.20012834239343],[-78.53543952693727,45.19978834239226],[-78.53560258567566,45.199284351466126],[-78.53562610640992,45.198767691052716],[-78.53561610641074,45.198657691052595],[-78.53550070190572,45.198151361280445],[-78.53525129437017,45.19766960512914],[-78.53487691489235,45.19722986706895],[-78.53439111981537,45.19684807008805],[-78.53362111981488,45.196348070082635],[-78.53348711134707,45.19627605883596],[-78.5334417742204,45.19603123832786],[-78.53332319847895,45.19564072759224],[-78.53341977564541,45.195560246617994],[-78.53375794394691,45.19523096828986],[-78.53402199549653,45.194869591071104],[-78.5342019954945,45.19456959107324],[-78.53438969174073,45.1941738060018],[-78.53449969174444,45.19386380599413],[-78.53460608648552,45.193382527914906],[-78.53458782151363,45.19289561388354],[-78.53455782151609,45.19271561388662],[-78.5343483988921,45.19209880186025],[-78.53423382791185,45.191940140032685],[-78.53449156184075,45.1919243082839],[-78.53513317206009,45.19180362113342],[-78.53573548074992,45.191606524129725],[-78.53618985846612,45.191383387094454],[-78.5362509428413,45.19136384009376],[-78.53629366766329,45.191346287656096],[-78.53644611943315,45.19133935802945],[-78.5371202070323,45.19126575049393],[-78.53776501261365,45.19110890684969],[-78.53836001774182,45.19087381803704],[-78.53888628868766,45.19056796484515],[-78.53911628869427,45.19040796484988],[-78.53960352137757,45.18999349973255],[-78.53996417036664,45.18951906383576],[-78.54018385029079,45.18900358120048],[-78.54025379867669,45.18846761311768],[-78.54017122546117,45.1879325379907],[-78.54011122545334,45.187732537992126],[-78.53988933580801,45.187235987103],[-78.53983329426374,45.187163444651304],[-78.54014523776603,45.18671722630437],[-78.54024523777056,45.186527226306616],[-78.54047610640667,45.18576230895363],[-78.54049610640503,45.1855423089534],[-78.54047967276122,45.18506692765443],[-78.54034493823141,45.18460098235947],[-78.5400960977069,45.18415898003915],[-78.53974089871132,45.183754682211735],[-78.53940089871375,45.18343468221222],[-78.5389863471427,45.1831046517796],[-78.53850100629742,45.18282665903573],[-78.53821100629575,45.18268665903314],[-78.53781986033258,45.18253115872245],[-78.53788696054065,45.18235502066229]]],[[[-78.51953022500533,45.17654629549395],[-78.5195090167512,45.17656644339389],[-78.51944784272513,45.176642910926226],[-78.51880573399112,45.17683533841888],[-78.51818607261468,45.17713316132336],[-78.5176608198836,45.1775105006146],[-78.51755322706703,45.177626399875365],[-78.51743615489393,45.17769294731743],[-78.51736128383465,45.17774236221689],[-78.51689406524913,45.17743452999378],[-78.51675316256102,45.17735904640982],[-78.51663570500799,45.17728326734389],[-78.51669193558213,45.177270466888174],[-78.51718929563776,45.17724581225906],[-78.51792788934056,45.17710117548805],[-78.51843788934964,45.17696117548545],[-78.5190665004821,45.17673977733174],[-78.51920188824299,45.17666762062995],[-78.51926734081812,45.17664527096928],[-78.51953022500533,45.17654629549395]]],[[[-78.5243743954609,45.16393944474555],[-78.52502061172541,45.163933575383226],[-78.52527402841574,45.16391094889135],[-78.52521025067449,45.16409295874045],[-78.52471967530478,45.16398877043549],[-78.5243743954609,45.16393944474555]]]]}},{"type":"Feature","properties":{"lake":"Pelaw Lake","lake_part":1,"zone":"no-wake","label":"0\u201330 m \u00b7 legal speed zone","min_m":0,"max_m":30},"geometry":{"type":"Polygon","coordinates":[[[-78.54686000487213,45.21790000185832],[-78.54660999628882,45.21781999789912],[-78.54632000213778,45.21758000398781],[-78.54606000034913,45.217440001550784],[-78.54622000635231,45.217340001093355],[-78.54632000213778,45.217130001929384],[-78.54636999365728,45.2167499965979],[-78.54632000213778,45.21671000360145],[-78.54576000024632,45.216989999492355],[-78.54547999930058,45.21677000207927],[-78.54536000435803,45.21647000070699],[-78.54540999587755,45.21621999956342],[-78.54562000614666,45.216050002379056],[-78.54577000619807,45.215840003215085],[-78.54577999940341,45.21560999856974],[-78.54596000456367,45.21541999590399],[-78.54673999718315,45.21494999734734],[-78.54705000323773,45.214839998640805],[-78.54699999897178,45.21467000145643],[-78.54699000576646,45.214389996582376],[-78.54711999391434,45.214079996960976],[-78.54741999401716,45.213730004343134],[-78.54769000175756,45.21364000213482],[-78.54808000444051,45.21344000121996],[-78.54838999774866,45.21341999573858],[-78.54923000058585,45.21276000349934],[-78.54932000316599,45.21235000342052],[-78.54992000337162,45.21204000379912],[-78.54994000252871,45.21093999876741],[-78.55007999662837,45.21073999785255],[-78.54996000168582,45.21032999777373],[-78.55,45.2099599996745],[-78.55007999662837,45.20985999921707],[-78.55031999925991,45.20980000073925],[-78.55093000541731,45.209819997237474],[-78.5511800012542,45.209929995944016],[-78.55131999535384,45.21007999663016],[-78.55133999451093,45.210429998231156],[-78.55088000115137,45.21083000006087],[-78.55093000541731,45.21129999861752],[-78.55103000120278,45.21150999778149],[-78.55101000204569,45.211990003570406],[-78.55114000294,45.21219000448526],[-78.55140999793397,45.2123000031918],[-78.55157000393714,45.2123000031918],[-78.55196999982543,45.2126100028132],[-78.55234999655661,45.21297000266331],[-78.55223999481939,45.2131599963459],[-78.55196999982543,45.21339999924036],[-78.55163999461375,45.213630003885704],[-78.55127999703966,45.21405000221364],[-78.55121999956837,45.21437000008415],[-78.55076000620882,45.2151099962826],[-78.55058000104854,45.2151099962826],[-78.55001999915709,45.21522000397229],[-78.54968000074008,45.215340000927945],[-78.54911999884862,45.215630004051114],[-78.54853999780008,45.21597999666896],[-78.5482900019632,45.21628999629036],[-78.54825999685434,45.216639997891356],[-78.54836999859157,45.21710999644801],[-78.5483100011203,45.217340001093355],[-78.54810999680294,45.21756999675555],[-78.54795999675153,45.21781999789912],[-78.54761999833451,45.21796999858526],[-78.54709000155192,45.21801000056486],[-78.54684999892037,45.21800000231575],[-78.54686000487213,45.21790000185832]],[[-78.54902000306316,45.2149200026],[-78.54868000464616,45.21512000351486],[-78.54808000444051,45.215270004201],[-78.54769000175756,45.215280002450115],[-78.54737999570297,45.21540999765488],[-78.54735999654588,45.215590002071515],[-78.5471299998661,45.21586999796242],[-78.54733000418346,45.215990003901226],[-78.5477600051806,45.21556999659013],[-78.54819999938307,45.2154599978836],[-78.54838999774866,45.21532000442972],[-78.54896000559188,45.215140000013086],[-78.54941999895145,45.2149200026],[-78.54902000306316,45.2149200026]],[[-78.55026000178863,45.21375999909047],[-78.55024999583686,45.21401000023404],[-78.55016000600317,45.21445000404336],[-78.54958999815995,45.214839998640805],[-78.5496899939454,45.214880000620404],[-78.55007000342304,45.21478999841209],[-78.550339998417,45.21467000145643],[-78.5506100061574,45.214479998790694],[-78.550679996834,45.214229997647124],[-78.55043999420246,45.213740002592246],[-78.55026000178863,45.21375999909047]],[[-78.55134352527352,45.212565392476186],[-78.55127907929631,45.21255321132094],[-78.55121862295336,45.212533313637394],[-78.55094862795939,45.21242331493085],[-78.55088503599335,45.21239084981649],[-78.55083220201874,45.21234991358899],[-78.55079234391535,45.21230223999686],[-78.55066234302103,45.212102239082],[-78.550635231353,45.212043570110794],[-78.55062777468831,45.21198208941275],[-78.55064577265505,45.211550152474686],[-78.55056747130259,45.21138574281139],[-78.55054868305685,45.21132014782934],[-78.5504986787909,45.210850149272694],[-78.55050009364523,45.21079930462761],[-78.55051504521391,45.21074955592717],[-78.55054298540024,45.21070266386934],[-78.55058291998225,45.21066031728685],[-78.55095210773625,45.210339277370615],[-78.55094219100953,45.21016559709358],[-78.55090651373693,45.21012736479509],[-78.550812330326,45.21008592551103],[-78.5503771542761,45.21007166026432],[-78.55037126542297,45.21007313350139],[-78.55034537741273,45.21031267825505],[-78.55045451239235,45.210685559946334],[-78.55046233870367,45.210744624176264],[-78.5504516444444,45.210803463827375],[-78.5504229267255,45.210859231240214],[-78.55032124841058,45.21100448882166],[-78.55030235819336,45.21204345332981],[-78.55029492702154,45.21209298643458],[-78.55027469842861,45.21214070494247],[-78.55024233522921,45.212184982902826],[-78.55019898460253,45.21222431114596],[-78.55014608689575,45.21225734219896],[-78.54967370400101,45.2125014054785],[-78.5496078941552,45.21280120023827],[-78.54958973048481,45.2128514070795],[-78.54955825953589,45.212898227272106],[-78.5495146539805,45.2129399450339],[-78.54867466388974,45.213599946256295],[-78.54862219956176,45.21363411816971],[-78.54856164124733,45.2136608250831],[-78.54849507936184,45.21367912376544],[-78.5484248592494,45.21368837641287],[-78.5482197945972,45.21370159961385],[-78.54791498908824,45.21385790647329],[-78.54785350028402,45.213883616256716],[-78.54768770739919,45.213938880613],[-78.54747276425958,45.21418965430771],[-78.54737378818895,45.21442565969915],[-78.54738141055729,45.21463900957913],[-78.54742442977667,45.214785300223156],[-78.5474323325666,45.21483530045187],[-78.54742691533157,45.21488547136048],[-78.54740834377523,45.21493405225105],[-78.54737729345868,45.214979354290826],[-78.54733483508247,45.21501980542807],[-78.5472824472331,45.215053986324634],[-78.54722196539728,45.21508070222118],[-78.54695330877902,45.215176031439135],[-78.54624867308544,45.21560062914133],[-78.54615886170184,45.21569542835326],[-78.54615220806258,45.21584824974939],[-78.5461406470457,45.21590628091675],[-78.5461115596802,45.21596117696376],[-78.5459615596288,45.21617117612773],[-78.5459084069933,45.21622695252372],[-78.54577283590673,45.216336708685134],[-78.54574987957663,45.21645145947953],[-78.5458209409538,45.21662910132696],[-78.54609873676621,45.21649020381773],[-78.5461683960355,45.2164625896059],[-78.54624467070475,45.21644578212693],[-78.54632424670075,45.21644051799937],[-78.54640361875379,45.216447030785176],[-78.54647935807274,45.21646502404032],[-78.54654812509155,45.21649371623049],[-78.54660693714433,45.21653185869746],[-78.54665692866385,45.21657186067706],[-78.54670212752367,45.216616435081455],[-78.54673359847258,45.216666543108005],[-78.54675002862778,45.21672009168209],[-78.5467507551746,45.216774879931265],[-78.54670076365508,45.21715488526276],[-78.54668252350608,45.21721574612325],[-78.54659682922109,45.21739571460728],[-78.54661113072157,45.2174052726819],[-78.54684580534314,45.217599479463175],[-78.54701809891,45.21765461805531],[-78.54708489023133,45.21768203463778],[-78.54714249137277,45.217718362507874],[-78.54715871758499,45.21773377759815],[-78.54749173095541,45.2177086427365],[-78.5476548088495,45.217636705648545],[-78.54775780004728,45.21746503759775],[-78.54778395573265,45.21742918583476],[-78.54794677869805,45.21724194099694],[-78.54798185688819,45.217107490148365],[-78.54788270236745,45.21668386262668],[-78.54787830484725,45.21662374736787],[-78.54790829720967,45.21627374576687],[-78.54792341448201,45.21621330711455],[-78.54795754943594,45.216156839015795],[-78.5482075452728,45.215846839394395],[-78.54824501979279,45.21580850828122],[-78.54829128935317,45.215775297565166],[-78.54873908437409,45.21550507534455],[-78.54861462817915,45.215544376638235],[-78.54847634210185,45.21564627254091],[-78.54840772804026,45.21568626553736],[-78.54832784612981,45.215713987547026],[-78.54800028823372,45.215795877968326],[-78.5476400994631,45.216147685183046],[-78.54758767337442,45.21618912446711],[-78.54752429809777,45.216222110604335],[-78.54745268862388,45.216245251206054],[-78.54737586585792,45.2162575491423],[-78.54729710563377,45.21625849237334],[-78.54721973477109,45.21624804496659],[-78.54714704185018,45.21622664709652],[-78.54708211150842,45.21619519707843],[-78.5468821199375,45.21607520012277],[-78.54682954089161,45.216036698329695],[-78.5467887777913,45.21599163883504],[-78.54676142394099,45.21594180030308],[-78.54674857553415,45.215889132077976],[-78.54675071693529,45.21583571825118],[-78.54676777166581,45.21578365189731],[-78.54679906416465,45.21573498117522],[-78.54698555726051,45.21550794995346],[-78.54699877531398,45.215388959110925],[-78.54701139428501,45.215338294128905],[-78.54703743525246,45.215290234261204],[-78.54707596772657,45.21524654918893],[-78.54712557685303,45.21520881096385],[-78.54718446538443,45.215178402991484],[-78.54749445869258,45.21504840778672],[-78.54755172842668,45.215028734681994],[-78.54761284758428,45.21501605047018],[-78.54767609539657,45.215010687527936],[-78.54800746447684,45.21500218946535],[-78.5484875717114,45.21488215657708],[-78.54877496558964,45.21471310262377],[-78.54882945660084,45.21468635079461],[-78.54888968350797,45.214666641757276],[-78.54895384906361,45.21465456839985],[-78.54902000306316,45.21465050801477],[-78.54931904718333,45.21465050801477],[-78.54932363590007,45.214646636275894],[-78.54980011040055,45.214320628676134],[-78.54986838030838,45.213986904548086],[-78.54987776168481,45.21375240832632],[-78.54988734700422,45.213699551455],[-78.54991150149924,45.213649066136036],[-78.54994928193366,45.213602910696736],[-78.54999920972101,45.21356289973398],[-78.55005933465664,45.21353059631637],[-78.55012729865001,45.213507258085286],[-78.55020045044259,45.21349379233917],[-78.55038044285642,45.21347379584095],[-78.55045639886478,45.21347075055213],[-78.5505316920585,45.21347836826575],[-78.55060335251814,45.21349633457143],[-78.55066856328149,45.21352393980011],[-78.55072472407572,45.21356010597345],[-78.55076961702109,45.21360337782068],[-78.55080145761663,45.213652066509084],[-78.55093850728971,45.21393186477063],[-78.55095269407228,45.21391065554677],[-78.55131269164637,45.213490657218834],[-78.55137110855966,45.21343838425245],[-78.55168469636259,45.21321982414382],[-78.5519065225773,45.21302265292211],[-78.55191447635296,45.213008908698264],[-78.55167442273569,45.21278150018409],[-78.55140008120725,45.21256888692265],[-78.55134352527352,45.212565392476186]]]}},{"type":"Feature","properties":{"lake":"Pelaw Lake","lake_part":1,"zone":"no-sports","label":"30\u2013200 m \u00b7 not suitable for water sports","min_m":30,"max_m":200},"geometry":{"type":"Polygon","coordinates":[[[-78.55140008553833,45.21256888263572],[-78.55167442645072,45.212781496839064],[-78.55191447436478,45.213008910657585],[-78.5519065207137,45.21302264878155],[-78.5516847006915,45.21321982214305],[-78.55137111380226,45.213438382695756],[-78.5513126910442,45.2134906550601],[-78.55095269103553,45.213910655067885],[-78.55093850833217,45.21393186427464],[-78.55080146394727,45.21365206531139],[-78.55076961465915,45.21360338117988],[-78.55072472203817,45.21356010325423],[-78.55066856255084,45.21352394410511],[-78.55060335851003,45.213496334602794],[-78.55053169013473,45.21347836729558],[-78.55045639344712,45.21347075317601],[-78.55038044804697,45.21347379354591],[-78.55020044804901,45.21349379354756],[-78.55012729686462,45.213507253747935],[-78.55005933300524,45.21353059372168],[-78.54999921315729,45.21356290111638],[-78.54994928738718,45.2136029130459],[-78.54991150727795,45.21364906545617],[-78.54988734964249,45.21369955426364],[-78.54987775879535,45.21375240587632],[-78.5498683789952,45.21398690090188],[-78.54980011665448,45.21432062788143],[-78.54932363643336,45.21464664065884],[-78.54931904414929,45.21465050541864],[-78.54902000000402,45.21465050541864],[-78.54895384382195,45.21465456917552],[-78.54888968280159,45.214666637889934],[-78.54882945193387,45.21468634758929],[-78.54877496768277,45.214713103861456],[-78.54848757588871,45.21488215785163],[-78.54800745873493,45.21500218713784],[-78.54767609669081,45.21501068360108],[-78.54761284467514,45.215016048108026],[-78.54755173426267,45.21502873913747],[-78.54749446169741,45.21504840442403],[-78.54718446169738,45.2151784044258],[-78.54712558185214,45.21520880934006],[-78.54707597244563,45.21524654520029],[-78.54703744113571,45.215290236994555],[-78.54701139191873,45.21533829268981],[-78.54699877397097,45.215388961242],[-78.54698555338473,45.21550794652591],[-78.54679906140326,45.21573498025275],[-78.54676776619246,45.21578365314159],[-78.54675071297176,45.21583572094024],[-78.54674857222467,45.21588913649284],[-78.5467614281192,45.21594179965373],[-78.54678877519862,45.21599163985912],[-78.54682953825453,45.21603669753571],[-78.546882114601,45.21607520114546],[-78.54708211459732,45.2161952011464],[-78.54714704006852,45.21622664565963],[-78.54721973069552,45.21624804649634],[-78.54729710135453,45.21625849536569],[-78.54737586829262,45.21625754879847],[-78.5474526884962,45.216245246968725],[-78.54752430157467,45.21622211198872],[-78.54758766813738,45.216189125749516],[-78.547640098791,45.216147688247716],[-78.54800028711134,45.215795876403334],[-78.54832784174062,45.215713987743946],[-78.54840772340613,45.21568626513613],[-78.54847634211092,45.215646274217846],[-78.54861463358527,45.21554437524016],[-78.54873908194261,45.21550507575897],[-78.54829129162226,45.21577529406166],[-78.54824502130005,45.21580850756667],[-78.54820755033637,45.215846836774595],[-78.54795755033142,45.21615683677329],[-78.54792341924868,45.21621330430138],[-78.54790830273184,45.21627375004005],[-78.5478783027343,45.21662375004205],[-78.54788270490427,45.216683858731386],[-78.54798185272902,45.21710749037559],[-78.54794677762258,45.21724194496191],[-78.54778396100845,45.217429184072486],[-78.547757800452,45.217465040891845],[-78.54765480375602,45.217636702053206],[-78.54749173291997,45.217708645066956],[-78.54715871840023,45.21773377823998],[-78.54714248933436,45.217718363422314],[-78.54708488644503,45.217682036506964],[-78.5470180942767,45.21765461598598],[-78.54684580133883,45.21759948224859],[-78.5466111328127,45.21740527381276],[-78.54659682386196,45.21739571013547],[-78.54668252274227,45.21721574247255],[-78.54670075946714,45.21715488383134],[-78.54675075947578,45.216774883835846],[-78.54675003139978,45.216720094733496],[-78.54673359442111,45.21666654178944],[-78.5467021279755,45.21661643865758],[-78.54665693275369,45.2165718563911],[-78.54660693274506,45.21653185638779],[-78.54654812657992,45.21649371537635],[-78.54647935587761,45.21646502164692],[-78.54640362453274,45.216447028537566],[-78.54632424047983,45.216440521984794],[-78.54624467120323,45.21644578619391],[-78.54616839227772,45.216462591225],[-78.54609873555613,45.21649020303666],[-78.54582093768907,45.21662910197469],[-78.54574988093063,45.21645146007877],[-78.5457728311182,45.21633670913431],[-78.54590841045473,45.21622695443435],[-78.54596155716646,45.21617117567324],[-78.5461115571669,45.21596117567384],[-78.54614064712321,45.21590628160558],[-78.54615221367418,45.215848253884324],[-78.5461588582207,45.215695429300816],[-78.546248673048,45.21560062476095],[-78.54695331225929,45.21517603446413],[-78.5472219643359,45.21508070630782],[-78.54728245269523,45.215053984545314],[-78.54733483918896,45.2150198046028],[-78.54737729794745,45.214979357782006],[-78.5474083491205,45.21493405380936],[-78.547426910456,45.2148854717016],[-78.54743233502039,45.214835304731004],[-78.54742443374684,45.2147853014084],[-78.54738140746068,45.214639012026765],[-78.54737378788913,45.21442566400214],[-78.5474727612453,45.21418965059598],[-78.54768770456126,45.213938883399756],[-78.54785349715664,45.2138836191974],[-78.54791499001452,45.21385791039254],[-78.54821978995273,45.21370160273552],[-78.5484248599047,45.21368837241494],[-78.54849508176478,45.21367911939051],[-78.54856163608719,45.213660822644876],[-78.54862220000935,45.21363412076654],[-78.5486746597442,45.21359994569787],[-78.54951465973892,45.21293994569719],[-78.54955825954453,45.21289822984541],[-78.54958972654323,45.21285140487769],[-78.54960789768273,45.21280120149251],[-78.54967370570624,45.21250140940476],[-78.5501460889926,45.21225734470334],[-78.55019897926469,45.212224311433964],[-78.55024234090597,45.21218498294555],[-78.55027469288501,45.21214070251585],[-78.55029493020908,45.21209298255784],[-78.55030236166556,45.21204345296272],[-78.55032125193584,45.211004488672984],[-78.55042293272038,45.210859230411685],[-78.55045163864132,45.210803464148],[-78.55046233680606,45.21074462272795],[-78.55045450883483,45.21068555731352],[-78.55034537383574,45.21031267941077],[-78.5503712710212,45.21007313042316],[-78.55037715297797,45.21007165993403],[-78.55081232498758,45.210085927869926],[-78.55090650921275,45.210127368928234],[-78.55094218820729,45.210165596420616],[-78.55095211305593,45.21033928128696],[-78.55058292472712,45.210660314613754],[-78.55054298281566,45.21070266703481],[-78.55051504141844,45.210749553530356],[-78.55050009547323,45.21079930456519],[-78.55049867717553,45.21085014860357],[-78.55054867717142,45.21132014860651],[-78.55056747725885,45.21138574248529],[-78.55064576898184,45.211550155095644],[-78.55062777170711,45.21198208972806],[-78.55063523720925,45.212043567638396],[-78.55066234824567,45.212102237466375],[-78.55079234823498,45.212302237464954],[-78.55083220487,45.212349914267435],[-78.5508850386437,45.21239084882672],[-78.55094862199901,45.2124233152758],[-78.55121862200232,45.21253331527591],[-78.55127908258918,45.21255320838193],[-78.55134352934571,45.212565391806145],[-78.55140008553833,45.21256888263572]]]}},{"type":"Feature","properties":{"lake":"Pelaw Lake","lake_part":2,"zone":"no-wake","label":"0\u201330 m \u00b7 legal speed zone","min_m":0,"max_m":30},"geometry":{"type":"Polygon","coordinates":[[[-78.53364999439623,45.22278000082462],[-78.53336000024517,45.222799997322845],[-78.53259999403635,45.22272000234679],[-78.53236000415124,45.222739998845014],[-78.53210999556794,45.22283000105333],[-78.53199999383071,45.222760004326396],[-78.53225999561934,45.22263999838759],[-78.53262999914521,45.2223700007458],[-78.53302999503349,45.22216000158183],[-78.53337000619693,45.22191999868737],[-78.53352999945368,45.221750001503004],[-78.53377000208522,45.221600000816856],[-78.53401999792209,45.221349999673286],[-78.53442999976214,45.22114000050932],[-78.53465000323659,45.22097000332495],[-78.53491000502522,45.22085999563526],[-78.53527999580466,45.22051000301742],[-78.53557999590747,45.22042999905821],[-78.53593000027624,45.22021000164513],[-78.53609000627942,45.22006000095899],[-78.53628999785035,45.21975000133759],[-78.53713000068753,45.219240000801335],[-78.53750999741872,45.21909999836431],[-78.53791999925878,45.219090000115195],[-78.53795999757295,45.219299999279166],[-78.53812999678145,45.21976999783581],[-78.53808999846727,45.21996000050156],[-78.5383500002559,45.22016000141642],[-78.53863000120164,45.22021000164513],[-78.5387299969871,45.22027999837207],[-78.53902999708993,45.22031000210256],[-78.53943999892996,45.220239996392465],[-78.53958000577605,45.22010000293859],[-78.53983000161293,45.219650000880165],[-78.54005000508738,45.21950999844313],[-78.5406099942324,45.21950000019402],[-78.54069999681253,45.21943000346708],[-78.54114999696677,45.21931999577739],[-78.54131000296994,45.21923000255222],[-78.54125000549867,45.21907000361697],[-78.54078999939267,45.21890999569856],[-78.54078000618733,45.21859999607717],[-78.54118000207562,45.21846000262329],[-78.54120999443803,45.218389996913196],[-78.54163000222985,45.218289996455766],[-78.5418500057043,45.21812999752051],[-78.54210000154117,45.217740002923065],[-78.5425500016954,45.21765999896386],[-78.54290000606417,45.21775999942129],[-78.54322000532409,45.217779995919514],[-78.54360999526061,45.21751999652683],[-78.54380999957797,45.21785999987872],[-78.5435600037411,45.21787999637694],[-78.54330999515778,45.217990004066635],[-78.54305000611559,45.21821999972883],[-78.54313000274396,45.21842000064369],[-78.54315999510638,45.21893000117994],[-78.54296000353546,45.219590002402335],[-78.54300999505497,45.21966999737839],[-78.54300000184963,45.21997999699978],[-78.54287000095532,45.22016000141642],[-78.54249999742946,45.22017999791464],[-78.542400001644,45.220439997307324],[-78.54251999658655,45.22064999647129],[-78.54255999490074,45.22104000005189],[-78.54242999400643,45.22141999640023],[-78.54210999474651,45.22162999556419],[-78.54174000396708,45.22172999602162],[-78.54112999780968,45.22181999822994],[-78.54084999686394,45.22182999647905],[-78.5401800059817,45.2217099995234],[-78.53979999650407,45.221550000588145],[-78.53923999461261,45.22145999837983],[-78.53904000304169,45.22165999929469],[-78.53898000557041,45.2217900034826],[-78.53880000041013,45.221900002189145],[-78.53827999683287,45.222360002496686],[-78.53799999588713,45.22247999945233],[-78.5375499957329,45.22253999793016],[-78.53705999726449,45.22247000120322],[-78.53666999458153,45.22247999945233],[-78.53638000043048,45.222589998158874],[-78.53619999527021,45.22278999907373],[-78.53555000354505,45.22285999580067],[-78.53497000249651,45.2229599962581],[-78.53399000555967,45.22267000211808],[-78.53364999439623,45.22278000082462]],[[-78.5427563282447,45.21800974903658],[-78.54252225270561,45.21794286946368],[-78.54237249483647,45.2179694955287],[-78.54219848050083,45.218240948441256],[-78.54216624476578,45.21828149839318],[-78.54212461490788,45.21831753880238],[-78.54190461143342,45.218477537737634],[-78.54183423836375,45.21851783616128],[-78.54175239350225,45.218545315625825],[-78.54149966992821,45.2186054937667],[-78.54147207389565,45.21863394341175],[-78.54141597683359,45.21867205892926],[-78.54135009050917,45.21870137095698],[-78.54120260150553,45.218752988153206],[-78.54141923992104,45.21882833883924],[-78.54148804517916,45.21885908817141],[-78.54154604146008,45.21889942252767],[-78.54159060299813,45.21894750036167],[-78.54161970311007,45.21900113876729],[-78.54167970058135,45.21916113770254],[-78.54169156751269,45.21921228777482],[-78.54168932414005,45.219264084634105],[-78.5416730469421,45.219314623851986],[-78.54164336049412,45.21936202794953],[-78.54160133549671,45.21940455419508],[-78.54154853976142,45.219440630536894],[-78.54138854650468,45.21953063274521],[-78.54133457809733,45.21955601913514],[-78.54127530717287,45.21957461426152],[-78.54091770592862,45.21966202932182],[-78.5408933729835,45.21968095682485],[-78.54083598853147,45.219717392492775],[-78.54076940115311,45.21974496178885],[-78.54069630034627,45.21976254181896],[-78.54061968152328,45.219769404947726],[-78.54020120330371,45.219776878930894],[-78.54015320022812,45.2198074306337],[-78.53993607744806,45.22019825168121],[-78.53989257386415,45.22025524978599],[-78.53975256701807,45.22039524323987],[-78.53970813294437,45.22043213704858],[-78.5396550567875,45.22046283248184],[-78.53959504656979,45.220486350375985],[-78.53953002700297,45.220501918179856],[-78.53912003790936,45.2205719149068],[-78.53904849216764,45.22057918227745],[-78.53897628361128,45.22057681970825],[-78.53867628350847,45.22054682496091],[-78.53859721736987,45.22053272141095],[-78.53852419304165,45.22050712840851],[-78.53846052459699,45.220471204780296],[-78.53843471306537,45.22045313965993],[-78.53825607177369,45.22042124048419],[-78.53818650172944,45.220403615538316],[-78.53812303722775,45.22037689065861],[-78.53806804910556,45.22034205399189],[-78.53780804731693,45.22014205307704],[-78.53776681259852,45.22010403637422],[-78.53773576228195,45.22006148317921],[-78.53771587784279,45.22001573198179],[-78.53770778385633,45.21996822008641],[-78.53771174799773,45.2199204476796],[-78.53774046571661,45.21978405647001],[-78.53759209720893,45.21937384977867],[-78.53734620572425,45.21946444487507],[-78.53660329248525,45.21991549796238],[-78.53643809868288,45.220171544767815],[-78.5363956530531,45.22022194025526],[-78.53623565979638,45.2203719409414],[-78.53618452109767,45.22041112545409],[-78.53583452947534,45.220631122867175],[-78.53577825396319,45.220660452861196],[-78.53571532481178,45.22068205734378],[-78.53551987097184,45.22073417759657],[-78.53521664602087,45.221021009666785],[-78.53516659076918,45.221059816887056],[-78.53510680998731,45.22109106029264],[-78.53489481127427,45.22118074809061],[-78.53471253724851,45.22132160392716],[-78.53465480864273,45.221358003662466],[-78.53429607296573,45.22154174507068],[-78.53408257017331,45.22175524766426],[-78.53402371988122,45.22180162768238],[-78.5338210643053,45.221928281154284],[-78.53368866708114,45.222068966310935],[-78.5336406130198,45.22211040559499],[-78.53330060185635,45.22235040848945],[-78.53325843664815,45.22237611827288],[-78.53303519557912,45.222493321468],[-78.53336976401467,45.22252854441029],[-78.53354883868515,45.222516192575135],[-78.53383045842817,45.22242507645586],[-78.53390528000378,45.22240719998171],[-78.53398372156703,45.222400543465454],[-78.53406243080543,45.22240538538484],[-78.53413804266003,45.22242151912734],[-78.53500170288126,45.22267708982567],[-78.53545913420731,45.22259822672688],[-78.53549223669997,45.222593600403165],[-78.53597026626558,45.222542117954234],[-78.53605708223687,45.22244564787587],[-78.53609654520076,45.22240911339326],[-78.53614424236191,45.222377825071916],[-78.53619877161242,45.22235269021027],[-78.5364887785099,45.22224269150373],[-78.53656982034597,45.22221991921128],[-78.53665610096698,45.222210684530154],[-78.5370460909035,45.22220068628104],[-78.53713596601928,45.222205878543384],[-78.53755253227355,45.2222653829478],[-78.53786066460214,45.222224302989865],[-78.53802325813169,45.22215462067327],[-78.53850091805067,45.22173207112993],[-78.53854948196941,45.221696390046844],[-78.53864922282617,45.22163543935482],[-78.53867635998706,45.22157663563632],[-78.53869806716651,45.221539346568875],[-78.53872743495359,45.22150475244728],[-78.53892742652451,45.22130475153243],[-78.53897655128642,45.22126466870445],[-78.53903584770376,45.221232122741704],[-78.53910302141814,45.2212083892519],[-78.53917549764965,45.221194366550314],[-78.53925045943605,45.221190602609276],[-78.53932501333651,45.221197250142374],[-78.53988501522797,45.22128725235069],[-78.53994232320139,45.22129986469728],[-78.53999612590508,45.221318648469875],[-78.54032824702503,45.22145848921015],[-78.54088827440935,45.22155879509478],[-78.5410808475549,45.2215519139997],[-78.54163167201288,45.22147064341595],[-78.54190374467582,45.22139710732679],[-78.54208521567615,45.22127801766957],[-78.54217431325937,45.221017605051856],[-78.54214291878907,45.220711522085104],[-78.54204529384057,45.22054067150121],[-78.5420229238465,45.22048479629054],[-78.54201806745463,45.22042683698841],[-78.54203092860791,45.220369497523826],[-78.54213092439338,45.220109498131144],[-78.54215900479049,45.22005804263167],[-78.54220136119523,45.22001168956301],[-78.54225620910661,45.219972379286176],[-78.5423212541663,45.21994176470129],[-78.54239378138354,45.21992111243291],[-78.54247075710673,45.219911293846856],[-78.54261997962558,45.2199032269756],[-78.54262577925367,45.219723788497596],[-78.54261005015243,45.219698635669644],[-78.54258572995374,45.21964524879231],[-78.54257761047441,45.219589472396315],[-78.5425860358682,45.219533713966634],[-78.5427759322623,45.21890707617389],[-78.54274978932337,45.2184627245186],[-78.54268195279434,45.21829312259296],[-78.542669002416,45.21824295168434],[-78.54266967797707,45.21819196330881],[-78.54268397947756,45.21814198104641],[-78.5427113843136,45.21809478356138],[-78.54275092375612,45.21805207765277],[-78.54279010629844,45.218017402682804],[-78.5427563282447,45.21800974903658]]]}},{"type":"Feature","properties":{"lake":"Pelaw Lake","lake_part":2,"zone":"no-sports","label":"30\u2013200 m \u00b7 not suitable for water sports","min_m":30,"max_m":200},"geometry":{"type":"Polygon","coordinates":[[[-78.54279011226724,45.2180174027578],[-78.54275091786825,45.218052074725755],[-78.5427113892072,45.21809478453204],[-78.54268398348918,45.21814197730228],[-78.54266968189366,45.218191963440965],[-78.54266899644634,45.218242953344436],[-78.5426819516876,45.21829312147224],[-78.54274979148461,45.21846272095047],[-78.54277593009645,45.218907077393766],[-78.54258603986712,45.219533715162775],[-78.54257760768337,45.219589469921864],[-78.54258572858434,45.219645247627255],[-78.54261005103065,45.21969863376112],[-78.54262577300773,45.21972378892577],[-78.54261998464315,45.219903228241456],[-78.54247075682363,45.21991129461085],[-78.54239378215915,45.219921110776895],[-78.54232125242564,45.21994176076017],[-78.54225620279726,45.219972380414454],[-78.5422013554259,45.22001168838961],[-78.54215900552647,45.220058039752665],[-78.54213092532828,45.22010949482381],[-78.54203092532374,45.220369494827345],[-78.54201806312024,45.2204268402006],[-78.54202292674886,45.22048479632514],[-78.54204529048678,45.22054067343572],[-78.54214291944025,45.220711524099684],[-78.54217431207063,45.2210176022681],[-78.54208522163565,45.22127802046158],[-78.54190375000616,45.22139711121839],[-78.54163167094106,45.221470646101295],[-78.5410808482809,45.22155191501687],[-78.5408882681043,45.22155879288082],[-78.54032824199643,45.221458489695934],[-78.53999612200995,45.221318649708344],[-78.53994232464825,45.22129986733904],[-78.53988501899481,45.22128725072073],[-78.53932501900256,45.22119725071329],[-78.53925046064045,45.221190606266575],[-78.53917549824223,45.22119436699926],[-78.53910302718782,45.221208387655196],[-78.53903584663045,45.22123212669452],[-78.53897655138087,45.221264667210356],[-78.53892743168433,45.22130475234381],[-78.53872743167526,45.22150475235137],[-78.53869807098144,45.221539346327695],[-78.53867636035224,45.22157663971936],[-78.5386492211744,45.221635441272944],[-78.53854948401454,45.22169639176027],[-78.5385009178732,45.221732074724684],[-78.53802325789785,45.22215462008272],[-78.53786066480167,45.22222430284132],[-78.53755253548353,45.22226538674754],[-78.53713596753569,45.22220587704317],[-78.53704609669724,45.22220068360284],[-78.53665609669103,45.22221068360367],[-78.53656982634169,45.222219916884804],[-78.53648877224789,45.22224269324737],[-78.53619877224622,45.22235269324748],[-78.53614423668857,45.22237782204224],[-78.53609654626788,45.2224091111984],[-78.53605708562483,45.22244565226859],[-78.53597026672982,45.222542117707896],[-78.53549223796414,45.22259359772666],[-78.53545913015296,45.22259822519006],[-78.53500169818737,45.22267709277641],[-78.53413804099435,45.222421520743545],[-78.53406242749197,45.22240538356575],[-78.5339837223701,45.22240054173074],[-78.53390528521346,45.222407201915736],[-78.53383046416853,45.22242507982593],[-78.533548835396,45.222516195017796],[-78.5333697698074,45.22252854436968],[-78.53303519168686,45.22249332562126],[-78.53325844086241,45.22237611980601],[-78.53330060815594,45.222350409506085],[-78.5336406081535,45.222110409504204],[-78.53368866430026,45.222068965108754],[-78.5338210693679,45.22192828472726],[-78.53402371877475,45.22180162884142],[-78.53408256831467,45.221755247652524],[-78.5342960668,45.22154174916912],[-78.5346548105151,45.22135800239079],[-78.53471253288926,45.22132160292446],[-78.53489481055428,45.22118075200131],[-78.53510681557297,45.221091057571655],[-78.53516658879883,45.22105981679535],[-78.5352166444402,45.22102100851566],[-78.53551986612979,45.22073417718224],[-78.53571532652636,45.220682054411505],[-78.53577824784291,45.22066044860261],[-78.5358345272762,45.22063112209079],[-78.53618452727294,45.22041112209057],[-78.53623565869097,45.220371936799665],[-78.53639565869058,45.22022193679624],[-78.53643809982877,45.22017154554033],[-78.53660329370629,45.21991549504287],[-78.5373462018637,45.219464443661174],[-78.53759209117649,45.21937385286172],[-78.53774046204174,45.219784054640385],[-78.5377117476391,45.219920448019046],[-78.53770778479051,45.21996821849191],[-78.53771587254703,45.220015729849436],[-78.53773575591525,45.220061484138135],[-78.53776680800587,45.220104038801935],[-78.53780804979853,45.220142052163574],[-78.53806804980266,45.220342052162145],[-78.53812303162155,45.22037688899316],[-78.53818649836467,45.22040361770488],[-78.53825607740853,45.22042123907841],[-78.53843471425952,45.220453138518444],[-78.53846052465417,45.220471205795356],[-78.53852418808961,45.22050713107565],[-78.53859721358188,45.22053272452383],[-78.53867627931727,45.22054682193457],[-78.53897627931812,45.22057682193705],[-78.53904848627978,45.22057917948223],[-78.53912003267142,45.22057191844217],[-78.53953003267598,45.220501918445365],[-78.53959504391901,45.220486348816664],[-78.53965505628213,45.220462836482795],[-78.53970813486457,45.22043213952144],[-78.53975256832248,45.22039524765489],[-78.53989256832372,45.2202552476523],[-78.53993607323642,45.22019825324351],[-78.54015319740812,45.219807429721165],[-78.54020120248958,45.21977688103342],[-78.54061968595244,45.21976940811372],[-78.54069630268212,45.21976254133275],[-78.54076939879296,45.21974496448016],[-78.54083599241328,45.219717394583405],[-78.54089336693296,45.21968095632471],[-78.54091770223569,45.21966202886902],[-78.54127530897587,45.21957461388824],[-78.54133458183487,45.21955601924814],[-78.54138854107765,45.21953063024655],[-78.54154854107726,45.219440630248094],[-78.54160133585061,45.21940455801966],[-78.5416433576337,45.21936203100088],[-78.54167305254886,45.21931462175192],[-78.54168932254028,45.21926408336765],[-78.5416915659777,45.219212284651775],[-78.5416796999035,45.219161141012464],[-78.54161969990844,45.21900114100821],[-78.54159060592497,45.21894750165416],[-78.54154604692053,45.21889942426872],[-78.54148804607178,45.21885909177865],[-78.54141923687472,45.21882833545804],[-78.54120260697023,45.21875298592835],[-78.54135008586682,45.21870136831263],[-78.54141598170861,45.21867205733335],[-78.54147207836058,45.21863394062901],[-78.54149966836319,45.218605489952886],[-78.54175239160394,45.21854531775367],[-78.54183424166308,45.218517834007],[-78.54190460996499,45.21847754222368],[-78.54212460995967,45.21831754221943],[-78.54216624888365,45.21828150018392],[-78.54219848151178,45.21824095202807],[-78.5423724935258,45.21796949329413],[-78.54252224904354,45.21794287008885],[-78.54275633229386,45.21800975101766],[-78.54279011226724,45.2180174027578]]]}},{"type":"Feature","properties":{"lake":"Little Redstone Lake","lake_part":3,"zone":"no-wake","label":"0\u201330 m \u00b7 legal speed zone","min_m":0,"max_m":30},"geometry":{"type":"MultiPolygon","coordinates":[[[[-78.55649000052485,45.20876000316852],[-78.5570500024163,45.20886000362595],[-78.557599998356,45.20903999905943],[-78.55793000356768,45.209070002789915],[-78.55866999787297,45.20876000316852],[-78.55891999370984,45.20856000225366],[-78.55904999460415,45.208319999359205],[-78.55941999813001,45.2080400034683],[-78.55960000329029,45.20784000255344],[-78.55971999823284,45.207519995699776],[-78.55975000334169,45.2072999982867],[-78.55994999491261,45.207159995849665],[-78.56018000433883,45.206870001709646],[-78.56050000359875,45.206610002316964],[-78.56059999938421,45.20642999790034],[-78.56106999869553,45.20595999934368],[-78.56127999621822,45.205569995763085],[-78.56127999621822,45.205470004288806],[-78.56163000058699,45.205170002916525],[-78.56185000406144,45.20488999804246],[-78.56174999552955,45.20473999735632],[-78.56163000058699,45.204410001236695],[-78.56144999542673,45.20427999704878],[-78.56153999800686,45.203959999178274],[-78.56181999895259,45.20369999978559],[-78.5624100059529,45.20356999559767],[-78.56271000605572,45.20363000305865],[-78.56311000194401,45.203859998720844],[-78.56352999698939,45.204210000321844],[-78.56378999877802,45.2043299972775],[-78.56403000140956,45.204319999028385],[-78.5642700040411,45.20438999575532],[-78.5644600024067,45.20451999994324],[-78.56468999908648,45.20502000223038],[-78.56476999571485,45.205110004438694],[-78.56513999924071,45.205270003373954],[-78.56572000028926,45.20523999964346],[-78.56607999786337,45.20524999789257],[-78.56677999385447,45.205359996599114],[-78.56740999916897,45.205509997285255],[-78.56800000616929,45.20570999820011],[-78.56847999868594,45.2057400019306],[-78.56883000305471,45.20573000368149],[-78.5698200059433,45.20558000299535],[-78.57063999687696,45.205509997285255],[-78.57159999465671,45.205470004288806],[-78.57253000007402,45.20549000078703],[-78.57343000038249,45.20544000055832],[-78.57386000137963,45.205320003602665],[-78.57403000058814,45.20554999926486],[-78.57410000401117,45.20583000413892],[-78.57416999468778,45.20632999744291],[-78.57442999647643,45.20676000300311],[-78.57468000505973,45.206970002167076],[-78.57532000357955,45.20743000247462],[-78.57581000204797,45.207619996157206],[-78.57598000125647,45.2077300038469],[-78.57676999982772,45.208069998215635],[-78.5771000050394,45.20816000042395],[-78.57723000593371,45.20826000088138],[-78.57752000008476,45.208319999359205],[-78.57785999850178,45.20860000423326],[-78.57806999602447,45.2090200025612],[-78.5779899993961,45.20955999784479],[-78.57825999439005,45.20985000096796],[-78.57855999449288,45.21001999815233],[-78.57862000471059,45.21011000036064],[-78.57870000133896,45.21063999739513],[-78.57836000292195,45.210820001811754],[-78.57821999607587,45.211030000975725],[-78.57817999776168,45.21149999953238],[-78.5781399994475,45.211569996259314],[-78.57821999607587,45.211929996109426],[-78.57832000460778,45.21205000204823],[-78.57883000223327,45.21246000212706],[-78.57952999822439,45.21271000327063],[-78.58014999758711,45.212830000226276],[-78.58074999779276,45.212830000226276],[-78.58114999368105,45.21278999824668],[-78.58140000226436,45.212820001977164],[-78.58159000062994,45.21297000266331],[-78.58157999467818,45.21320999657461],[-78.58140000226436,45.21354000167739],[-78.58132999884131,45.21380999931918],[-78.58134000479308,45.214029996732265],[-78.58129000052713,45.214379998333264],[-78.58136000395017,45.21450000427207],[-78.58166999725832,45.21478999841209],[-78.5819800033129,45.21498000107783],[-78.58215999572674,45.21532000442972],[-78.58213999656964,45.21544999963449],[-78.5816899964154,45.2158500014642],[-78.58155000231577,45.215890003443796],[-78.58114999368105,45.21616000108559],[-78.58025999932434,45.21653999743393],[-78.57977000085593,45.21667000162185],[-78.57962000080451,45.21667000162185],[-78.57881000307619,45.21640000398005],[-78.57851000297336,45.21640000398005],[-78.57825999439005,45.21653999743393],[-78.57785999850178,45.21728000261553],[-78.5781399994475,45.21758000398781],[-78.57840000123613,45.21811000102229],[-78.57857000044464,45.218300003688036],[-78.57827000034182,45.21837000041497],[-78.5779500010819,45.21837000041497],[-78.57721999998195,45.21874999676331],[-78.57688999477027,45.21887000270211],[-78.57654000314793,45.21888000095122],[-78.57641999545895,45.2188200024734],[-78.575880005471,45.21874999676331],[-78.5756499960448,45.218860004453],[-78.5752899984707,45.218889999200336],[-78.57493999410192,45.21883000072251],[-78.57470999742215,45.21900999615599],[-78.57474999573633,45.21908000186608],[-78.57442000327109,45.21924999905045],[-78.57380000390836,45.219490001944905],[-78.57350000380553,45.219800001566306],[-78.57335000375413,45.2200299972285],[-78.57322999606514,45.2204200008091],[-78.57326999437932,45.220689998450894],[-78.57339999527363,45.22097000332495],[-78.573599999591,45.22122000446852],[-78.57386999458497,45.221450000130716],[-78.57463000079377,45.221940004168744],[-78.57502000347674,45.222250003790144],[-78.57521999504766,45.222300004018855],[-78.57583999441039,45.22256000341154],[-78.5760700038366,45.22271000409768],[-78.5760900029937,45.22282000280422],[-78.5762800013593,45.22298000173948],[-78.57635000478234,45.223149998923844],[-78.57723000593371,45.2233900018183],[-78.57770999845036,45.22367999595832],[-78.5779500010819,45.22389000410544],[-78.57845999870742,45.224050003040695],[-78.5789800022847,45.22403999580843],[-78.57939999733007,45.22391999885278],[-78.58005000180165,45.223860000374955],[-78.5801899959013,45.22379000364801],[-78.58033999595271,45.22360000098227],[-78.58055999942717,45.22354000250444],[-78.58082999442114,45.22371999793792],[-78.58099999362963,45.22372999618703],[-78.581199997947,45.22384000387673],[-78.58144000057854,45.2237400034193],[-78.58166999725832,45.22376999816664],[-78.58145999973563,45.223950002583265],[-78.58125000221294,45.22401999931021],[-78.58097000126722,45.22401999931021],[-78.58072999863568,45.22410000326941],[-78.58070999947857,45.224260002204666],[-78.58080000205871,45.224399995658544],[-78.5808200012158,45.224599996573396],[-78.58112999452395,45.224849997716966],[-78.58091000379594,45.225149999089254],[-78.58070000627325,45.225299999775395],[-78.58097999447254,45.22544000221242],[-78.58112000131862,45.22560000114768],[-78.58114999368105,45.225910000769076],[-78.58136000395017,45.226349995595235],[-78.58142000142145,45.22662000222019],[-78.58166000405299,45.227209997732494],[-78.58157000147285,45.227529995603],[-78.58130999968422,45.22743000412873],[-78.58091000379594,45.227359998418635],[-78.58080999526403,45.22726999621032],[-78.58033000274739,45.22718000298516],[-78.5801200052247,45.22709000077684],[-78.57945999480134,45.22695999658892],[-78.57924000407333,45.22688999986198],[-78.57902000059887,45.22673000092673],[-78.57881000307619,45.22627000061919],[-78.57857999364997,45.226110001683935],[-78.57817000455636,45.226010001226506],[-78.57791000276772,45.22586999878948],[-78.57740999834753,45.22575000183382],[-78.57695000498798,45.22569000335599],[-78.57688999477027,45.22564000312728],[-78.57648000567666,45.225650001376394],[-78.57622000388803,45.22559000289857],[-78.5762800013593,45.22541999673105],[-78.57624999625044,45.225199999317965],[-78.57603999872775,45.22499999840311],[-78.575880005471,45.22477000274092],[-78.57560000452528,45.224610003805665],[-78.574740002531,45.224710004263095],[-78.57434999984805,45.224639998553],[-78.57393000480268,45.22447999961775],[-78.57352999616795,45.224399995658544],[-78.57318999775094,45.22422000022506],[-78.572799995068,45.22413999626586],[-78.57258000433998,45.22421000197595],[-78.57206999396803,45.224000002811984],[-78.57194999902548,45.22387999687318],[-78.57153999718543,45.22366999770921],[-78.57123000387728,45.22358000448404],[-78.57099000124573,45.223400000067414],[-78.5707299994571,45.223340001589584],[-78.57031999761705,45.22346999679435],[-78.56979999403978,45.223700001439695],[-78.57031000441172,45.2237400034193],[-78.57022999503693,45.22391999885278],[-78.5698200059433,45.22406000128981],[-78.56960000246886,45.22396999908149],[-78.56900000226321,45.22391999885278],[-78.56870000216038,45.22372999618703],[-78.56868999620863,45.223500000524844],[-78.56879000474052,45.22288000128205],[-78.56874000047458,45.222510003182826],[-78.56883999626004,45.222100003103996],[-78.56894000479194,45.221900002189145],[-78.5690200014203,45.22154000233903],[-78.56890999968307,45.22123000271763],[-78.56864000468912,45.22115999700755],[-78.56827000116326,45.22128000294635],[-78.56791000358915,45.221240000966745],[-78.56765000180052,45.220949997843576],[-78.56739000001188,45.22072000218138],[-78.56677000064914,45.22042999905821],[-78.56647999375166,45.22037000058038],[-78.56624000386654,45.220250003624734],[-78.56592999781195,45.22021999989424],[-78.56540000102936,45.22010000293859],[-78.56523000182085,45.22001000073027],[-78.56508999497477,45.21980999981542],[-78.56480000082371,45.21964000263105],[-78.56468000588116,45.21945999821442],[-78.56455999819217,45.21941999623482],[-78.56371000214965,45.218949997678166],[-78.56318000536704,45.2187800004938],[-78.56303999852096,45.21867000178726],[-78.56234999573519,45.218400004145465],[-78.56215999736959,45.21810000277318],[-78.56185999726678,45.217990004066635],[-78.5616100014299,45.217990004066635],[-78.5610600054902,45.218089995540915],[-78.56014999922998,45.218050002544466],[-78.55988999744135,45.218089995540915],[-78.55966000076157,45.218189995998344],[-78.55952999986724,45.21787999637694],[-78.5592699980786,45.21758000398781],[-78.55924999892152,45.21746999629812],[-78.55941999813001,45.21735999759158],[-78.5595600049761,45.217550000257326],[-78.55977999570412,45.217690002694354],[-78.55996000086438,45.21740999782029],[-78.56026999417253,45.21733000284424],[-78.56071000112144,45.2170999981989],[-78.56078999774981,45.21689999728404],[-78.56104000633312,45.21657999941353],[-78.56078999774981,45.21635000375134],[-78.56048999764698,45.21585999971331],[-78.5602800001243,45.21581999773371],[-78.56018999754416,45.215630004051114],[-78.55986999828426,45.21536999567528],[-78.55975000334169,45.21509999803349],[-78.55934000150165,45.21477000191386],[-78.55913000397896,45.214479998790694],[-78.55864999871586,45.214379998333264],[-78.55814999429569,45.21435000358593],[-78.55765999582728,45.213730004343134],[-78.55772999925031,45.21349999969779],[-78.55763000346485,45.21309999786808],[-78.55748999661877,45.212830000226276],[-78.55714999820177,45.21268999778925],[-78.55690999557022,45.212429998396566],[-78.5563700055823,45.212029996566855],[-78.55617000126493,45.21180000090466],[-78.55602000121353,45.211430002805436],[-78.55555000190219,45.21051000219036],[-78.5554299942132,45.20989000294757],[-78.55560000616815,45.209530003097456],[-78.55592999863339,45.209180001496456],[-78.55649000052485,45.20876000316852]],[[-78.58165570850427,45.21513839202873],[-78.58141907093166,45.21499335004295],[-78.58136457992046,45.214952162287176],[-78.58105457386588,45.21466215916401],[-78.58100632860801,45.21460246611338],[-78.58093632518496,45.21448246915772],[-78.5809116098468,45.214418904368216],[-78.58090953217783,45.214353003958976],[-78.5809569871567,45.21402078001745],[-78.5809477969768,45.21381863212906],[-78.58095383878717,45.213761562159064],[-78.58102382946377,45.21349156451727],[-78.58104307658118,45.213443298037056],[-78.58119967928612,45.21315617850594],[-78.58120328652731,45.213069769558764],[-78.5811446401782,45.213062726766935],[-78.58080372401784,45.21309681783197],[-78.58074999779276,45.213099494811516],[-78.58014999758711,45.213099494811516],[-78.58004872715811,45.21308987385482],[-78.57942872779539,45.21296987689917],[-78.57935714381436,45.21295039244066],[-78.57865714782325,45.21270039129708],[-78.57859553155468,45.21267289386624],[-78.57854245539781,45.212637652957646],[-78.57803245777231,45.212227652878816],[-78.57799026707123,45.2121864741062],[-78.57789027128577,45.21206647715054],[-78.57785990927673,45.21202068103736],[-78.57784221722443,45.211971695904914],[-78.57776220784963,45.2116116960548],[-78.57775772110438,45.21156351940612],[-78.57776549642996,45.21151554936994],[-78.57778529164408,45.211469322065426],[-78.57780202771372,45.21144004597031],[-78.57783829132234,45.21101386723322],[-78.57784945719972,45.21096343581317],[-78.57787390486276,45.210915402894926],[-78.57801389896241,45.21070540373096],[-78.57806335513163,45.21064994174532],[-78.57813032490306,45.210604531907705],[-78.57829679334897,45.21051639819518],[-78.57824731168687,45.210188620914316],[-78.578020386898,45.21006002708139],[-78.5779768833141,45.21003114624501],[-78.57794028829815,45.20999784569742],[-78.5776702933042,45.209707842574254],[-78.57763111076187,45.209653027375616],[-78.57761055076162,45.2095933882239],[-78.57760967125758,45.20953201532369],[-78.57768073263476,45.20905235089458],[-78.57752305922925,45.20873700629725],[-78.5773033106835,45.208556031700105],[-78.57712228580841,45.20851858093591],[-78.57705792905624,45.20850066852915],[-78.57699921897493,45.20847487789734],[-78.57694805478337,45.20844205345686],[-78.57687852297843,45.20838856776484],[-78.57663199417199,45.20832132886583],[-78.57657070931073,45.20830000286098],[-78.57578069799305,45.20795999950909],[-78.5757213888293,45.207928513558386],[-78.5755853078853,45.207840469677386],[-78.57513566463126,45.20766611566389],[-78.57504696218754,45.20761867563374],[-78.57440696366771,45.2071586753262],[-78.57438705373566,45.20714321532016],[-78.5741370578988,45.206933216156195],[-78.57410409561693,45.20690096663749],[-78.57407822035313,45.20686564488052],[-78.5738182185645,45.20643564830347],[-78.57379954503668,45.20639683210005],[-78.57378944985987,45.206356461811176],[-78.57372088678403,45.20586666438566],[-78.57366993928186,45.20566289054661],[-78.57357078476113,45.20569056764052],[-78.57351638297499,45.2057025332001],[-78.57346005647709,45.20570865971034],[-78.57256005616863,45.20575865993905],[-78.57251833708567,45.205759369608124],[-78.57160546287749,45.20573974141917],[-78.57067431028098,45.20577853965629],[-78.56988330474134,45.20584605703304],[-78.5689103693297,45.20599347057117],[-78.56884548997368,45.2059992736879],[-78.56849548560491,45.20600927193701],[-78.56844622063221,45.20600844548696],[-78.56796621536913,45.205978441756464],[-78.5678985955295,45.2059698448792],[-78.56783425152376,45.205952857737174],[-78.56726539085972,45.20576002537828],[-78.56667690068521,45.20561991514342],[-78.56603046521553,45.20551832466794],[-78.56572648822487,45.205509880504266],[-78.56516799041279,45.205538770323805],[-78.56508868209193,45.205537054541615],[-78.56501157890439,45.205523840323785],[-78.56494000766979,45.2054997025921],[-78.56457001689037,45.20533970365685],[-78.5645008674785,45.205301444408896],[-78.5644459430885,45.205253070130844],[-78.56436594646013,45.20516306792253],[-78.56432624131395,45.20510310537731],[-78.56412552319621,45.20466675771121],[-78.5640561443485,45.20461929073159],[-78.56396490536414,45.20459267364973],[-78.56381257271505,45.20459902473878],[-78.56373137792177,45.20459631182663],[-78.56365284713345,45.20458156148966],[-78.5635804983663,45.20455544746435],[-78.56332049657767,45.2044354505087],[-78.56323802714084,45.20438402195868],[-78.56284086096122,45.204053055658555],[-78.56252952927736,45.20387403938874],[-78.56241528297714,45.20385119523106],[-78.56205072217918,45.203931522583765],[-78.56189794340486,45.20407339351659],[-78.56186421633689,45.2041932826744],[-78.56190367930078,45.20422178621837],[-78.56194580626968,45.20425804222324],[-78.56197837341203,45.204298888619206],[-78.56200042474522,45.20434309471434],[-78.56211145894372,45.20464844106256],[-78.56219609527456,45.20477539996167],[-78.56222047920542,45.20482326220001],[-78.56223167057567,45.20487350497385],[-78.56222927424582,45.20492433165262],[-78.56221337944092,45.20497393662261],[-78.56218453425768,45.205020550202704],[-78.56196453078323,45.20530055507676],[-78.56192537373377,45.2053411589276],[-78.56166238927926,45.2055665641987],[-78.56166238927926,45.205569995763085],[-78.56165611803306,45.20561860360311],[-78.56163752098387,45.205665612441926],[-78.56142751071474,45.206055616022525],[-78.56138256678364,45.20611524619108],[-78.56093920752222,45.206558600716406],[-78.56085607527075,45.20670825105959],[-78.56082721734109,45.20674944779852],[-78.56078886331706,45.20678658415237],[-78.56049461185658,45.20702566178208],[-78.5602837858156,45.20729149124096],[-78.56021948004917,45.20735120225789],[-78.56011743208761,45.20742263628929],[-78.56010064503224,45.207545777348436],[-78.56008969584425,45.20758886054946],[-78.5599697009017,45.20790885841997],[-78.55995042829142,45.20794787225276],[-78.55992290873746,45.20798434385329],[-78.55974291632363,45.20818434476815],[-78.5596998333721,45.20822366402813],[-78.55938064988403,45.20846521202488],[-78.55927725080033,45.20865611300591],[-78.55924730942365,45.20869934892053],[-78.5592069287164,45.20873814715765],[-78.55895693287954,45.20893814807251],[-78.55891413034956,45.208967424167625],[-78.55886538798072,45.20899166071399],[-78.55812539367543,45.209301660335385],[-78.55804839245937,45.209326256207866],[-78.55796560436166,45.20933832058213],[-78.55788108274874,45.2093372785364],[-78.55755107753706,45.209307283789066],[-78.55749376956364,45.209298884541155],[-78.55743894714512,45.20928442166508],[-78.55692139088343,45.20911504431826],[-78.55661441848046,45.20906022911962],[-78.55623068704372,45.209348031370354],[-78.55594672195659,45.209649209535655],[-78.55582090189307,45.20991564984893],[-78.55592343421917,45.21044543128774],[-78.55637978209822,45.21133870702311],[-78.55638768488815,45.21135596365972],[-78.55652333245332,45.21169056813675],[-78.55667491306272,45.21186488621763],[-78.55718703934295,45.21224423577896],[-78.55723053018042,45.21228304299924],[-78.55742112762847,45.21248952076729],[-78.55768290117163,45.21259730961823],[-78.55773683133967,45.21262416924523],[-78.55778340681451,45.21265717334877],[-78.55782122548824,45.21269532479889],[-78.55784916567457,45.21273750070147],[-78.55798915977422,45.213007498343266],[-78.5580065968978,45.213053240557535],[-78.55810659268326,45.213453242387246],[-78.55811232857917,45.21350496738131],[-78.55810389043896,45.213556521695466],[-78.558064045082,45.21368741521551],[-78.55838510229606,45.214093633386994],[-78.55868243839389,45.21411147392853],[-78.55875840714867,45.214121562009176],[-78.55923839966533,45.214221562466605],[-78.55931006012497,45.214242250667596],[-78.55937434039853,45.21427269457258],[-78.55942858922745,45.214311645523296],[-78.55947060147842,45.214357495535396],[-78.55965899379316,45.21461766560798],[-78.56003769038794,45.21492246398388],[-78.5600834755838,45.21496811636662],[-78.56011490829341,45.215019446101955],[-78.5602110928947,45.215235850253904],[-78.56047887000891,45.21545341323257],[-78.56052215690342,45.21549647846729],[-78.560552710109,45.21554466409913],[-78.56057776960093,45.215597556903056],[-78.5605897639966,45.21559983862387],[-78.56065420997383,45.21561661915338],[-78.56071335343394,45.21564125095847],[-78.56076528241162,45.215672952504846],[-78.56080832712387,45.215710681746785],[-78.5608410982092,45.21575323494179],[-78.56112234830559,45.21621259744548],[-78.5613435626914,45.216416119756246],[-78.56138250305145,45.216460155171475],[-78.56140873521544,45.21650862826421],[-78.56142131594714,45.216559751387024],[-78.56141974813559,45.216611629094686],[-78.5614041082594,45.21666233000932],[-78.56137496990814,45.21670998563514],[-78.56114614590042,45.217002890316685],[-78.56107805444269,45.21717312106303],[-78.56104665997238,45.21722779253121],[-78.56099915400776,45.217276346472325],[-78.56093780541433,45.217316456249755],[-78.56049779846543,45.21754645191195],[-78.56040148639978,45.21758305825978],[-78.56024211771839,45.21762419211664],[-78.56014012074257,45.217782843578966],[-78.56017380957124,45.217781028982095],[-78.56102323202417,45.2178183629653],[-78.56151447964325,45.21772905245975],[-78.5616100014299,45.2177205094814],[-78.56185999726678,45.2177205094814],[-78.56195084111164,45.21772821702654],[-78.56203649715731,45.21775092643692],[-78.56233649726013,45.21786092514346],[-78.56240736744078,45.217894486202475],[-78.562465899072,45.217938288055734],[-78.5625091859665,45.21799015678024],[-78.56264717887579,45.2182080431524],[-78.56322562485923,45.21843438267138],[-78.56327843334095,45.21845931092052],[-78.56332466466205,45.21849005126954],[-78.56341122570463,45.21855807170286],[-78.56386840210197,45.218704712689835],[-78.56394604063979,45.218737977304805],[-78.56476228412146,45.21918930886985],[-78.5648434916612,45.21921638409252],[-78.56490039174867,45.219239767239365],[-78.56495074016837,45.21926968113832],[-78.5649930583338,45.219305245440424],[-78.56502609709428,45.21934540013362],[-78.56510993039969,45.21947114630709],[-78.5653345353373,45.219602812378284],[-78.56539028824561,45.21964314673455],[-78.56543293781834,45.21969076642775],[-78.56553258945006,45.21983313143398],[-78.56557822168867,45.21985729611512],[-78.56601513125378,45.21995621859421],[-78.56629202206928,45.21998300635599],[-78.5663806862737,45.21999940959307],[-78.56646126923809,45.22003020384101],[-78.56664908796324,45.220124113720814],[-78.566877708028,45.22017141900368],[-78.56693140876021,45.22018568425039],[-78.56698145126546,45.22020545616979],[-78.5676014506282,45.22049545929296],[-78.5676484084961,45.22052134873945],[-78.56768908237136,45.22055207112217],[-78.56794908415999,45.22078207576752],[-78.56797326414788,45.22080605180245],[-78.56814071406932,45.22099281155002],[-78.56821525522335,45.221001094016934],[-78.56848013889673,45.22091518812631],[-78.56855083062727,45.22089793148971],[-78.56862493840251,45.220890718017976],[-78.56869961976733,45.2208937992394],[-78.56877201952022,45.2209070763393],[-78.56904202726062,45.22097707306624],[-78.5691089460463,45.22099984535869],[-78.56916835718155,45.2210313133431],[-78.56921800454731,45.22107028226012],[-78.56925601441758,45.22111528785585],[-78.56928097193803,45.221164623331255],[-78.56939097367525,45.221474622952655],[-78.56940201208829,45.22152791999846],[-78.56939779301818,45.22158170213452],[-78.56931778364337,45.22194170198463],[-78.56930065243424,45.22198956422297],[-78.56921138914736,45.22216809540254],[-78.56912550366584,45.22252023499391],[-78.56917066428636,45.22285445319537],[-78.56916995048597,45.222910436203875],[-78.5690730520843,45.22351114861752],[-78.56907720742224,45.223606567667],[-78.56916537451568,45.22366240694506],[-78.56941836576486,45.223683490404774],[-78.5694295188958,45.22363326559724],[-78.56945406853032,45.223585151830626],[-78.56949108417864,45.22354117031431],[-78.56953921471859,45.22350290208321],[-78.56959672663497,45.223471739526005],[-78.57011673021223,45.22324173488066],[-78.5701631017441,45.22322423569892],[-78.57057310358415,45.223094231511006],[-78.57063985666618,45.2230780977685],[-78.57070968163912,45.22307088429677],[-78.57078019491958,45.223072833640934],[-78.57084900017769,45.22308388291893],[-78.5711089892199,45.22314389037991],[-78.57116763556903,45.22316135362903],[-78.5712213617941,45.22318542847865],[-78.57126866381576,45.223215450175445],[-78.57145207227425,45.2233530091949],[-78.57168565070238,45.2234208230157],[-78.57176480606601,45.22345199455606],[-78.57217480790607,45.22366199372003],[-78.57222235210999,45.223690829640645],[-78.57226256711357,45.223724750025774],[-78.57233468644489,45.22379686677679],[-78.57260251454484,45.223907152944214],[-78.5726426530698,45.22389437890087],[-78.57270641073953,45.22387870329917],[-78.57277308734294,45.22387117541709],[-78.57284061795751,45.22387202881661],[-78.57290686118212,45.22388124553142],[-78.57329686386507,45.22396124050747],[-78.57336104216715,45.22397897325118],[-78.57341967576984,45.22400453032101],[-78.57370281233868,45.22415442320932],[-78.57403439810834,45.22422074582675],[-78.5741118327032,45.22424292523112],[-78.57449022338353,45.224387068901606],[-78.57475676409351,45.22443491317364],[-78.57553775093494,45.22434410248157],[-78.57561823192786,45.224340814647626],[-78.57569789714891,45.224349483390114],[-78.5757732158355,45.22436974039977],[-78.57584083567512,45.224400669395],[-78.57612083662086,45.22456066833026],[-78.57617910057692,45.22460208964801],[-78.57622334345409,45.224651362241346],[-78.57636805373483,45.224859376128535],[-78.57655738928578,45.22503969495552],[-78.57659320676916,45.22508117017218],[-78.57661789661447,45.22512649916142],[-78.57663064304984,45.22517421766931],[-78.57665814985737,45.225375997248435],[-78.57687677671679,45.225370670238796],[-78.57694565845352,45.2253733741678],[-78.57701274294286,45.225384764805604],[-78.5770758250515,45.225404464859785],[-78.57713285260333,45.22543182754334],[-78.57714692466799,45.22544161917994],[-78.57747959388465,45.22548500780816],[-78.57753326912399,45.225494889276284],[-78.57803327354416,45.22561489521509],[-78.57809007166017,45.22563225964954],[-78.57814215359508,45.225655858392045],[-78.57835323456477,45.225769513241794],[-78.5787050616738,45.225855329300884],[-78.57878183345402,45.22588110196639],[-78.57884862477535,45.22591820238762],[-78.57907863420157,45.22607820132288],[-78.57913568724628,45.226128776473374],[-78.57917401577743,45.22618746341088],[-78.57935669768912,45.226587608971045],[-78.57946384422482,45.22666553782194],[-78.57959088794614,45.226705962009724],[-78.58022293269029,45.2268304505418],[-78.58031868391278,45.22685973562006],[-78.58048158335679,45.22692955268394],[-78.58090832126646,45.2270095656263],[-78.58098505480739,45.22703040654089],[-78.58105369436184,45.22706232368294],[-78.58111106606744,45.227103843815364],[-78.58112990529891,45.22712080400793],[-78.58123327888974,45.227138896077754],[-78.5810524197183,45.22669426594472],[-78.58104220982358,45.226661702015676],[-78.58098722170139,45.226414270053816],[-78.58078756153779,45.22599591564285],[-78.58076849287048,45.225928335384026],[-78.58074492471148,45.22568477516104],[-78.58069532833147,45.22562809146662],[-78.5804787409017,45.225519799559116],[-78.58042315369705,45.225485906123446],[-78.58037780188002,45.22544514955901],[-78.5803443552336,45.225399030052316],[-78.58032405016206,45.225349245419274],[-78.58031762595864,45.225297655172504],[-78.5803253248056,45.22524613679096],[-78.58034686628137,45.2251966216525],[-78.58038144736054,45.22515091537085],[-78.58042779339952,45.22511072474503],[-78.58059697683616,45.22498988337301],[-78.58067079144338,45.224889218162275],[-78.58053205924084,45.22477733299364],[-78.5804848336978,45.224729740249884],[-78.58045317155235,45.224676110827424],[-78.58043855139098,45.22461894204274],[-78.58042337038646,45.22446717167549],[-78.58036169038571,45.224371213636836],[-78.58033990672767,45.22432779805916],[-78.58032893204681,45.224282397204696],[-78.58032908500404,45.224236349563235],[-78.58034908416113,45.22407635062798],[-78.5803604284886,45.22403521677112],[-78.58027126717322,45.22407980015867],[-78.58018957526893,45.2241108998338],[-78.58009966191385,45.22412721323936],[-78.57949824685389,45.224182729123925],[-78.57912366735772,45.224289754406875],[-78.57905830363715,45.22430378609161],[-78.57899042886882,45.224309391578984],[-78.57847042529154,45.224319389828096],[-78.57838562325705,45.22431435027936],[-78.57830449219593,45.22429620431061],[-78.57779449457041,45.22413620537536],[-78.57771683053971,45.22410359653055],[-78.57765219336596,45.224059049075606],[-78.57743433129266,45.223868417589166],[-78.5770308811204,45.22362465973682],[-78.57621199912661,45.22340132957403],[-78.57614913370737,45.223379320849574],[-78.57609303664532,45.223349577630515],[-78.57604560715932,45.223313115013134],[-78.57600842580734,45.22327115470621],[-78.57598275448652,45.22322510706475],[-78.57593515929685,45.223109511853984],[-78.57579675850162,45.222992964429025],[-78.57575571497973,45.222950860391656],[-78.5757266913464,45.22290406714851],[-78.57571070731646,45.222854255566006],[-78.57570836197235,45.22284132880907],[-78.57560984477338,45.222777081299945],[-78.57505675144989,45.22254513629359],[-78.57489215672999,45.22250398447042],[-78.57483363784522,45.22248532646197],[-78.57478037049181,45.222460020920416],[-78.5747338714956,45.222428786497986],[-78.57435713785185,45.222129333098025],[-78.5736118920152,45.221648842218855],[-78.57357537347787,45.2216217849625],[-78.57330536573747,45.221391789300306],[-78.57326689699552,45.221352353259334],[-78.5730669054246,45.221102352115764],[-78.57303656890842,45.22105380715781],[-78.5729065680141,45.2207738112669],[-78.57288967898724,45.22071798097199],[-78.57284968067306,45.220447983330196],[-78.57284817659368,45.22040525047213],[-78.57285629607301,45.220362885923336],[-78.57297629101556,45.21997289132589],[-78.57300254867242,45.2199174562897],[-78.57315254872384,45.219687451644354],[-78.57318408340494,45.21964815035068],[-78.57348408350776,45.21933815072928],[-78.57354293379986,45.21929048612031],[-78.57361590714234,45.21925378994095],[-78.57421427580425,45.21902216832809],[-78.57433456391482,45.21896019355664],[-78.57435226871354,45.21891478371903],[-78.57438342100158,45.21886980507275],[-78.57442584113849,45.218829659362704],[-78.57465583781827,45.21864966392923],[-78.57471705894734,45.21861104535516],[-78.57478856644975,45.218582541811195],[-78.57486705899875,45.21856545585449],[-78.57494892935313,45.218560578002496],[-78.57503037907512,45.218568141817194],[-78.57531347740465,45.21861666880884],[-78.57551246200718,45.2186000859087],[-78.5756652790208,45.21852700796033],[-78.57573048978415,45.218501953947055],[-78.57580134721836,45.218486269362195],[-78.575875174572,45.21848052912753],[-78.57594918037576,45.21848494883873],[-78.57648917036369,45.21855495454882],[-78.57656872086682,45.21857172609518],[-78.5766412608305,45.21860020268968],[-78.57665486127704,45.21860700293638],[-78.57678990975975,45.21860314018066],[-78.57701744637751,45.21852040534299],[-78.5777228086179,45.21815322795376],[-78.57779263359085,45.21812438304999],[-78.577869520089,45.218106542508444],[-78.5779500010819,45.21810050582974],[-78.57799073868934,45.21810050582974],[-78.57779422689528,45.21769992907824],[-78.5775405218457,45.21742809887327],[-78.57750670555268,45.21738312022699],[-78.57748549548423,45.217334467471204],[-78.57747764368004,45.21728386537125],[-78.5774834305617,45.217233128524],[-78.57750265218623,45.21718406254318],[-78.57790266082095,45.216444057361585],[-78.57793250022614,45.21640088432903],[-78.5779727407226,45.21636212202452],[-78.57802210766678,45.21632900114],[-78.57827210350365,45.21618900768612],[-78.5783444905101,45.216157054611465],[-78.57842512446025,45.216137228793144],[-78.57851000297336,45.216130509394816],[-78.57881000307619,45.216130509394816],[-78.57889378539586,45.21613705811324],[-78.57897350160265,45.216156380875],[-78.57970345171687,45.216399698552856],[-78.58009214151699,45.21629657195824],[-78.58091587990265,45.2159448635582],[-78.58128550103544,45.21569537445434],[-78.58134219717996,45.215663771722646],[-78.58140633724273,45.21564024484535],[-78.58145295095687,45.21562693181284],[-78.58176670446346,45.21534804084973],[-78.58165570850427,45.21513839202873]]],[[[-78.5753150069769,45.21389297670198],[-78.57538968834172,45.21388200827236],[-78.57546597575738,45.213881702845164],[-78.57554083557231,45.21389206940354],[-78.57561127237415,45.21391271268877],[-78.57567450744001,45.213942797267634],[-78.57572800422925,45.21398112838081],[-78.57576963408717,45.214026178892304],[-78.57579775272359,45.214076152171565],[-78.5758112384522,45.21412907192495],[-78.5758095431763,45.21418282711155],[-78.57579274337448,45.21423527075784],[-78.57576151460783,45.21428432775551],[-78.57514150249867,45.21504432045217],[-78.57512707353382,45.21506064284089],[-78.57490707005937,45.215290638503085],[-78.5748792190981,45.2153162943876],[-78.57433921636373,45.21575629819691],[-78.57430661098206,45.21577979812474],[-78.57372662267994,45.21614979622397],[-78.57365969114782,45.21618400406999],[-78.57358388809669,45.21620726145269],[-78.57350275703557,45.21621849937689],[-78.57320797022481,45.216236366867896],[-78.57283202686007,45.216309723293996],[-78.57278003415021,45.216317179310856],[-78.57192004490236,45.216397174286904],[-78.5718481932462,45.21639905176585],[-78.57177711912259,45.21639142506909],[-78.57143712070557,45.21633142659126],[-78.57136481017773,45.21631304706055],[-78.57129917878203,45.21628485792694],[-78.57124286503057,45.21624798208452],[-78.57119816328174,45.21620391971983],[-78.5709700913137,45.21592321415985],[-78.57088786405913,45.2158726120599],[-78.57086260062424,45.21588676052562],[-78.57082703806955,45.21603494661489],[-78.57080756151632,45.216085539731694],[-78.5707745482487,45.216132521621056],[-78.57072926016384,45.216174104635556],[-78.57067339253763,45.2162087257066],[-78.5706090867712,45.21623506431074],[-78.57053875194083,45.216252132301136],[-78.57046506479797,45.216259282890796],[-78.57010505447744,45.21626928113991],[-78.57004317053372,45.21626746654303],[-78.56958317717417,45.21622746456343],[-78.56947699936755,45.21620698297495],[-78.56921699757892,45.21612697901575],[-78.56915765017584,45.21610412587492],[-78.56881765175883,45.21594412693967],[-78.5687394651243,45.2158952226556],[-78.56842538021039,45.21563656175269],[-78.56827402903683,45.21555458149986],[-78.56804990846375,45.21550860572362],[-78.56778800745624,45.215552263846426],[-78.56773231828012,45.21555853408711],[-78.56767592805005,45.2155589562953],[-78.56677592774159,45.21551896329885],[-78.5666689341631,45.21550317091615],[-78.56631892979433,45.21541316870783],[-78.56624941073584,45.21538944420118],[-78.56618807488886,45.21535635026611],[-78.56613743330114,45.21531524335872],[-78.56572743146108,45.21490524327989],[-78.56568529174577,45.214850670626376],[-78.5654852874284,45.21450066902538],[-78.56546773558689,45.21446162824313],[-78.5652977363784,45.21395162770688],[-78.56528983358847,45.21391904581152],[-78.56524983527429,45.21365904641884],[-78.56524880281302,45.21360874974608],[-78.56526103939098,45.21355919867501],[-78.56543103859947,45.2131191948657],[-78.56545939941817,45.2130674968211],[-78.56562505209222,45.212838731850844],[-78.56561094178826,45.21247875895019],[-78.56546742967245,45.212335244100395],[-78.56543108958522,45.21229028342043],[-78.56529109548556,45.212070277024196],[-78.5652655516291,45.212014635375496],[-78.56525763609272,45.21195641556193],[-78.56526149826264,45.211934272090176],[-78.56482002547368,45.21189658776401],[-78.56447735030524,45.21200562527319],[-78.56440599576005,45.21202259444891],[-78.56433130164879,45.212029376729305],[-78.5638512963857,45.21203937497842],[-78.5637927647545,45.21203743461741],[-78.56322276965771,45.21198743438869],[-78.56320254106478,45.21198526944886],[-78.56225253649036,45.21186526351005],[-78.5622166170355,45.21185946039331],[-78.56125660650932,45.211669457727574],[-78.56119227525002,45.21165219210781],[-78.56113338671862,45.21162707521247],[-78.56086337897823,45.21148707277544],[-78.56080663184797,45.21145096050102],[-78.56044663427386,45.211170955626955],[-78.5603897086935,45.2111129244596],[-78.56015904919909,45.210795774248545],[-78.55990028381468,45.21051784448279],[-78.55986707935055,45.21047375516864],[-78.55984598400002,45.21042610852597],[-78.5598377243099,45.2103765394886],[-78.55984256795534,45.21032673688924],[-78.55987256031776,45.210196741684484],[-78.55989291637503,45.210143579385964],[-78.5599281857617,45.21009444153992],[-78.55997688989125,45.2100513763052],[-78.56003698933401,45.21001618929552],[-78.5605869852737,45.20975618990284],[-78.56066797612402,45.20972707550448],[-78.56087321922632,45.20967386829021],[-78.56120086634746,45.20947555620808],[-78.56125296102881,45.2094490379409],[-78.56131061315598,45.209429041442675],[-78.56160062005347,45.20934904646662],[-78.56166533370583,45.209335688518344],[-78.56173236720943,45.209330559138074],[-78.56179964289531,45.20933380205625],[-78.56186505760161,45.20934532744135],[-78.56221429718427,45.20943050569659],[-78.56240000000113,45.20943050569659],[-78.5624888554021,45.20943788086507],[-78.56257285441116,45.20945961111179],[-78.5628528553569,45.20955961156922],[-78.56291378331795,45.209586731707645],[-78.56296640060316,45.20962143362707],[-78.56300885897936,45.2096624776524],[-78.56303962887434,45.20970839952973],[-78.5632122793414,45.21004507013191],[-78.5633075716922,45.210115498050186],[-78.5635657507406,45.21015736852558],[-78.56362629630858,45.21017101393475],[-78.56368281400302,45.210191531455834],[-78.56373372326587,45.210218373116525],[-78.56382686146911,45.210276583946936],[-78.56386428500335,45.21028378843551],[-78.56394649951147,45.21025638083619],[-78.56401338005784,45.21023924996373],[-78.56408360017029,45.21023114715986],[-78.5644935892639,45.210211150661635],[-78.56453153540198,45.21021062963877],[-78.56500153471332,45.210220627887885],[-78.5650805626126,45.210228173736276],[-78.56515565186335,45.21024710123931],[-78.56522352663168,45.210276601913236],[-78.56528125523747,45.2103153732009],[-78.56532631388649,45.21036174423587],[-78.56535673962772,45.210413693808746],[-78.56537123232472,45.21046895816503],[-78.56539123148183,45.21064896258166],[-78.56539026275273,45.2106984058549],[-78.56537649660254,45.21074690589709],[-78.56535037915647,45.210792800824954],[-78.56531281541143,45.210834572485666],[-78.56526504177168,45.21087080154107],[-78.56520868978092,45.21090025729924],[-78.56499560762087,45.21099158003102],[-78.5649778518364,45.211044832161065],[-78.56503329883026,45.211155720199734],[-78.56503645994623,45.21115594477856],[-78.56510984117463,45.21117206055476],[-78.56517715509982,45.21119818356322],[-78.5652357122239,45.21123326277506],[-78.56529432033372,45.21127623817826],[-78.56561567071579,45.211308370915965],[-78.56583244934208,45.21129125800981],[-78.56628390258994,45.21102373073504],[-78.56633358819501,45.210998775536446],[-78.56638827040274,45.210979704302964],[-78.56702826892257,45.21079969988634],[-78.56712435155238,45.21078243426658],[-78.56763762501177,45.21073893784052],[-78.56854051876107,45.21037591965105],[-78.5686104839448,45.21035400974127],[-78.56868525453467,45.21034235859204],[-78.56876180962549,45.210341442310444],[-78.56910180804249,45.21036143880867],[-78.56920274706418,45.21037726712398],[-78.56943274374396,45.210437265601804],[-78.56949409233738,45.2104578010892],[-78.56954932264183,45.210485666829314],[-78.56982755183304,45.2106542895913],[-78.5709435659817,45.210947481733726],[-78.57103126145702,45.210980207359526],[-78.57139691844843,45.21116303248615],[-78.57171843453415,45.21116973391817],[-78.57255713723492,45.21105374344869],[-78.57273437641872,45.210984384525595],[-78.57278819186884,45.210967020091154],[-78.57284516843494,45.21095571928488],[-78.5734851797012,45.210865717076565],[-78.57355265933003,45.21086055176368],[-78.57362036839471,45.21086388451339],[-78.57433037033758,45.21094388847259],[-78.57439864024542,45.21095621335829],[-78.57446255087235,45.21097716207071],[-78.57451990983151,45.211006024940794],[-78.5745687796647,45.21104181382171],[-78.57473877887321,45.211191814507856],[-78.57477440516006,45.2112292922215],[-78.57480066281693,45.21127043506152],[-78.57487438819909,45.21141788453225],[-78.57501923869061,45.2114997659704],[-78.57507212365095,45.21153610282364],[-78.57511412315549,45.21157892551324],[-78.5751436438998,45.21162664402113],[-78.57526363884236,45.21188664341381],[-78.57527920223994,45.211935233287534],[-78.57528180251276,45.211985008937425],[-78.5752713631822,45.21203428153076],[-78.57504135375598,45.212694273770005],[-78.57501800228638,45.21274169583385],[-78.57498256719606,45.21278524615882],[-78.57472863271066,45.21303918192334],[-78.57460984867946,45.21376105011935],[-78.57459733167993,45.21380489688837],[-78.57457469401072,45.21384667753223],[-78.5745425729936,45.21388525119053],[-78.5743119262456,45.21411588465658],[-78.5753150069769,45.21389297670198]],[[-78.56144999542673,45.209680003783596],[-78.56106999869553,45.20990999944579],[-78.56080000370157,45.20997999617273],[-78.56024999501544,45.21023999556541],[-78.56022000265303,45.21036999975333],[-78.56048999764698,45.2106600028765],[-78.56073000027853,45.210989998996126],[-78.56108999785263,45.21127000387018],[-78.56136000559303,45.21140999732406],[-78.56232000337278,45.21159999998981],[-78.56326999520074,45.211719996945455],[-78.56384000304396,45.21176999717417],[-78.56431999556062,45.21175999892506],[-78.56476000250953,45.21161999648803],[-78.56558000618962,45.21169000219812],[-78.56570000113217,45.211780004406435],[-78.5656400036609,45.21195999983991],[-78.56577999776054,45.212179997252996],[-78.56598999528323,45.21238999641697],[-78.56600999444032,45.21289999695322],[-78.56579999691763,45.21319000007639],[-78.56562999770914,45.213630003885704],[-78.56566999602332,45.21389000327839],[-78.56583999523183,45.21440000381464],[-78.56603999954918,45.21474999643249],[-78.56645000138923,45.21515999651131],[-78.566800005758,45.21524999871963],[-78.56770000606646,45.21529000069923],[-78.56806000364057,45.2152300022214],[-78.56845000632352,45.21530999719745],[-78.56868999620863,45.215440001385375],[-78.56902999462564,45.21571999727628],[-78.56937000578907,45.215879996211534],[-78.56962999483127,45.21596000017074],[-78.57009000093727,45.21600000215034],[-78.57044999851136,45.215990003901226],[-78.57050999598265,45.215740002757656],[-78.57076000456595,45.21560000032063],[-78.57101000040282,45.215590002071515],[-78.57127000219147,45.21575000100677],[-78.5715300039801,45.21606999887728],[-78.5718700023971,45.216129997355104],[-78.57273000439139,45.216050002379056],[-78.57314000623144,45.21596999841985],[-78.57346999869668,45.21595000192163],[-78.57404999974523,45.2155800038224],[-78.5745900024796,45.215140000013086],[-78.57481000595405,45.21491000435089],[-78.57543000531678,45.21415000267107],[-78.57434999984805,45.214389996582376],[-78.573599999591,45.21443999681109],[-78.57324999522223,45.2145600027499],[-78.57284000612862,45.21461000297861],[-78.57249000175985,45.21476000366475],[-78.57172999555102,45.214930000849115],[-78.57138999713402,45.21505999605388],[-78.57125000303438,45.21503999955566],[-78.57093000377446,45.21486000412218],[-78.57080000288013,45.21466000320732],[-78.57082000203724,45.21453999726852],[-78.57104999871702,45.21440000381464],[-78.57194000582015,45.21441000206375],[-78.57238000002262,45.214329998104546],[-78.5727100052343,45.214239995896236],[-78.57301000533711,45.21410000244236],[-78.57320999690803,45.21405000221364],[-78.57395999716509,45.21400000198493],[-78.57423000490549,45.213730004343134],[-78.57436000579982,45.21293999893282],[-78.57466999910797,45.212629999311424],[-78.57489999578775,45.211969998089025],[-78.5747800008452,45.21170999869634],[-78.5745500041654,45.21158000349158],[-78.57444000242818,45.21135999709534],[-78.57427000321968,45.2112099964092],[-78.57356000127682,45.211130001433155],[-78.57292000275699,45.21122000364147],[-78.57269000607721,45.21130999686663],[-78.57174999470811,45.21144000105455],[-78.57127000219147,45.211430002805436],[-78.57080999608547,45.21119999816009],[-78.56962999483127,45.2108899985387],[-78.56930000236603,45.21068999762384],[-78.56907000568626,45.210629999146015],[-78.56872999452281,45.21061000264779],[-78.56776000353774,45.21099999724524],[-78.56716999653743,45.21104999747395],[-78.5665299980176,45.211230001890584],[-78.56598999528323,45.21154999976109],[-78.56560999855205,45.21158000349158],[-78.56510999413186,45.211530003262865],[-78.56495999408045,45.21141999557317],[-78.56476000250953,45.21141999557317],[-78.56457999734926,45.21105999572306],[-78.56465999397763,45.210820001811754],[-78.5650099983464,45.210670001125614],[-78.56498999918931,45.21048999670898],[-78.56451999987799,45.21047999845987],[-78.56410999803794,45.21050000394125],[-78.56390000051525,45.210570000668184],[-78.56363999872661,45.21052000043947],[-78.56348000546987,45.210419999982044],[-78.56311000194401,45.21036000150422],[-78.56288000526423,45.21019000431985],[-78.56268000094687,45.20980000073925],[-78.56240000000113,45.20970000028182],[-78.56215000416427,45.20970000028182],[-78.56174000232421,45.20959999982439],[-78.56144999542673,45.209680003783596]],[[-78.57122810465842,45.21467152859242],[-78.57123971666103,45.21468940506657],[-78.57136826446171,45.21476171046379],[-78.57154764504665,45.21469312409185],[-78.57160552660966,45.21467576864056],[-78.57122810465842,45.21467152859242]]],[[[-78.5674293610043,45.21822578487926],[-78.5674306229014,45.21816620860962],[-78.56745043086195,45.21810829422325],[-78.56764042922755,45.217738287140875],[-78.56766843314605,45.217695751912174],[-78.56770645576276,45.217657286051704],[-78.56775338813779,45.21762403940304],[-78.56780776443107,45.217597036045596],[-78.56841777058847,45.217347034902026],[-78.56847567764434,45.21732767620766],[-78.5685373576451,45.21731541420403],[-78.56875736111955,45.217285410473536],[-78.56883000305471,45.217280505672086],[-78.56890264498988,45.217285410473536],[-78.56934263919234,45.21734540895137],[-78.5694069194659,45.21735837164091],[-78.56977692299176,45.21745837209834],[-78.56984232495164,45.2174813150707],[-78.56990034672543,45.217512612375195],[-78.56994885965844,45.21755110518512],[-78.56998609199616,45.21759540111178],[-78.57014609799933,45.21783540400624],[-78.57017430586079,45.21789485451174],[-78.57018224689003,45.21795730539029],[-78.5701722536847,45.218217304782975],[-78.57016042499268,45.218276899018925],[-78.5700804283643,45.21849690541516],[-78.57005720435907,45.21854293509032],[-78.57002257229418,45.2185852457402],[-78.56991239210686,45.2186954241098],[-78.56991239210686,45.21878999874291],[-78.56990592966412,45.21883931625201],[-78.5698867845182,45.21888697187783],[-78.56985556849799,45.218931348652866],[-78.56981336505048,45.21897095537374],[-78.56954337005651,45.21918095453771],[-78.56948810151276,45.21921630324414],[-78.56942413990008,45.219243405416265],[-78.56935391978764,45.21926123697465],[-78.56879391789619,45.21936123743208],[-78.56871754125545,45.219369214471804],[-78.56864045081436,45.219366205115605],[-78.56856054341102,45.2193573297606],[-78.56855382603959,45.21935911740801],[-78.56850509641718,45.21953240242632],[-78.56848742985775,45.21957578207139],[-78.56845973185371,45.21961647575376],[-78.56825972753634,45.21985647864822],[-78.56821655535975,45.21989843895514],[-78.56816277814893,45.219933805627875],[-78.56810039709424,45.21996125814296],[-78.56803169380761,45.21997979038727],[-78.56795924306898,45.219988701674886],[-78.56758923954311,45.22000870715626],[-78.56749930069516,45.220006075092485],[-78.56741272690614,45.219988701674886],[-78.56692985369509,45.21984668701162],[-78.56649838685789,45.219771641752786],[-78.56642062085571,45.219751618305104],[-78.56635079588276,45.219720258118535],[-78.56629218777294,45.2196790434133],[-78.56621219114457,45.21960904668636],[-78.56617513725695,45.21957013166825],[-78.56614821678545,45.2195272820292],[-78.56601863652351,45.21926050035612],[-78.56560589419985,45.21905721160732],[-78.56558052879348,45.219059394513465],[-78.5655091105161,45.21905605278061],[-78.56543983363989,45.219043395518256],[-78.56537510724108,45.219021862900895],[-78.56531721293163,45.21899220951337],[-78.56526816464834,45.218955459435094],[-78.56522970865284,45.218912924206386],[-78.5649897060213,45.21858292808677],[-78.56496346111086,45.218536799596926],[-78.56494968221423,45.21848805700961],[-78.5649488409495,45.2184383622081],[-78.56498883926369,45.2180883606071],[-78.56500105034877,45.21803917784529],[-78.56502591864417,45.21799242053475],[-78.5650626156316,45.217949696659836],[-78.56510985392107,45.21791247945762],[-78.56516602746174,45.21788204453579],[-78.56525601729544,45.21784205153934],[-78.56531674131352,45.21782013264641],[-78.56538201580905,45.2178061728269],[-78.56544976311304,45.21780060327213],[-78.56597975989563,45.21779060502302],[-78.56604628354182,45.21779344369932],[-78.56611109916567,45.21780437619633],[-78.56628109837416,45.217844378175926],[-78.56637918219432,45.21787916992688],[-78.56703637565546,45.21820313835095],[-78.56722439832357,45.218240741828744],[-78.56730903465441,45.21826573295994],[-78.56738278552946,45.21830421678672],[-78.56744577841305,45.2183462220094],[-78.5674293610043,45.21822578487926]],[[-78.56755999922038,45.219740003088475],[-78.56793000274624,45.2197199976071],[-78.56812999431716,45.21948000369579],[-78.5682199968973,45.21915999684213],[-78.56851999700012,45.21908000186608],[-78.56870000216038,45.21909999836431],[-78.56926000405184,45.21899999790688],[-78.56952999904581,45.21878999874291],[-78.56952999904581,45.21861000330943],[-78.56971000420609,45.2184299988928],[-78.56979000083444,45.21821000147972],[-78.56979999403978,45.217950002087036],[-78.56964000078304,45.21770999919258],[-78.56926999725718,45.21760999873515],[-78.56883000305471,45.217550000257326],[-78.56860999958026,45.21758000398781],[-78.56800000616929,45.21782999614823],[-78.56780999505726,45.218200003230606],[-78.56784000016611,45.21842000064369],[-78.56800000616929,45.21856000308072],[-78.56812000111184,45.21883000072251],[-78.56806000364057,45.218939999429054],[-78.5676700009576,45.21898000140865],[-78.56742000512074,45.218699996534596],[-78.56712000501791,45.21849999561974],[-78.5668699964346,45.218450004374176],[-78.56615999449174,45.21810000277318],[-78.56598999528323,45.21806000079358],[-78.56545999850063,45.21806999904269],[-78.56536999592049,45.21811000102229],[-78.56532999760631,45.21846000262329],[-78.56557000023786,45.21878999874291],[-78.56566999602332,45.21876000399558],[-78.566339999652,45.219090000115195],[-78.56650999886051,45.219440001716194],[-78.56658999548888,45.21950999844313],[-78.56705000159488,45.219590002402335],[-78.56755999922038,45.219740003088475]]],[[[-78.5772048827096,45.20921236779614],[-78.57727976801739,45.20922406386114],[-78.5773498351726,45.20924606360245],[-78.57741226721303,45.209277468704784],[-78.57746455309092,45.209317030509894],[-78.57750457689797,45.20936314103343],[-78.57753073258334,45.20941395872905],[-78.57754197493934,45.209467426454765],[-78.57753785784072,45.20952140622018],[-78.57751852149826,45.209573724102334],[-78.5774185257128,45.209763726768074],[-78.57738442899819,45.20981264901845],[-78.57733706324437,45.20985574120263],[-78.57727836590949,45.2098912336395],[-78.57721074606987,45.209917671058314],[-78.57713694420909,45.20993398446387],[-78.57705999397876,45.209939491136566],[-78.57680000493657,45.209939491136566],[-78.57672367928159,45.209934074295404],[-78.57665042551753,45.20991802140128],[-78.57658318807096,45.20989198822434],[-78.57652468193263,45.20985702579348],[-78.57647725244662,45.20981453548055],[-78.57644281157825,45.20976622408457],[-78.57642274868898,45.20971404993286],[-78.57641786680423,45.2096600971169],[-78.57642835712055,45.209606539559665],[-78.57645381175197,45.20955554220098],[-78.57649318549083,45.20950914421656],[-78.57668319660286,45.20932914878308],[-78.57673808275355,45.20928725135823],[-78.57680424949955,45.209254435900895],[-78.57687872692141,45.209232166665004],[-78.57695818819948,45.20922144078051],[-78.577128187408,45.2092114425314],[-78.5772048827096,45.20921236779614]],[[-78.57699000330217,45.20949000111786],[-78.57680000493657,45.209669996551334],[-78.57705999397876,45.209669996551334],[-78.57716000251067,45.209480002868744],[-78.57699000330217,45.20949000111786]]]]}},{"type":"Feature","properties":{"lake":"Little Redstone Lake","lake_part":3,"zone":"no-sports","label":"30\u2013200 m \u00b7 not suitable for water sports","min_m":30,"max_m":200},"geometry":{"type":"MultiPolygon","coordinates":[[[[-78.58145295699869,45.215626927635675],[-78.58140633228437,45.21564024898659],[-78.58134220289037,45.21566376847973],[-78.58128550050009,45.21569537387044],[-78.58091588047623,45.21594486738502],[-78.58009214178466,45.21629657603659],[-78.57970344989413,45.216399698373195],[-78.57897349715415,45.21615638079415],[-78.57889378443988,45.21613705381929],[-78.5788100000043,45.21613050541528],[-78.57851000000345,45.21613050541528],[-78.5784251282077,45.21613722707736],[-78.57834449011497,45.2161570567764],[-78.57827210823258,45.21618900533253],[-78.57802210822763,45.216329005335126],[-78.57797274106676,45.216362117676674],[-78.57793249828869,45.2164008801878],[-78.5779026581187,45.21644406164655],[-78.57750265812606,45.21718406164487],[-78.57748343526514,45.21723312723043],[-78.57747764626757,45.21728386498497],[-78.57748549766387,45.21733446486609],[-78.57750670936386,45.21738312171819],[-78.57754052462444,45.21742809972667],[-78.57779423065547,45.217699927613985],[-78.57799074051208,45.218100505416515],[-78.57794999999847,45.218100505416515],[-78.57786951641802,45.218106542212006],[-78.5777926385747,45.21812438213371],[-78.57772281065733,45.218153225941535],[-78.57701744437632,45.21852040289958],[-78.57678990678984,45.21860314384579],[-78.57665486284485,45.21860700224468],[-78.57664126442499,45.21860020303104],[-78.57656872606736,45.21857172402905],[-78.57648917501614,45.21855495169218],[-78.57594917502225,45.218484951686385],[-78.57587517002153,45.21848052690869],[-78.5758013472311,45.218486267718276],[-78.57573049151766,45.21850195754032],[-78.57566527585969,45.218527004492834],[-78.57551246177773,45.21860008948399],[-78.57531347565839,45.21861667166548],[-78.5750303796742,45.21856814092786],[-78.57494892811671,45.21856057888285],[-78.57486706445422,45.218565452890054],[-78.57478856738025,45.21858253797539],[-78.57471706019649,45.21861104550788],[-78.57465584355417,45.218649659635275],[-78.57442584354756,45.2188296596322],[-78.57438342477452,45.218869802611366],[-78.574352270702,45.21891478147324],[-78.57433456645136,45.21896019609887],[-78.57421427148321,45.219022166235014],[-78.57361590756297,45.21925379097401],[-78.57354293261443,45.21929048895898],[-78.57348408664338,45.219338152507945],[-78.57318408664253,45.21964815251562],[-78.57315255007497,45.21968745253369],[-78.57300255007453,45.219917452534744],[-78.57297629248141,45.21997288784941],[-78.57285629249127,45.22036288784573],[-78.57284818003522,45.22040525109197],[-78.5728496743126,45.22044798542327],[-78.5728896743093,45.22071798541865],[-78.57290656789938,45.22077380861687],[-78.57303656790145,45.22105380862206],[-78.57306690167715,45.22110235565513],[-78.57326690167346,45.221352355657835],[-78.57330536872013,45.2213917888242],[-78.57357536872344,45.22162178881627],[-78.57361188865013,45.22164884043121],[-78.57435713820875,45.2221293302863],[-78.57473387530678,45.222428787980206],[-78.57478037575609,45.222460018692594],[-78.57483363770501,45.22248532329092],[-78.57489215824681,45.22250398774029],[-78.57505674910456,45.222545135458155],[-78.57560984524501,45.22277707899128],[-78.57570835793173,45.22284132640158],[-78.57571070810674,45.22285425239495],[-78.57572668859318,45.22290406815462],[-78.57575571761825,45.22295086455984],[-78.57579675257453,45.22299296088966],[-78.57593516100488,45.2231095153664],[-78.57598275767312,45.22322510727136],[-78.57600842556516,45.223271151490245],[-78.57604560339911,45.22331311329735],[-78.57609303841707,45.22334957870849],[-78.5761491322033,45.22337931897209],[-78.57621199457613,45.2234013319366],[-78.57703087598358,45.22362466323126],[-78.57743432888358,45.22386841601711],[-78.57765219276689,45.22405904691965],[-78.5777168245489,45.22410359362001],[-78.57779448865607,45.22413620242889],[-78.57830448865242,45.22429620243314],[-78.57838561693481,45.22431434685677],[-78.57847043049209,45.22431939431069],[-78.57899043050037,45.22430939430986],[-78.57905829931612,45.22430378451956],[-78.57912366771463,45.22428975102023],[-78.57949825190147,45.22418272696797],[-78.58009966086864,45.22412721228715],[-78.58018957700246,45.22411090050754],[-78.58027126443272,45.224079796969654],[-78.58036042737967,45.22403521549551],[-78.58034908217269,45.22407635052917],[-78.58032908217433,45.22423635053342],[-78.5803289303133,45.2242824013639],[-78.5803399055295,45.22432779807713],[-78.5803616873648,45.224371215110075],[-78.58042337599488,45.224467175196885],[-78.58043855306076,45.224618945860584],[-78.58045317304368,45.224676108761294],[-78.58048483326442,45.224729736180514],[-78.5805320629883,45.224777336955206],[-78.58067079604484,45.22488921845872],[-78.58059697808532,45.22498987932161],[-78.58042779795001,45.225110722283645],[-78.58038144614962,45.22515091760765],[-78.58034686142499,45.225196619891804],[-78.58032532131308,45.225246140941174],[-78.58031762145916,45.225297651498394],[-78.58032404631264,45.22534924880592],[-78.58034435853494,45.22539902689923],[-78.58037780780711,45.22544514704372],[-78.58042315855344,45.22548590559344],[-78.58047873556094,45.225519796962985],[-78.58069532599887,45.22562809218527],[-78.5807449225446,45.225684773948316],[-78.58076849321463,45.225928337566934],[-78.58078756072202,45.22599591755626],[-78.58098722714412,45.22641426625395],[-78.58104221197772,45.22666169804512],[-78.58105241394416,45.22669426742694],[-78.58123327950157,45.22713889521537],[-78.58112991154466,45.22712080583151],[-78.58111106984038,45.22710384829796],[-78.58105369833872,45.227062322766656],[-78.58098505515154,45.22703040283983],[-78.58090831521191,45.227009564898665],[-78.58048158591882,45.22692955316005],[-78.58031868481778,45.22685973839585],[-78.58022292891735,45.22683045177249],[-78.57959088880014,45.22670595902732],[-78.5794638405666,45.226665534588],[-78.57935669289645,45.22658760900698],[-78.57917401636377,45.226187460383564],[-78.5791356814084,45.22612877367063],[-78.57907862887356,45.22607820351477],[-78.57884862886695,45.2259182035195],[-78.57878183637295,45.2258811038259],[-78.57870506088352,45.22585532553695],[-78.57835323801906,45.225769515074354],[-78.57814215651402,45.22565585581388],[-78.57809007361037,45.22563225726002],[-78.57803326935058,45.22561489207997],[-78.57753326935342,45.22549489207903],[-78.5774795904941,45.225485005715086],[-78.577146929091,45.225441615092606],[-78.57713285243763,45.22543183119949],[-78.57707582104912,45.22540446422198],[-78.57701274006217,45.225384765353574],[-78.5769456631442,45.225373375901555],[-78.57687677406554,45.2253706666635],[-78.57665815470101,45.22537599883845],[-78.57663063932787,45.22517421944798],[-78.57661789685665,45.225126500958055],[-78.57659321134513,45.22508116846539],[-78.5765573841617,45.22503969359906],[-78.57636805314849,45.224859378356356],[-78.57622334910076,45.224651366283766],[-78.5761790945606,45.224602085722374],[-78.57612083269495,45.22456066898603],[-78.57584083269246,45.22440066898178],[-78.5757732133372,45.22436973889959],[-78.57569789605272,45.22434948648032],[-78.57561822807844,45.22434081177302],[-78.57553775000446,45.22434410029866],[-78.57475676701245,45.22443491227532],[-78.57449021878207,45.22438707028501],[-78.57411183517601,45.22424292415314],[-78.57403439525314,45.224220742817394],[-78.57370280975115,45.224154425715625],[-78.57341966988099,45.22400452813811],[-78.57336104690883,45.2239789692447],[-78.57329686539464,45.22396124317547],[-78.5729068654012,45.223881243177836],[-78.5728406126295,45.22387202965204],[-78.57277309325728,45.22387117339588],[-78.57270641303388,45.22387870109829],[-78.57264265152749,45.22389437801154],[-78.57260251384378,45.223907149090444],[-78.57233468092568,45.22379686495321],[-78.57226256831174,45.22372475234343],[-78.5722223531297,45.2236908302515],[-78.57217481050634,45.22366199760973],[-78.57176481051452,45.22345199761033],[-78.57168565103379,45.22342082020397],[-78.57145207006913,45.22335300638317],[-78.57126866702785,45.22321545410108],[-78.57122135984389,45.223185427993556],[-78.57116763968612,45.22316134953272],[-78.57110899559311,45.22314388613088],[-78.57084899560172,45.2230838861349],[-78.57078019205163,45.22307283700962],[-78.57070967920455,45.22307088621018],[-78.5706398583742,45.223078100167],[-78.5705731073571,45.22309423322679],[-78.57016310735254,45.22322423322856],[-78.57011672636281,45.22324173640779],[-78.5695967263673,45.22347173640885],[-78.56953920877875,45.223502904005606],[-78.56949107966639,45.223541167053426],[-78.56945407170419,45.22358514809363],[-78.56942951714954,45.22363326380061],[-78.56941836446472,45.2236834916714],[-78.56916536948083,45.22366240875965],[-78.56907720609661,45.22360657194298],[-78.56907305728485,45.22351114941702],[-78.56916994629239,45.22291043761423],[-78.56917067058309,45.2228544496021],[-78.56912550588372,45.22252023083471],[-78.56921139318797,45.22216809285132],[-78.56930065653859,45.22198956615435],[-78.5693177880154,45.22194169805001],[-78.56939778802158,45.22158169805617],[-78.56940200854477,45.22152791740233],[-78.56939096917576,45.22147461940431],[-78.56928096917206,45.22116461939664],[-78.56925601993679,45.22111528525972],[-78.56921800203627,45.22107028372437],[-78.56916835136917,45.22103131443006],[-78.56910894315286,45.2209998491945],[-78.56904202114234,45.22097707641696],[-78.56877202113901,45.22090707642015],[-78.56869962105472,45.22089380123366],[-78.56862493902709,45.22089071452353],[-78.56855083344423,45.22089793443618],[-78.5684801406175,45.22091518463187],[-78.56821525407616,45.22100109378337],[-78.56814071292213,45.220992811433234],[-78.5679732692337,45.22080604731087],[-78.56794908213331,45.22078207472547],[-78.56768908212918,45.22055207472442],[-78.56764841026785,45.22052135248543],[-78.56760145681022,45.22049545909533],[-78.56698145681017,45.2202054590983],[-78.56693140243797,45.22018568801433],[-78.56687771385312,45.22017141797061],[-78.56664909225879,45.22012411694577],[-78.56646126444544,45.22003020303253],[-78.56638068451468,45.219999406898125],[-78.56629202033577,45.21998301076671],[-78.56601513696418,45.21995621561181],[-78.56557822344767,45.21985729179423],[-78.56553258529472,45.219833130418884],[-78.56543293270703,45.219690769589825],[-78.56539028864074,45.219643147614896],[-78.56533453327238,45.21960281080624],[-78.56510992619336,45.21947114459131],[-78.5650260962785,45.219345399711415],[-78.56499306104878,45.21930524624891],[-78.56495073950556,45.21926968325835],[-78.56490038699425,45.2192397656224],[-78.56484349716764,45.21921638080468],[-78.56476228372632,45.21918930965139],[-78.56394604018092,45.21873797498716],[-78.56386840322365,45.21870471496258],[-78.56341123152974,45.21855807499069],[-78.56332465974192,45.218490054296865],[-78.56327843539313,45.21845931032763],[-78.56322562386501,45.21843438701025],[-78.56264718048185,45.21820803959507],[-78.56250918822262,45.217990157085666],[-78.56246590049959,45.21793829014881],[-78.56240736194707,45.21789448534908],[-78.56233649100163,45.21786092660771],[-78.56203649100078,45.2177509266076],[-78.56195084647788,45.21772822115879],[-78.56185999999451,45.21772050541203],[-78.5616100000023,45.21772050541203],[-78.56151447541144,45.217729049585145],[-78.56102323643444,45.21781836575906],[-78.56017380374612,45.21778102806581],[-78.56014012320263,45.21778284311184],[-78.56024211439156,45.21762419015831],[-78.56040148484472,45.2175830623022],[-78.56049780338556,45.21754645374451],[-78.56093780338765,45.21731645374346],[-78.56099915864746,45.21727634692148],[-78.56104666536412,45.21722779439073],[-78.56107804831166,45.21717312146726],[-78.56114614126072,45.21700288912192],[-78.5613749750832,45.2167099818173],[-78.56140411126756,45.21666233141069],[-78.56141975030249,45.216611629085705],[-78.56142131248012,45.21655975430655],[-78.56140873986789,45.21650863001592],[-78.56138249852647,45.216460151317705],[-78.56134356120008,45.21641611526467],[-78.56112234876446,45.216212599808046],[-78.56084110330777,45.21575323222888],[-78.56080833056541,45.21571068090237],[-78.56076528355881,45.21567294891159],[-78.56071335166219,45.21564125408461],[-78.5606542109808,45.21561661937796],[-78.56058977031884,45.2155998398905],[-78.56057776891262,45.215597553911664],[-78.56055271553898,45.21554466344335],[-78.56052216051066,45.21549647884458],[-78.56047886618498,45.21545341516394],[-78.56021108853541,45.215235845816224],[-78.56011491103389,45.215019446470265],[-78.56008347721534,45.214968119070555],[-78.56003769333238,45.21492246670578],[-78.559658999733,45.214617664538984],[-78.55947060214125,45.21435749643371],[-78.55942859468293,45.21431164442735],[-78.55937434011811,45.2142726976538],[-78.5593100637577,45.21424225356017],[-78.5592384019342,45.214221560822686],[-78.55875840193538,45.2141215608234],[-78.55868243792226,45.21411147680314],[-78.55838509794953,45.21409363639635],[-78.55806405135326,45.21368741419143],[-78.55810388908785,45.21355651882984],[-78.55811232801834,45.21350497062423],[-78.55810659250481,45.2134532381472],[-78.55800659250028,45.213053238141065],[-78.55798916312654,45.21300750119991],[-78.55784916312528,45.21273750120453],[-78.55782122443028,45.212695328814355],[-78.55778340652134,45.21265717317809],[-78.55773683738148,45.21262417233543],[-78.55768290598978,45.212597310570445],[-78.55742113100628,45.21248952086611],[-78.55723053504956,45.21228304191228],[-78.55718703777514,45.212244239722565],[-78.55667491022027,45.21186488599305],[-78.55652333111496,45.211690570005246],[-78.5563876802357,45.211355964522106],[-78.55637978430335,45.21133870809211],[-78.5559234373038,45.2104454331203],[-78.55582089933104,45.20991565358592],[-78.55594672055447,45.209649208637344],[-78.55623069081666,45.209348028046584],[-78.5566144225211,45.20906022928132],[-78.55692139469463,45.2091150457376],[-78.55743894418795,45.209284425572754],[-78.55749376697611,45.20929888613117],[-78.55755107918134,45.209307280088005],[-78.55788107917972,45.2093372800815],[-78.55796560434891,45.209338323869964],[-78.55804838937473,45.2093262533602],[-78.55812538811799,45.209301658511805],[-78.55886538812094,45.20899165851311],[-78.55891413079569,45.20896742479644],[-78.55895693276481,45.2089381435989],[-78.55920693275702,45.20873814360033],[-78.55924730570169,45.20869934872291],[-78.55927724746077,45.20865611282625],[-78.55938065407761,45.20846520829687],[-78.55969983587039,45.20822366533069],[-78.55974291437343,45.20818434773259],[-78.55992291437138,45.20798434773401],[-78.55995042393214,45.20794787063579],[-78.55996969990747,45.20790885900387],[-78.56008969991036,45.20758885900436],[-78.56010063933458,45.20754578055542],[-78.56011743173072,45.20742263632522],[-78.56021947534573,45.20735120579725],[-78.56028379011114,45.20729148718057],[-78.5604946162796,45.207025662878024],[-78.560788866185,45.206786584835086],[-78.56082722334465,45.20674944478018],[-78.56085607324407,45.206708253242496],[-78.5609392113589,45.206558604606116],[-78.5613825683132,45.20611524765534],[-78.5614275158388,45.20605561588778],[-78.56163751584705,45.205665615891455],[-78.56165612234136,45.205618605004474],[-78.56166239306495,45.20557000000313],[-78.56166239306495,45.20556656639957],[-78.5619253708021,45.20534115689741],[-78.56196452941936,45.20530055064807],[-78.56218452941404,45.20502055065186],[-78.56221337346284,45.204973934817],[-78.56222927775109,45.20492433004463],[-78.56223167590367,45.20487350279094],[-78.56222048255773,45.20482326299052],[-78.56219609626878,45.20477539971014],[-78.56211145564238,45.204648438762874],[-78.56200042233614,45.204343097157754],[-78.5619783794666,45.20429888889768],[-78.5619458042175,45.204258039797786],[-78.56190368144217,45.204221784834964],[-78.56186422093835,45.20419328558495],[-78.56189794038396,45.20407339423524],[-78.56205072759641,45.203931520391876],[-78.56241528725995,45.203851193685956],[-78.56252953280811,45.20387404280233],[-78.56284085986502,45.2040530558472],[-78.5632380224374,45.20438402466261],[-78.56332050194392,45.20443545100277],[-78.56358050194807,45.20455545100371],[-78.56365284375566,45.20458156271137],[-78.56373138197513,45.204596309383206],[-78.56381256841951,45.20459902481963],[-78.56396491030976,45.204592677242985],[-78.56405614781553,45.204619288180375],[-78.56412552142446,45.20466675433354],[-78.56432624452606,45.20510310888972],[-78.56436594291661,45.20516307015934],[-78.56444594291004,45.205253070157795],[-78.56450086619111,45.205301444570594],[-78.56457001323214,45.2053397011236],[-78.56494001323999,45.20549970111886],[-78.56501158284303,45.20552384352179],[-78.5650886814546,45.20553705667062],[-78.56516798959701,45.20553877168925],[-78.56572648525496,45.205509883980746],[-78.56603045968357,45.20551832772221],[-78.56667690253344,45.20561991159508],[-78.56726538653868,45.20576002683356],[-78.56783424883426,45.20595286150112],[-78.56789859768365,45.20596984651413],[-78.56796622083735,45.205978441046796],[-78.56844622083615,45.20600844104928],[-78.56849548978575,45.20600927339229],[-78.56884548978249,45.20599927339146],[-78.56891037379096,45.205993474433924],[-78.56988330971245,45.20584605990766],[-78.57067430780816,45.20577853567676],[-78.57160546359128,45.20573973752048],[-78.57251833688173,45.20575936920388],[-78.5725600505347,45.205758661133814],[-78.57346005053725,45.20570866113866],[-78.57351637674198,45.20570252923853],[-78.57357078411107,45.20569056531388],[-78.57366994048003,45.20566289376258],[-78.57372088320227,45.20586666466414],[-78.57378945476725,45.20635646150575],[-78.57379955037744,45.2063968277522],[-78.57381821545437,45.206435648105845],[-78.57407821544575,45.20686564810547],[-78.57410409067131,45.20690096493968],[-78.57413705520929,45.206933215428556],[-78.57438705521425,45.20714321542796],[-78.57440696271172,45.2071586792698],[-78.57504696271015,45.20761867927192],[-78.57513566718055,45.20766611589745],[-78.57558531224458,45.20784046806042],[-78.57572138383269,45.20792851438483],[-78.57578070421332,45.207959999221636],[-78.5765707042249,45.2082999992228],[-78.57663199457987,45.208321331938066],[-78.5768785168474,45.20838856527651],[-78.57694804978676,45.208442052154304],[-78.57699921363418,45.20847487852616],[-78.57705793322432,45.208500669948485],[-78.57712228615257,45.20851858204084],[-78.5773033132328,45.208556035913205],[-78.57752306391994,45.2087370070698],[-78.57768073565566,45.20905235054424],[-78.57760967430399,45.209532014569106],[-78.57761055287753,45.209593387550164],[-78.57763111257186,45.20965302879495],[-78.57767028700745,45.209707844829026],[-78.57794028701076,45.209997844826056],[-78.57797687780764,45.21003114650552],[-78.57802038419577,45.210060023479144],[-78.57824731627558,45.210188618327166],[-78.57829679289009,45.21051640079131],[-78.57813033011635,45.21060452814377],[-78.57806335514438,45.210649941017685],[-78.57801390372957,45.210705399697524],[-78.57787390372833,45.21091539969693],[-78.57784945379643,45.21096343872372],[-78.57783829292839,45.21101386487065],[-78.57780202218177,45.2114400460871],[-78.5777852904969,45.21146932653903],[-78.57776549353652,45.21151554919926],[-78.57775771750988,45.21156351962171],[-78.57776221197948,45.21161169804906],[-78.57784221198565,45.21197169805189],[-78.57785990570773,45.212020682816025],[-78.57789026741085,45.21206647739309],[-78.57799026741539,45.21218647739403],[-78.57803245518478,45.21222765275306],[-78.57854245518112,45.212637652751035],[-78.57859553734157,45.21267289259063],[-78.5786571465996,45.21270038980588],[-78.57935714659308,45.21295038980859],[-78.57942873251156,45.21296987263217],[-78.58004873251163,45.21308987263311],[-78.5801499999962,45.213099494586935],[-78.58074999999789,45.213099494586935],[-78.58080372067828,45.21309682193727],[-78.58114463954087,45.213062730045785],[-78.58120328513796,45.213069767519585],[-78.58119968477982,45.213156176035575],[-78.58104307097274,45.213443301315905],[-78.58102383448586,45.21349156121147],[-78.58095383449162,45.21376156121583],[-78.58094780299312,45.213818628688514],[-78.58095699150324,45.214020775921135],[-78.58090953038058,45.21435300384219],[-78.58091161165679,45.214418900541396],[-78.58093632789996,45.21448247022672],[-78.58100632789422,45.21460247021868],[-78.58105457913015,45.21466215952333],[-78.58136457913018,45.214952159529346],[-78.58141906546345,45.21499335208213],[-78.58165571347539,45.215138394409266],[-78.58176670336726,45.21534804198161],[-78.58145295699869,45.215626927635675]],[[-78.57454256831565,45.21388524766016],[-78.57457469635607,45.21384667711003],[-78.57459733044352,45.2138048929268],[-78.57460984717538,45.21376104597812],[-78.57472863510698,45.21303918087231],[-78.57498256831775,45.21278524765901],[-78.57501800000477,45.21274170016373],[-78.5750413572485,45.212694277048854],[-78.57527135724236,45.21203427704817],[-78.57528179942813,45.211985010536424],[-78.57527919726883,45.21193523118547],[-78.57526363964539,45.21188663972174],[-78.57514363965524,45.211626639718205],[-78.57511411694797,45.21157892576477],[-78.57507212925938,45.21153610182652],[-78.57501924303715,45.21149976555718],[-78.57487438396727,45.21141788869146],[-78.57480065655842,45.21127043385778],[-78.5747744053895,45.21122929161065],[-78.57473878443065,45.211191811714095],[-78.57456878441913,45.21104181171965],[-78.57451991114439,45.211006022919584],[-78.57446254814461,45.210977163409204],[-78.57439864413307,45.2109562135649],[-78.57433036994244,45.21094388507696],[-78.57362036994978,45.21086388507034],[-78.57355265610519,45.2108605551144],[-78.57348517365939,45.21086571528892],[-78.57284517366098,45.210955715296365],[-78.57278819576925,45.21096702023488],[-78.5727343761383,45.21098438701393],[-78.57255714174717,45.21105373959491],[-78.57171844043575,45.21116973020813],[-78.57139692217038,45.211163031902245],[-78.57103126443968,45.21098020303863],[-78.57094356604543,45.2109474796137],[-78.56982755229191,45.210654289564346],[-78.56954932788062,45.210485668706795],[-78.56949409738498,45.21045780318227],[-78.56943274262227,45.2104372640567],[-78.56920274262842,45.210377264051736],[-78.56910180633447,45.21036143926681],[-78.56876180633691,45.21034143926516],[-78.5686852485311,45.210342357280496],[-78.5686104850155,45.210354006282756],[-78.56854051339482,45.210375919228845],[-78.56763762949852,45.21073893439997],[-78.56712434687444,45.210782432928085],[-78.56702826660272,45.21079970064092],[-78.5663882666043,45.210979700646824],[-78.56633358456227,45.21099877338948],[-78.5662839027684,45.211023732594555],[-78.56583245430045,45.21129125761455],[-78.56561566536227,45.21130837253293],[-78.56529431399873,45.21127623739672],[-78.56523571107671,45.21123326192166],[-78.56517716010916,45.211198179224354],[-78.56510983768212,45.211172056224875],[-78.5650364630691,45.21115594807537],[-78.56503330112461,45.211155723011466],[-78.56497785761053,45.21104483598789],[-78.56499560978776,45.21099157947407],[-78.5652086848098,45.21090026162014],[-78.56526504220506,45.210870797840016],[-78.56531281128159,45.21083457237787],[-78.56535038346476,45.21079280509195],[-78.5653764935434,45.21074690244755],[-78.56539026228111,45.210698410193764],[-78.56539122602635,45.21064896124317],[-78.56537122602799,45.21046896123727],[-78.5653567445096,45.21041369412316],[-78.56532631300699,45.21036174561029],[-78.56528125499528,45.210315374970584],[-78.56522353009872,45.2102765988949],[-78.56515564879146,45.21024710379951],[-78.56508056331366,45.210228172433716],[-78.56500153917457,45.21022062813942],[-78.56453153917494,45.21021062813859],[-78.56449359548417,45.210211148658395],[-78.5640835954796,45.21023114866005],[-78.56401337641236,45.210239250628476],[-78.56394650283829,45.21025638080026],[-78.56386428983424,45.21028378513869],[-78.56382686617253,45.21027658827681],[-78.56373371877912,45.21021837114921],[-78.56368281305977,45.21019153300992],[-78.56362630167484,45.21017100959588],[-78.56356574657251,45.21015736817524],[-78.56330756870955,45.210115501499715],[-78.56321227718725,45.21004506863172],[-78.56303962643977,45.20970839966448],[-78.56300885459459,45.209662474436435],[-78.56296640312695,45.20962143358216],[-78.5629137797362,45.209586734717],[-78.5628528534067,45.209559610194795],[-78.56257285340419,45.20945961019551],[-78.56248885913679,45.20943788258085],[-78.56240000000113,45.209430505418105],[-78.56221429839518,45.209430505418105],[-78.56186506087745,45.209345325536916],[-78.56179964200305,45.20933380356542],[-78.56173236853506,45.20933055909316],[-78.56166533236745,45.20933569300094],[-78.56160061802679,45.209349045649155],[-78.56131061802512,45.209429045646786],[-78.56125295707741,45.20944903869548],[-78.56120086086649,45.209475554384504],[-78.56087321300606,45.20967386756257],[-78.56066797885177,45.20972707642077],[-78.56058698622968,45.20975619123235],[-78.56003698622388,45.21001619123589],[-78.55997688457599,45.21005137691606],[-78.55992818536656,45.210094437524454],[-78.55989292177954,45.21014357529863],[-78.55987256604091,45.21019673876496],[-78.55984256604337,45.21032673875774],[-78.55983771940252,45.21037653558991],[-78.55984598643458,45.210426108220545],[-78.55986708354413,45.210473756138825],[-78.55990028701405,45.21051784482415],[-78.56015904763127,45.21079577290107],[-78.56038970277916,45.21111292374095],[-78.5604466330502,45.21117095631866],[-78.56080663304613,45.21145095631487],[-78.56086338490532,45.21148707240713],[-78.56113338490863,45.211627072409726],[-78.5611922808712,45.21165218951168],[-78.5612566123217,45.21166945764672],[-78.56221661231932,45.21185945764447],[-78.5622525376248,45.211865267480604],[-78.56320253763599,45.211985267481545],[-78.56322276903313,45.211987431011025],[-78.56379276902454,45.21203743101516],[-78.56385129897323,45.21203937691878],[-78.56433129897204,45.212029376917954],[-78.56440599140078,45.21202259206838],[-78.56447734846975,45.212005621994344],[-78.56482002518051,45.21189658849165],[-78.5652614934445,45.21193427481207],[-78.56525764073243,45.21195641763704],[-78.56526554776693,45.21201463568092],[-78.5652910896732,45.21207028063542],[-78.56543108967445,45.21229028063565],[-78.56546743168639,45.212335247648745],[-78.5656109416098,45.21247875758475],[-78.56562505808304,45.21283872755689],[-78.56545939786311,45.213067496425836],[-78.56543104035849,45.21311919641978],[-78.5652610403597,45.21355919642024],[-78.56524879724283,45.21360875284527],[-78.56524983499386,45.21365904950905],[-78.56528983499058,45.21391904951258],[-78.56529774095436,45.2139516316954],[-78.56546774095315,45.214461631692664],[-78.56548529048754,45.214500673427125],[-78.56568529048387,45.21485067342912],[-78.56572743167777,45.214905247654684],[-78.56613743168234,45.21531524765266],[-78.56618807796075,45.21535634981696],[-78.56624941142415,45.21538944033843],[-78.56631892948843,45.21541316903123],[-78.56666892948517,45.21550316903867],[-78.56677593280192,45.21551896028949],[-78.56767593280448,45.215558960283815],[-78.5677323197587,45.21555853027825],[-78.56778800388724,45.21555226069334],[-78.56804991398296,45.21550860901145],[-78.5682740346835,45.21555458248801],[-78.56842537896124,45.21563656063878],[-78.56873946966202,45.215895223553915],[-78.56881765239616,45.21594412296911],[-78.56915765239373,45.21610412297336],[-78.5692169965592,45.21612698164781],[-78.56947699656334,45.21620698164545],[-78.56958317355418,45.2162274663421],[-78.57004317354189,45.2162674663454],[-78.57010506018784,45.216269285496736],[-78.57046506019651,45.21625928549591],[-78.57053875094661,45.21625213563388],[-78.57060908327867,45.21623506634093],[-78.57067339578798,45.21620872354166],[-78.57072925482309,45.216174104069616],[-78.57077454661717,45.216132517946946],[-78.57080755732274,45.216085538833376],[-78.57082703776364,45.21603494445893],[-78.57086260288035,45.21588675644727],[-78.57088786126766,45.21587261175447],[-78.57097008870068,45.21592321325255],[-78.57119815971272,45.21620391603674],[-78.57124286575711,45.21624798228215],[-78.57129917351774,45.21628485711845],[-78.57136480787062,45.21631305061788],[-78.57143711683065,45.216331423599875],[-78.57177711682823,45.21639142359585],[-78.57184819259612,45.216399055987935],[-78.57192003925569,45.2163971772244],[-78.57278003924878,45.21631717722676],[-78.57283203239203,45.2163097239857],[-78.57320797344967,45.21623636963471],[-78.57350276317935,45.21621850358999],[-78.57358388582783,45.216207265135786],[-78.57365968495306,45.2161840009708],[-78.57372661735194,45.216149798568566],[-78.57430661735528,45.21577979856492],[-78.57433921865808,45.21575629803522],[-78.57487921865197,45.21531629804374],[-78.57490707583351,45.2152906392397],[-78.57512707584092,45.215060639238644],[-78.57514150838752,45.21504432371306],[-78.57576150838757,45.21428432371309],[-78.57579274591103,45.21423527239277],[-78.57580954555988,45.21418282709359],[-78.57581123865614,45.21412907522177],[-78.5757977578349,45.21407615618703],[-78.57576963963186,45.21402617626024],[-78.57572800322228,45.21398112471568],[-78.57567450578297,45.213942794698454],[-78.57561127661872,45.21391271179046],[-78.57554083233471,45.213892073338165],[-78.57546597675162,45.213881700805985],[-78.57538968922121,45.21388200701472],[-78.57531500613563,45.213892979792185],[-78.57431193047742,45.21411588549201],[-78.57454256831565,45.21388524766016]],[[-78.56738278120842,45.21830422120643],[-78.5673090313276,45.21826573647236],[-78.56722439525169,45.21824074281689],[-78.56703637923721,45.21820313960859],[-78.56637917673885,45.21787916654922],[-78.56628109687009,45.217844375795394],[-78.56611109687131,45.217804375801066],[-78.5660462862823,45.21779344087861],[-78.56597976616688,45.2177906019418],[-78.56544976617218,45.21780060194263],[-78.56538201106737,45.217806169826524],[-78.56531673774452,45.21782013332913],[-78.56525602333724,45.217842048116765],[-78.5651660233319,45.217882048111086],[-78.5651098507982,45.21791248302393],[-78.56506260990845,45.21794969924699],[-78.56502592257007,45.217992419034566],[-78.56500104836033,45.218039175698316],[-78.56498884129037,45.21808836395781],[-78.56494884129366,45.21843836395981],[-78.56494968495473,45.218488057135374],[-78.56496346162072,45.2185367962013],[-78.56498970278369,45.21858292373892],[-78.56522970277673,45.21891292373927],[-78.56526816783496,45.218955463315815],[-78.56531720753989,45.21899220591112],[-78.56537510378679,45.21902186423939],[-78.5654398282099,45.21904339923728],[-78.56550911318011,45.21905605642777],[-78.56558053131727,45.21905939236649],[-78.56560589822773,45.21905721367345],[-78.56601864000328,45.21926050440752],[-78.56614821626285,45.219527279046794],[-78.56617514127208,45.21957013063519],[-78.5662121927761,45.2196090469289],[-78.56629219278229,45.21967904692571],[-78.56635080156767,45.21972025964567],[-78.5664206233795,45.219751615897614],[-78.56649838514987,45.219771645795205],[-78.5669298498839,45.219846683148866],[-78.56741272589917,45.21998870550171],[-78.56749930273459,45.22000607794014],[-78.56758924317585,45.22000870538658],[-78.5679592431837,45.21998870538493],[-78.56803169874048,45.21997978896793],[-78.56810039175349,45.219961261134344],[-78.56816278076195,45.21993380733467],[-78.56821655757763,45.21989844330298],[-78.56825973259667,45.21985647739058],[-78.568459732593,45.21961647739768],[-78.56848742686235,45.21957578098443],[-78.56850509558866,45.219532397979656],[-78.5685538299655,45.21935912015686],[-78.56856054803798,45.21935732867363],[-78.56864044806112,45.21936620645409],[-78.56871754295074,45.21936921083363],[-78.56879392258686,45.21936123908498],[-78.56935392257911,45.2192612390857],[-78.56942413522214,45.21924340600915],[-78.56948809548369,45.2192163009175],[-78.56954336694639,45.21918095631638],[-78.5698133669497,45.21897095631697],[-78.56985557128945,45.21893135238088],[-78.56988677865483,45.21888697390802],[-78.5699059349284,45.21883931990815],[-78.56991239306284,45.21879000000055],[-78.56991239306284,45.21869542291504],[-78.57002256833003,45.218585247644626],[-78.57005719952816,45.218542930598744],[-78.57008042233525,45.21849690284598],[-78.57016042234142,45.21827690284575],[-78.57017225266499,45.218217302258715],[-78.57018225266417,45.21795730226416],[-78.57017430304383,45.21789485887756],[-78.57014609627856,45.21783539970331],[-78.56998609627895,45.21759539970143],[-78.56994885529916,45.21755110424189],[-78.56990034095129,45.217512608548375],[-78.56984232402115,45.217481317747676],[-78.56977692217599,45.21745837396684],[-78.56940692216814,45.21735837396755],[-78.56934264193282,45.217345412769205],[-78.56890264193072,45.21728541276424],[-78.56882999999556,45.21728050541157],[-78.5687573580604,45.21728541276424],[-78.56853735806573,45.21731541276672],[-78.56847567684132,45.21732767915413],[-78.56841776881672,45.21734703335693],[-78.56780776881584,45.21759703335964],[-78.56775338263132,45.21762404137933],[-78.56770646198302,45.21765728411135],[-78.56766842723171,45.21769575525391],[-78.56764042973741,45.21773829020413],[-78.56745042974028,45.2181082901988],[-78.5674306246859,45.21816620966963],[-78.56742936067289,45.21822578054938],[-78.56744578470979,45.218346223536535],[-78.56738278120842,45.21830422120643]],[[-78.5769581936677,45.209221439271346],[-78.57687872950893,45.209232167060264],[-78.57680424677181,45.20925443765261],[-78.57673807993659,45.20928725404419],[-78.57668319121112,45.20932914707628],[-78.57649319121397,45.2095091470732],[-78.57645380941938,45.20955554126674],[-78.57642835937666,45.20960654163477],[-78.57641786527466,45.20966009575146],[-78.57642274940278,45.20971404844166],[-78.57644281523648,45.2097662284953],[-78.57647725525084,45.209814536019536],[-78.57652468347494,45.209857026988246],[-78.57658319127032,45.20989199143133],[-78.57665042408992,45.209918022272646],[-78.57672367629893,45.209934071950805],[-78.5768000000037,45.2099394945861],[-78.57705999999509,45.2099394945861],[-78.57713694408163,45.209933982514535],[-78.57721074065263,45.20991767177697],[-78.5772783709061,45.20989122960607],[-78.57733706831745,45.2098557376453],[-78.57738443176417,45.209812647760806],[-78.57741852377535,45.209763722626846],[-78.57751852377987,45.209573722629095],[-78.57753785191362,45.20952140949005],[-78.57754197688955,45.20946743020074],[-78.5775307327363,45.20941395666293],[-78.57750457188862,45.209363140431556],[-78.57746454692165,45.2093170261351],[-78.57741226829648,45.20927746921682],[-78.57734983945541,45.20924606126683],[-78.57727977228744,45.20922406602608],[-78.57720488598544,45.20921236846988],[-78.5771281936665,45.20921143927052],[-78.5769581936677,45.209221439271346]],[[-78.56377890583575,45.21671561446973],[-78.56401015552835,45.21659032076868],[-78.56410015553371,45.21655032077436],[-78.5645049183084,45.21640422218117],[-78.56459918625369,45.2163840560361],[-78.56436621120359,45.216194984357365],[-78.56395621119903,45.21578498435939],[-78.56367526989777,45.215421156194964],[-78.56347526990146,45.21507115619297],[-78.56335827298423,45.214810877945254],[-78.56318827298546,45.21430087794799],[-78.56313556658992,45.21408366340786],[-78.5630955665932,45.21382366340433],[-78.56308919053306,45.21351463338851],[-78.56295512686543,45.21350287341736],[-78.56282025089297,45.21348844989648],[-78.56187025088178,45.21336844989554],[-78.56163074884098,45.21332971765764],[-78.56087276863984,45.21317970074793],[-78.56112063119504,45.21335762949032],[-78.56140068090863,45.2136633095447],[-78.5614666648835,45.21375443028131],[-78.56166795557111,45.213916444730636],[-78.56197318140651,45.2142207937872],[-78.56211472343328,45.21445191374487],[-78.56211577454258,45.21445276776423],[-78.56220005791188,45.2145366021398],[-78.56232522373911,45.21461299274255],[-78.5626122037406,45.214864539329774],[-78.56283068864298,45.2151482148728],[-78.56300565837493,45.215433998761796],[-78.56306374134437,45.21548743510037],[-78.5633233235331,45.2157810088112],[-78.563498265771,45.216104200129664],[-78.56358208316887,45.21644502874583],[-78.56357681641825,45.21661992127239],[-78.56377890583575,45.21671561446973]],[[-78.56257373919223,45.20790217022013],[-78.56267084913374,45.20792585556922],[-78.56299239425584,45.207952550535026],[-78.56355235602152,45.208097401260495],[-78.56383235602401,45.20819740125978],[-78.5642385315881,45.20837823140782],[-78.56458935417605,45.208609557223426],[-78.56466811640138,45.208685702271694],[-78.56506692776343,45.208694187623124],[-78.56559375541255,45.20874448291247],[-78.5660943252901,45.20887069201476],[-78.56654686726199,45.209067326016985],[-78.5668477442176,45.209269436813926],[-78.56686564580853,45.20926621950672],[-78.56694419664699,45.20925956265809],[-78.56746675591005,45.209049461508386],[-78.56793323340676,45.20890337524008],[-78.56843165683559,45.208825715201044],[-78.5689420421949,45.20881959514071],[-78.56928204219247,45.208839595142365],[-78.56995495083575,45.20894509365765],[-78.5701849508296,45.209005093662604],[-78.57059398256395,45.209142021193365],[-78.57094064581159,45.20931692372716],[-78.57170044027662,45.20951653074873],[-78.57188285704972,45.209584597005104],[-78.57204130511982,45.20953346823188],[-78.57242115771433,45.20945810194211],[-78.57306115771274,45.20936810193467],[-78.57351104067624,45.209333700789166],[-78.57396246634082,45.20935590051342],[-78.57429373141017,45.209393226160266],[-78.57432239584895,45.20924694421194],[-78.57438481651957,45.20912185695273],[-78.574357778322,45.209107506186406],[-78.57409111457068,45.20900410595597],[-78.57349975143886,45.208687861776724],[-78.57285975144045,45.20822786177461],[-78.57272703477786,45.20812476953157],[-78.5724770347729,45.20791476953217],[-78.57225727114813,45.207699766231045],[-78.57208476967415,45.2074643207146],[-78.57197056022389,45.20727543586748],[-78.57163642395625,45.20726825014471],[-78.57086871870926,45.2073002378584],[-78.5702420647003,45.20735373271324],[-78.56936582526419,45.20748649625621],[-78.5689332652162,45.207525155955146],[-78.56858326521946,45.20753515595597],[-78.56825480556405,45.20752960702653],[-78.56777480556525,45.207499607024054],[-78.56732398459157,45.20744231013961],[-78.56689499224535,45.20732907671651],[-78.56644591030609,45.207176845549455],[-78.56609268356198,45.20709274395203],[-78.56575487124785,45.20703965916016],[-78.56532659730348,45.20706181125574],[-78.56479787637532,45.20705037784016],[-78.56428388559753,45.206962290139344],[-78.5638067548723,45.20680134078652],[-78.56343675486447,45.20664134079125],[-78.56342517655067,45.20663493493191],[-78.5631537888047,45.206994984342074],[-78.56285060920554,45.207298163944856],[-78.56268148894024,45.20753963184781],[-78.5624257745426,45.2077872322348],[-78.5623358744693,45.2078602760382],[-78.56257373919223,45.20790217022013]],[[-78.57796030369421,45.21436884728513],[-78.5778645527394,45.214667763636285],[-78.57794418803182,45.21464818053377],[-78.57851000000345,45.214603369432275],[-78.5787662750148,45.214603369432275],[-78.57876038129253,45.214416764536296],[-78.57837764393751,45.21431259872564],[-78.57796669835139,45.21416583245063],[-78.57796030369421,45.21436884728513]],[[-78.57257271710091,45.21791527318222],[-78.57270339395144,45.21786468859941],[-78.57233564761533,45.217898897559344],[-78.57234835106972,45.2179986817294],[-78.57234719713493,45.21802868373513],[-78.57257271710091,45.21791527318222]]],[[[-78.57154764810579,45.214693121351985],[-78.57136825923568,45.21476171120939],[-78.57123972196355,45.214689409001195],[-78.5712281005923,45.214671529957855],[-78.57160552106495,45.2146757706438],[-78.57154764810579,45.214693121351985]]]]}},{"type":"Feature","properties":{"lake":"Little Redstone Lake","lake_part":3,"zone":"transit","label":"200\u2013300 m \u00b7 well-trimmed planing transit","min_m":200,"max_m":300},"geometry":{"type":"MultiPolygon","coordinates":[[[[-78.56358208316887,45.21644502874583],[-78.563498265771,45.216104200129664],[-78.5633233235331,45.2157810088112],[-78.56306374134437,45.21548743510037],[-78.56300565837493,45.215433998761796],[-78.56283068864298,45.2151482148728],[-78.5626122037406,45.214864539329774],[-78.56232522373911,45.21461299274255],[-78.56220005791188,45.2145366021398],[-78.56211577454258,45.21445276776423],[-78.56211472343328,45.21445191374487],[-78.56197318140651,45.2142207937872],[-78.56166795557111,45.213916444730636],[-78.5614666648835,45.21375443028131],[-78.56140068090863,45.2136633095447],[-78.56112063119504,45.21335762949032],[-78.56087276863984,45.21317970074793],[-78.56163074884098,45.21332971765764],[-78.56187025088178,45.21336844989554],[-78.56282025089297,45.21348844989648],[-78.56295512686543,45.21350287341736],[-78.56308919053306,45.21351463338851],[-78.5630955665932,45.21382366340433],[-78.56313556658992,45.21408366340786],[-78.56318827298546,45.21430087794799],[-78.56335827298423,45.214810877945254],[-78.56347526990146,45.21507115619297],[-78.56367526989777,45.215421156194964],[-78.56395621119903,45.21578498435939],[-78.56436621120359,45.216194984357365],[-78.56459918625369,45.2163840560361],[-78.5645049183084,45.21640422218117],[-78.56410015553371,45.21655032077436],[-78.56401015552835,45.21659032076868],[-78.56377890583575,45.21671561446973],[-78.56357681641825,45.21661992127239],[-78.56358208316887,45.21644502874583]]],[[[-78.5624257745426,45.2077872322348],[-78.56268148894024,45.20753963184781],[-78.56285060920554,45.207298163944856],[-78.5631537888047,45.206994984342074],[-78.56342517655067,45.20663493493191],[-78.56343675486447,45.20664134079125],[-78.5638067548723,45.20680134078652],[-78.56428388559753,45.206962290139344],[-78.56479787637532,45.20705037784016],[-78.56532659730348,45.20706181125574],[-78.56575487124785,45.20703965916016],[-78.56609268356198,45.20709274395203],[-78.56644591030609,45.207176845549455],[-78.56689499224535,45.20732907671651],[-78.56732398459157,45.20744231013961],[-78.56777480556525,45.207499607024054],[-78.56825480556405,45.20752960702653],[-78.56858326521946,45.20753515595597],[-78.5689332652162,45.207525155955146],[-78.56936582526419,45.20748649625621],[-78.5702420647003,45.20735373271324],[-78.57086871870926,45.2073002378584],[-78.57163642395625,45.20726825014471],[-78.57197056022389,45.20727543586748],[-78.57208476967415,45.2074643207146],[-78.57225727114813,45.207699766231045],[-78.5724770347729,45.20791476953217],[-78.57272703477786,45.20812476953157],[-78.57285975144045,45.20822786177461],[-78.57349975143886,45.208687861776724],[-78.57409111457068,45.20900410595597],[-78.574357778322,45.209107506186406],[-78.57438481651957,45.20912185695273],[-78.57432239584895,45.20924694421194],[-78.57429373141017,45.209393226160266],[-78.57396246634082,45.20935590051342],[-78.57351104067624,45.209333700789166],[-78.57306115771274,45.20936810193467],[-78.57242115771433,45.20945810194211],[-78.57204130511982,45.20953346823188],[-78.57188285704972,45.209584597005104],[-78.57170044027662,45.20951653074873],[-78.57094064581159,45.20931692372716],[-78.57059398256395,45.209142021193365],[-78.5701849508296,45.209005093662604],[-78.56995495083575,45.20894509365765],[-78.56928204219247,45.208839595142365],[-78.5689420421949,45.20881959514071],[-78.56843165683559,45.208825715201044],[-78.56793323340676,45.20890337524008],[-78.56746675591005,45.209049461508386],[-78.56694419664699,45.20925956265809],[-78.56686564580853,45.20926621950672],[-78.5668477442176,45.209269436813926],[-78.56654686726199,45.209067326016985],[-78.5660943252901,45.20887069201476],[-78.56559375541255,45.20874448291247],[-78.56506692776343,45.208694187623124],[-78.56466811640138,45.208685702271694],[-78.56458935417605,45.208609557223426],[-78.5642385315881,45.20837823140782],[-78.56383235602401,45.20819740125978],[-78.56355235602152,45.208097401260495],[-78.56299239425584,45.207952550535026],[-78.56267084913374,45.20792585556922],[-78.56257373919223,45.20790217022013],[-78.5623358744693,45.2078602760382],[-78.5624257745426,45.2077872322348]],[[-78.57124097384195,45.20836803178337],[-78.57152095027628,45.20850928870871],[-78.57150055215577,45.208492154296884],[-78.57118843726718,45.20818680015128],[-78.57098307807036,45.208195356784024],[-78.57077756409356,45.20821290066593],[-78.57124097384195,45.20836803178337]]],[[[-78.57837764393751,45.21431259872564],[-78.57876038129253,45.214416764536296],[-78.5787662750148,45.214603369432275],[-78.57851000000345,45.214603369432275],[-78.57794418803182,45.21464818053377],[-78.5778645527394,45.214667763636285],[-78.57796030369421,45.21436884728513],[-78.57796669835139,45.21416583245063],[-78.57837764393751,45.21431259872564]]],[[[-78.57234835106972,45.2179986817294],[-78.57233564761533,45.217898897559344],[-78.57270339395144,45.21786468859941],[-78.57257271710091,45.21791527318222],[-78.57234719713493,45.21802868373513],[-78.57234835106972,45.2179986817294]]]]}},{"type":"Feature","properties":{"lake":"Little Redstone Lake","lake_part":3,"zone":"water-sports","label":"300m+ \u00b7 acceptable water-sports zone","min_m":300,"max_m":null},"geometry":{"type":"Polygon","coordinates":[[[-78.57077756409376,45.208212900663426],[-78.57098307807058,45.20819535678583],[-78.57118843726363,45.20818680015398],[-78.57150055215587,45.208492154296295],[-78.57152095027087,45.208509288712506],[-78.57124097384668,45.208368031784744],[-78.57077756409376,45.208212900663426]]]}},{"type":"Feature","properties":{"lake":"Burdock Lake","lake_part":4,"zone":"no-wake","label":"0\u201330 m \u00b7 legal speed zone","min_m":0,"max_m":30},"geometry":{"type":"Polygon","coordinates":[[[-78.58472999575781,45.16990999613758],[-78.58491000091807,45.170099998803316],[-78.58496999838935,45.17028000321995],[-78.5853800002294,45.17043000390609],[-78.586370003118,45.170490002383914],[-78.58661000574955,45.17056999735997],[-78.58688999394884,45.17076999827483],[-78.58695999737188,45.170550000861745],[-78.58721999916051,45.170450000404315],[-78.58795000026048,45.1707900037562],[-78.58847999704308,45.17086999873225],[-78.5887599979888,45.17106999964711],[-78.58885999377426,45.17127999881108],[-78.58903999893454,45.17147000147682],[-78.58960999403132,45.171699997139015],[-78.59037000024014,45.17221999592438],[-78.59072999781424,45.17259000300675],[-78.59098999960288,45.17292999737549],[-78.59098999960288,45.173150003771724],[-78.59085999870855,45.17332000095609],[-78.59065000118586,45.173349995703425],[-78.59005000098023,45.17322000049866],[-78.58946999993168,45.17321000224955],[-78.58866999540868,45.17332000095609],[-78.58706000590378,45.1736399988266],[-78.58659999979778,45.173699997304425],[-78.58592000296377,45.173909996468396],[-78.5853800002294,45.17398000217849],[-78.5850400018124,45.17397000392938],[-78.58493000007518,45.17388999997017],[-78.5846800042383,45.17402000415809],[-78.58440000329257,45.17397000392938],[-78.58432999986952,45.17387000347195],[-78.58442000244966,45.173649997075714],[-78.58421000492697,45.17358000034877],[-78.5837100005068,45.17373999928403],[-78.58282999935543,45.173410003164406],[-78.58226999746397,45.173300004457865],[-78.58228999662106,45.173160002020836],[-78.58264000098983,45.17296999935509],[-78.5829700062015,45.172860000648555],[-78.5835200021412,45.17249000254933],[-78.5836900013497,45.1724300040715],[-78.58406000487557,45.1720400004909],[-78.5844099964979,45.17198000201307],[-78.58489000176098,45.1720800024705],[-78.58523000017799,45.171739999118614],[-78.58560999690918,45.17167000239168],[-78.5862699945861,45.17163000041208],[-78.58648999806056,45.17157000193425],[-78.58648000485523,45.171449995995445],[-78.58631999885205,45.17132999903979],[-78.58633000480381,45.1710199994184],[-78.58626000138078,45.170900002462744],[-78.58560999690918,45.170600001090456],[-78.5850400018124,45.170400000175604],[-78.58462999997235,45.17013000253381],[-78.58459000165816,45.17005999682372],[-78.58472999575781,45.16990999613758]],[[-78.58678000495804,45.17212000445011],[-78.58682999647756,45.17224999965487],[-78.58721999916051,45.17231999638181],[-78.58729000258356,45.17219000117704],[-78.58697999652897,45.17197000376396],[-78.5868800007435,45.1719599965317],[-78.58678000495804,45.17212000445011]],[[-78.59060760654184,45.1729979998425],[-78.59040307723993,45.17273052646665],[-78.59007623314422,45.17239461044931],[-78.58937820010415,45.1719170031622],[-78.58885000056894,45.17170387786104],[-78.58877905390969,45.17166699303548],[-78.58872197537211,45.17161964283685],[-78.58854197021184,45.171429640171105],[-78.58849747240596,45.17136574300495],[-78.58842563349623,45.17121487993613],[-78.58828811220505,45.17111664017666],[-78.58786991440707,45.171053515561645],[-78.58780197590654,45.171038486746944],[-78.5877391742195,45.17101483410551],[-78.58727306257096,45.1707977382508],[-78.5872631330978,45.17082896369008],[-78.5872398835997,45.17087873933997],[-78.58720340330167,45.170924409689015],[-78.58715508156519,45.17096423200556],[-78.58709672838407,45.17099671508623],[-78.58703056163807,45.17102062823909],[-78.58695909237497,45.17103506416571],[-78.58688499734617,45.17103947489375],[-78.58681109351392,45.171033698726475],[-78.58674017234752,45.17101795125955],[-78.58671002702788,45.17100634502608],[-78.58671229589338,45.171026125928634],[-78.58670584619708,45.1712258393826],[-78.58675866742524,45.171265455086626],[-78.5867997746793,45.17130222313121],[-78.58683123288179,45.1713434468196],[-78.58685209879648,45.1713878864767],[-78.58686173510162,45.17143420361275],[-78.58687174105339,45.1715542005684],[-78.58686801909427,45.171610641717706],[-78.58684768852986,45.17166529521959],[-78.58682698831882,45.17169427487065],[-78.5868630607309,45.17169077144105],[-78.58693372696858,45.171693178926006],[-78.58703372275404,45.17170317717512],[-78.5871136046645,45.171717487337595],[-78.58718727906093,45.17174353848084],[-78.58725132989865,45.1717800999129],[-78.58756133595324,45.172000106309135],[-78.58760750354215,45.17203980286154],[-78.58764214835347,45.172084961170874],[-78.58766402123656,45.172133919353854],[-78.58767231916599,45.17218492569569],[-78.58766676172016,45.17223610271743],[-78.58764751460276,45.172285617855884],[-78.58757751117972,45.17241561306065],[-78.58754174468207,45.17246563125567],[-78.58749208456989,45.172509361243705],[-78.58743067224428,45.17254490757949],[-78.58736014621739,45.17257074312707],[-78.58728357838014,45.17258574499231],[-78.58720425731283,45.17258926638822],[-78.58712562455305,45.17258115460121],[-78.58673562187009,45.17251115787427],[-78.58665998452263,45.17249139493802],[-78.58659191855776,45.17246088815097],[-78.58653444488068,45.172421002952355],[-78.5864901255249,45.17237350004013],[-78.58646092344148,45.17232050842152],[-78.58641091917553,45.172190504233605],[-78.58639787957215,45.172130281176955],[-78.58640436750775,45.17206953709744],[-78.58643005157502,45.17201136219965],[-78.58653004736048,45.17185136326439],[-78.58653338692655,45.1718471321994],[-78.58640800024183,45.171881331062266],[-78.58630276567143,45.1718985068505],[-78.58567520767252,45.17193654151963],[-78.58546201079456,45.171975806880695],[-78.58520256984907,45.17223524931791],[-78.58515051340703,45.17227728149005],[-78.58508729108762,45.17231085153222],[-78.58501561788154,45.172334540106256],[-78.58493856567974,45.1723473141496],[-78.58485942306254,45.172348634673064],[-78.58478159332817,45.17233843879459],[-78.5844003346999,45.17225900975717],[-78.5842951001295,45.17227704792808],[-78.58400788470134,45.17257978916198],[-78.5839667137151,45.17261600025108],[-78.58391734677092,45.172646695684335],[-78.583861224216,45.17267096816332],[-78.58374252940985,45.17271285660501],[-78.58323403586371,45.17305494404836],[-78.58318654264554,45.17308212706886],[-78.58313349198153,45.173103614770454],[-78.58296544297764,45.17315963371157],[-78.58300962212263,45.17317208436141],[-78.5837233715175,45.173439746383465],[-78.5840519108891,45.173334616545766],[-78.58413058188819,45.1733163807455],[-78.58421297484641,45.17331051474669],[-78.58429524034028,45.17331728804393],[-78.58437350345343,45.17333637724372],[-78.58458350097612,45.173406382953814],[-78.5846493363148,45.17343435649176],[-78.58470590499496,45.17347104368796],[-78.58475092540469,45.1735149623222],[-78.58478256205727,45.17356434271337],[-78.58479955305562,45.17361718161838],[-78.58480017763095,45.173637959650904],[-78.58484462445108,45.17362730563163],[-78.58492239045326,45.173620559283854],[-78.58500047511632,45.1736251227255],[-78.58507558985994,45.173640807310356],[-78.58514461180746,45.173666948285124],[-78.58520460927873,45.173702458688304],[-78.58520840771648,45.17370522549938],[-78.58535305426503,45.173709474530675],[-78.58580717151789,45.17365060793011],[-78.58644651996951,45.17345316721381],[-78.58653040426067,45.17343500327876],[-78.5869731262003,45.1733772595723],[-78.58856620118547,45.17306062140096],[-78.58859677988391,45.17305549202068],[-78.58939677166049,45.17294549331414],[-78.58947935581524,45.17294058851269],[-78.59005935686379,45.1729505867618],[-78.59016237355443,45.17296239960779],[-78.59060760654184,45.17305886968615],[-78.59060760654184,45.1729979998425]]]}},{"type":"Feature","properties":{"lake":"Burdock Lake","lake_part":4,"zone":"no-sports","label":"30\u2013200 m \u00b7 not suitable for water sports","min_m":30,"max_m":200},"geometry":{"type":"Polygon","coordinates":[[[-78.59060760693697,45.17305887200716],[-78.59016237017534,45.1729624040411],[-78.59005935215359,45.17295058602027],[-78.58947935215025,45.172940586028425],[-78.58939677482397,45.1729454926328],[-78.58859677482596,45.17305549263291],[-78.58856620525891,45.17306062309065],[-78.58697312418549,45.1733772603231],[-78.58653040952319,45.173435005709905],[-78.58644652450995,45.17345316386336],[-78.58580717509274,45.17365061000406],[-78.58535304928627,45.17370947816214],[-78.58520841376725,45.17370522417973],[-78.58520460996422,45.17370245777738],[-78.58514460783466,45.17366694888653],[-78.58507559595128,45.1736408042185],[-78.58500047159916,45.17362512138943],[-78.58492238867952,45.173620558802256],[-78.58484462530139,45.17362730800537],[-78.58480017781648,45.173637960213064],[-78.58479954741492,45.173617183585286],[-78.58478256282142,45.17356434172931],[-78.58475092370536,45.17351496211782],[-78.58470590889655,45.173471040638404],[-78.58464933786048,45.17343435256496],[-78.58458349715683,45.17340638080245],[-78.58437349714859,45.173336380796655],[-78.58429523638007,45.173317285699234],[-78.58421297747985,45.17331051358289],[-78.5841305789165,45.1733163821032],[-78.5840519057097,45.17333461598902],[-78.5837233761527,45.17343974545065],[-78.58300962479944,45.1731720886903],[-78.58296544294221,45.173159637272626],[-78.58313349714345,45.17310361920521],[-78.58318653739465,45.17308212293026],[-78.58323403388532,45.17305493989487],[-78.58374253121717,45.172712859871865],[-78.58386122951511,45.17267096635745],[-78.58391734137908,45.17264669487874],[-78.58396671402963,45.172615999787155],[-78.58400788388442,45.17257979099522],[-78.584295099773,45.17227704991535],[-78.5844003355759,45.17225900949369],[-78.58478159806765,45.17233843917911],[-78.58485942614254,45.17234863181283],[-78.58493856444493,45.172347312364145],[-78.58501562154233,45.17233453737737],[-78.58508729519124,45.172310854318184],[-78.58515051385316,45.17227727811228],[-78.5852025683239,45.17223524765124],[-78.58546200534475,45.17197581062762],[-78.5856752016582,45.171936537623715],[-78.58630276318735,45.17189850358905],[-78.58640800542248,45.17188133193158],[-78.58653338875254,45.171847136479386],[-78.58653005103422,45.17185136623542],[-78.5864300510297,45.17201136623967],[-78.58640437111077,45.17206953523823],[-78.58639788540421,45.17213028292933],[-78.58641092532226,45.172190505174534],[-78.58646092531815,45.17232050516732],[-78.58649012338236,45.17237350035449],[-78.58653444600277,45.17242099975868],[-78.58659192081666,45.172460889649834],[-78.58665999018687,45.1724913949223],[-78.58673562501704,45.172511158087225],[-78.58712562502323,45.17258115809302],[-78.58720426258583,45.17258926626361],[-78.58728357993296,45.17258574336069],[-78.58736015091726,45.172570741557614],[-78.58743066802171,45.172544908863784],[-78.58749208522923,45.17250936113367],[-78.5875417495968,45.17246563386697],[-78.58757751585041,45.17241561588201],[-78.58764751584467,45.17228561588024],[-78.58766675537768,45.17223610558988],[-78.58767232517968,45.172184922460744],[-78.58766402316279,45.17213392355884],[-78.58764215054721,45.17208495926588],[-78.58760750093215,45.17203980614234],[-78.58756133150183,45.17200010246885],[-78.5872513315018,45.171780102468624],[-78.58718728472648,45.17174353513627],[-78.58711360665755,45.17171749028471],[-78.58703372067846,45.17170317806392],[-78.58693372068667,45.171693178063094],[-78.58686306105751,45.17169076995073],[-78.58682698523242,45.17169427363025],[-78.5868476897353,45.17166529232077],[-78.58686802024741,45.17161063921514],[-78.5868717352864,45.171554199856686],[-78.58686173528721,45.171434199855746],[-78.58685209764037,45.17138788607161],[-78.58683123414524,45.1713434462084],[-78.58679977423452,45.17130222097647],[-78.58675866702521,45.1712654541037],[-78.58670585177931,45.17122584266887],[-78.58671229427961,45.17102612514421],[-78.586710030752,45.17100634241353],[-78.58674017385475,45.171017947238916],[-78.58681109286724,45.17103369453985],[-78.58688499537254,45.17103947150339],[-78.58695908710384,45.17103505970152],[-78.5870305666396,45.17102062594525],[-78.58709673132587,45.17099671597747],[-78.58715507946414,45.17096423383831],[-78.58720340490092,45.17092440768321],[-78.58723988044288,45.17087874334617],[-78.58726312694328,45.17082896740389],[-78.58727306224223,45.170797742176],[-78.5877391684808,45.17101483275249],[-78.58780197562855,45.17103848417215],[-78.58786991618334,45.17105351829231],[-78.58828810718646,45.17111664146135],[-78.5884256363531,45.17121487657881],[-78.58849747724862,45.171365742471394],[-78.58854197642484,45.171429643650804],[-78.58872197643555,45.171619643657536],[-78.58877905339516,45.171666993832275],[-78.5888499996057,45.17170387383136],[-78.58937819725692,45.17191700621281],[-78.5900762303727,45.17239460782401],[-78.59040307376296,45.172730530196304],[-78.59060760693697,45.1729979966513],[-78.59060760693697,45.17305887200716]]]}},{"type":"Feature","properties":{"lake":"Bitter Lake","lake_part":5,"zone":"no-wake","label":"0\u201330 m \u00b7 legal speed zone","min_m":0,"max_m":30},"geometry":{"type":"Polygon","coordinates":[[[-78.57802000450495,45.1768799974776],[-78.57772000440212,45.17672999679146],[-78.57735999408159,45.176209998006094],[-78.57723999913904,45.17599000059301],[-78.57701000245926,45.17593000211518],[-78.57684000325075,45.17573999944944],[-78.57682000409366,45.17537000135022],[-78.57665000488515,45.17498999601873],[-78.57643000141071,45.174659999899106],[-78.5764500005678,45.17441999700465],[-78.57618999877916,45.17385999623968],[-78.57613000130789,45.17357000209966],[-78.57603000552243,45.1732899972256],[-78.57583000120506,45.173150003771724],[-78.5756299968877,45.17292999737549],[-78.57532999678489,45.1727400036929],[-78.57517999673347,45.17255999927627],[-78.57498000516254,45.17245999881884],[-78.57472999657924,45.172450000569725],[-78.57431000153386,45.172259997903986],[-78.57397000311686,45.17233000361407],[-78.57376000559417,45.17231999638181],[-78.57303999769954,45.17214000094833],[-78.57284999933394,45.17241999683924],[-78.57258000433998,45.17234000186318],[-78.5728800044428,45.17221999592438],[-78.5728600052857,45.1720800024705],[-78.57266999417368,45.17207000422139],[-78.57230000339425,45.172149999197444],[-78.5718900015542,45.17216999569567],[-78.57161000060847,45.17214000094833],[-78.57136000477159,45.17218000292793],[-78.57102999955993,45.1723099981327],[-78.57078999692838,45.17231999638181],[-78.57041000019719,45.17224000140576],[-78.56992000172878,45.17221999592438],[-78.5696700058919,45.172149999197444],[-78.56950999988872,45.1720400004909],[-78.56928999641427,45.17167000239168],[-78.56907999889158,45.17158000018336],[-78.56778000269483,45.171489997975044],[-78.56742000512074,45.171349995538016],[-78.5669500058094,45.171260002312856],[-78.5664899997034,45.17122000033325],[-78.56603999954918,45.17122000033325],[-78.565199996712,45.17132999903979],[-78.56498999918931,45.17127000056197],[-78.56489000340385,45.171100003377596],[-78.56483000593256,45.170709999797],[-78.56497000003222,45.17054000261263],[-78.56530999844922,45.17033000344866],[-78.56626999622897,45.169949998117175],[-78.56675000149205,45.16968999872449],[-78.56740000596365,45.169449995830036],[-78.56770000606646,45.16922999841695],[-78.56791999679449,45.16900000275476],[-78.56825999521149,45.168989995522494],[-78.5684099952629,45.169089995979924],[-78.56842000121466,45.16921000191873],[-78.56827000116326,45.169549996287465],[-78.56834999779161,45.169949998117175],[-78.56864999789444,45.170090000554204],[-78.56896000394903,45.1701200042847],[-78.56922000573766,45.170090000554204],[-78.56952000584049,45.1701200042847],[-78.56994000088586,45.17025999773857],[-78.57022000183159,45.17029000146906],[-78.57061000451455,45.17023000299123],[-78.57097999529397,45.17002000382727],[-78.57121999792551,45.16993000161895],[-78.57185999644534,45.169849997659746],[-78.57243000428856,45.16990999613758],[-78.5730700028084,45.17014000078292],[-78.57348999785377,45.17041999667383],[-78.57382999627077,45.17050000063303],[-78.57436000579982,45.17039000192649],[-78.57493999410192,45.1703199962164],[-78.57534000273665,45.17007000405598],[-78.5756499960448,45.16993000161895],[-78.57586999951926,45.169899997888464],[-78.57620999793626,45.17004000032549],[-78.57675000067061,45.16993999986806],[-78.57697000414507,45.16997000359855],[-78.57725999829613,45.17018000276252],[-78.57763999502733,45.170199999260745],[-78.57834000376486,45.17050999888214],[-78.57823999523296,45.17065999956829],[-78.57793000192481,45.170760000025716],[-78.57778999507873,45.17089000421363],[-78.57770000524503,45.17121000208414],[-78.57806000281913,45.17142999949722],[-78.57881999628151,45.17168000064079],[-78.57947999395843,45.171739999118614],[-78.58005999500699,45.1717300008695],[-78.5803100035903,45.17194000003347],[-78.58040000617042,45.17210999721784],[-78.5806500020073,45.1723900020919],[-78.58089000463885,45.17254000277804],[-78.58121999710409,45.172650001484584],[-78.581539996364,45.173050003314295],[-78.58159000062994,45.17325000422915],[-78.58136000395017,45.17332000095609],[-78.58078000290162,45.173200004000435],[-78.5801899959013,45.1733299992052],[-78.57988999579848,45.17363000057749],[-78.57984000427896,45.17377000301452],[-78.57999000433038,45.17408000263591],[-78.5801899959013,45.17424000157117],[-78.58080999526403,45.17459000317217],[-78.58123999626117,45.1748899955613],[-78.58145999973563,45.174969999520506],[-78.58198999651823,45.17506999997793],[-78.58228999662106,45.17508999647615],[-78.5827199976182,45.174969999520506],[-78.58290999598378,45.175150003937134],[-78.58314000541,45.17522999891319],[-78.58365000303552,45.175210002414964],[-78.5838600005582,45.17528999739101],[-78.58401000060961,45.175610004244675],[-78.58442999565499,45.175949998613405],[-78.58476000086667,45.17611999579778],[-78.58487999580922,45.176309998463516],[-78.58485999665213,45.17645000090055],[-78.5846600050812,45.17657999610531],[-78.58367999539793,45.17635000044312],[-78.58344999871815,45.17626999648392],[-78.58314000541,45.17606999556906],[-78.58296000024974,45.176109997548664],[-78.58264000098983,45.17629000196529],[-78.58241999751537,45.17649000288015],[-78.58170999557251,45.1765299958766],[-78.58144999378386,45.17664000356629],[-78.58149999804982,45.17679000425243],[-78.58102999873849,45.17701999991463],[-78.58076999694985,45.17701999991463],[-78.5803799942669,45.17692999770631],[-78.57971999658997,45.17661999808492],[-78.57941999648716,45.17641999717006],[-78.57930999474993,45.17647999564789],[-78.57881000307619,45.17654000310886],[-78.57864999707301,45.17669000379501],[-78.5784999970216,45.176969999685916],[-78.57802000450495,45.1768799974776]],[[-78.58420434550968,45.176167570575224],[-78.58414159480836,45.176126957741225],[-78.58372158701654,45.17578695438934],[-78.583677713786,45.175743368131755],[-78.58364690565172,45.17569453571291],[-78.58354817176335,45.17548390772824],[-78.58316124097132,45.17549908027339],[-78.58309582626502,45.1754976878847],[-78.58303171169511,45.175488462186735],[-78.58297075824119,45.17547166369092],[-78.58274076156141,45.175391668714866],[-78.58266517519968,45.175357011711206],[-78.58260318928448,45.175310856271906],[-78.58258818673005,45.17529663594096],[-78.58243078099969,45.17534056355836],[-78.58234387580336,45.175356805098694],[-78.58225398794114,45.175358296302065],[-78.58195398783832,45.17533829980384],[-78.58189110967265,45.17533032276412],[-78.58136111289005,45.17523032230669],[-78.5812846597707,45.17520949037525],[-78.58106465629626,45.1751294953992],[-78.5810152256199,45.17510802566391],[-78.58097098274274,45.17508152536303],[-78.5805552577532,45.17479148630724],[-78.57995093650598,45.17445033311179],[-78.57990306089474,45.17441814647516],[-78.57970306932381,45.17425814753991],[-78.57965918334683,45.17421517213672],[-78.57962806929811,45.17416698650488],[-78.57947806924669,45.17385697790033],[-78.57946118021984,45.17380678004225],[-78.57945818480752,45.173755225728094],[-78.57946917223481,45.17370421938626],[-78.57951917650075,45.17356421694923],[-78.57954245149173,45.173517594385984],[-78.57957742771039,45.17347475373008],[-78.57987742781322,45.1731747523578],[-78.5799324541747,45.173130788807796],[-78.57999967887483,45.173096257568275],[-78.5800758898119,45.1730727845899],[-78.5806658968122,45.17294278040198],[-78.58073922705488,45.17293204553434],[-78.5808141251091,45.17293157841039],[-78.58088771028048,45.17294141496275],[-78.5810392271577,45.17297276616617],[-78.58094661155832,45.17285699129235],[-78.58072650611238,45.17278361689994],[-78.58063628684285,45.17274162964356],[-78.5803962842113,45.17259162895742],[-78.58032634452043,45.17253352592484],[-78.58007634868356,45.172253530033935],[-78.5800417293651,45.17220420354169],[-78.57997474684724,45.17207767583392],[-78.57988535609601,45.17200258565932],[-78.57948934984199,45.17200941285548],[-78.57943107313949,45.17200728384825],[-78.57877107546257,45.17194727638727],[-78.57871341058896,45.171938814257295],[-78.57865826950956,45.171924207650775],[-78.57789826330075,45.171674206507205],[-78.5778094843784,45.17163361163952],[-78.57744948680431,45.17141360524329],[-78.57739466438579,45.17137223782445],[-78.57735331494946,45.1713237108328],[-78.57732726123557,45.17127017124187],[-78.5773176504233,45.171213972637695],[-78.57732490314503,45.17115760335362],[-78.57741490572516,45.17083760548311],[-78.57744122711419,45.170779511433686],[-78.57748540625917,45.17072707677055],[-78.57762540035883,45.17059707258263],[-78.57766725965257,45.170564194243234],[-78.57770084650977,45.17054523080758],[-78.57751688995454,45.170463762594466],[-78.57723152275952,45.170448742762915],[-78.57716330383742,45.170440738773735],[-78.57709824603131,45.170424200789355],[-78.57703847799587,45.17039966779895],[-78.57698596268216,45.17036795726942],[-78.57677961063997,45.17021853150506],[-78.57676290006322,45.17021624978423],[-78.5763071767595,45.170300646505176],[-78.57623313271645,45.17030900083732],[-78.57615819642292,45.17030700657739],[-78.5760852485733,45.17029474457376],[-78.5760170933834,45.17027269093354],[-78.57580134721836,45.17018385653509],[-78.57579460435404,45.17018477281668],[-78.57557141427075,45.17028557277471],[-78.57519372464436,45.170521632065075],[-78.57513667159965,45.17055112375585],[-78.57507287569064,45.170572701288975],[-78.57500454205064,45.17058562804591],[-78.57444657958884,45.17065296575961],[-78.57393802231051,45.170758517805496],[-78.5738619005985,45.170768551987216],[-78.57378446600364,45.17076758180671],[-78.57370890513478,45.17075562523028],[-78.57336890671777,45.17067562127107],[-78.57329342232752,45.17065116014589],[-78.57322721734222,45.170615775506846],[-78.57284722061104,45.17036245059673],[-78.57231184483271,45.170170049429174],[-78.57186528621602,45.170123040590354],[-78.57134627686071,45.17018791692018],[-78.57119162436038,45.17024591215492],[-78.57084984144242,45.17043989435737],[-78.57077510909187,45.17047307812396],[-78.57069155620803,45.170493290217856],[-78.57030155352507,45.170553297678836],[-78.57023223840955,45.17055935232385],[-78.57016252815451,45.17055643279918],[-78.56988252720879,45.17052642906869],[-78.56977650235939,45.170503620843625],[-78.56940889516338,45.17038108165572],[-78.56922412283629,45.17036260331032],[-78.56902178592125,45.17038595052456],[-78.56896493681951,45.17038947192047],[-78.56890798574629,45.170386992570286],[-78.5685979796917,45.1703569888398],[-78.5685150513832,45.17034215765446],[-78.56843887868544,45.170314696156225],[-78.56813887858262,45.17017470270235],[-78.5680766632316,45.170138464663786],[-78.56802662072633,45.170093827377315],[-78.56799098169304,45.17004278510287],[-78.56797135218258,45.16998761057812],[-78.56789135555421,45.16958761773156],[-78.56788885725288,45.16952827502389],[-78.56790485402927,45.1694699833451],[-78.56790568254756,45.16946808789986],[-78.56767571136065,45.1696367376113],[-78.56762956926462,45.16966552861615],[-78.56757746183683,45.169688714133635],[-78.56695678691302,45.16991789232892],[-78.56650302656035,45.170163671390654],[-78.56645725411096,45.170184970446044],[-78.56553204135334,45.17055120460422],[-78.56526922260248,45.170713530176066],[-78.56522367958891,45.17076883046496],[-78.56526425149268,45.171032512950305],[-78.56527242195776,45.17104640988775],[-78.56597013633693,45.1709550422402],[-78.56603999954918,45.17095050574802],[-78.5664899997034,45.17095050574802],[-78.56653683010695,45.17095253594056],[-78.56699682346651,45.17099253792016],[-78.56705026927001,45.17099993105495],[-78.56752026858133,45.17108993326326],[-78.56760475195496,45.17111404404549],[-78.56789577856728,45.17122722278813],[-78.56911738418651,45.17131179917214],[-78.56920106453471,45.17132436660296],[-78.5692786903261,45.17134973502658],[-78.56948868784879,45.1714397372349],[-78.56955220333623,45.17147383728309],[-78.56960429801758,45.17151649827593],[-78.56964267753446,45.17156584273449],[-78.56983265040719,45.17188533754843],[-78.56988227228008,45.17191944657977],[-78.57000378404844,45.17195347476274],[-78.57043211526255,45.17197095597817],[-78.57051945383769,45.171981780677335],[-78.57083478790226,45.172048166176836],[-78.57091993409051,45.17204461783146],[-78.57117342245068,45.17194476110448],[-78.57127534294789,45.17191719180841],[-78.57152533878475,45.171877189828805],[-78.5715961707261,45.17187068602615],[-78.57166747428555,45.171873569618214],[-78.571905717909,45.17189909075543],[-78.57222980877468,45.17188328040643],[-78.57255783828887,45.171812358414755],[-78.57262742107955,45.17180218050258],[-78.57269848245672,45.17180125523784],[-78.57288848082231,45.17181125348695],[-78.57296345535515,45.171820551050146],[-78.5730343255358,45.17184014330649],[-78.57309829989491,45.17186923075539],[-78.57310793620005,45.17187585133903],[-78.57316784444627,45.1718860112849],[-78.57383826870733,45.172053618950606],[-78.57392799086588,45.17205789493136],[-78.57420277851955,45.17200131903477],[-78.57428306831594,45.17199117705521],[-78.57436458177011,45.17199326114667],[-78.57444360966939,45.17200749046077],[-78.574516557519,45.17203320922735],[-78.57485199271214,45.172184952645146],[-78.57500167410268,45.172190935424936],[-78.57507218738313,45.17219845432387],[-78.57513950130831,45.17221506417347],[-78.5752012705341,45.17224019903512],[-78.57540126210503,45.17234019949255],[-78.57546176943372,45.172377811953496],[-78.57550973427001,45.17242351823515],[-78.57562970371968,45.172567482242584],[-78.57588560115614,45.17272955628614],[-78.5759519718451,45.17278461402991],[-78.57612930025394,45.1729796742107],[-78.57629947791254,45.17309879081738],[-78.57634384825406,45.17313604395221],[-78.57637800870084,45.17317830968633],[-78.57640082482015,45.1732242225805],[-78.57650083335204,45.17350421847141],[-78.57650839198823,45.173531114031015],[-78.57656364778553,45.173798201131284],[-78.57681342693301,45.17433619317179],[-78.57682923251286,45.174385393899904],[-78.5768317308142,45.174435798370496],[-78.57681742931372,45.17460740353922],[-78.57699609609827,45.17487539793793],[-78.57701469314748,45.1749089679801],[-78.57718469235597,45.17528896432844],[-78.57720211673312,45.17535974258967],[-78.57721820273456,45.17565745325798],[-78.57726430659129,45.17570898062268],[-78.57737274051696,45.17573725958782],[-78.57744533146638,45.175762654960906],[-78.57750869399659,45.175798255195616],[-78.57755999839895,45.17584246129075],[-78.57759692482222,45.17589329695267],[-78.57771096717946,45.17610236186875],[-78.57802087126255,45.176550001357974],[-78.57818499436435,45.176632062459184],[-78.57826432817808,45.17664693856029],[-78.57829225561797,45.17659480932435],[-78.57834433755289,45.17652806449874],[-78.57850434355606,45.1763780638126],[-78.57855306043204,45.176340406435884],[-78.57861096748792,45.176309890665685],[-78.57867599980116,45.176287594480335],[-78.57874581202768,45.17627432636358],[-78.5791515565583,45.17622563767519],[-78.57918595918737,45.17620688085206],[-78.57925150135803,45.17617808086405],[-78.57932391385735,45.176159153361006],[-78.57940025225878,45.17615086191093],[-78.57947739368562,45.17615355685679],[-78.57955218976836,45.17616712141758],[-78.57962159410894,45.17619099863783],[-78.57968277699871,45.17622421833704],[-78.57995914521035,45.17640846280181],[-78.58054861686038,45.17668534153868],[-78.58083101413597,45.176750505329395],[-78.58091025872464,45.176750505329395],[-78.58107229141105,45.17667121103926],[-78.58106768994787,45.17664554617159],[-78.58107445830505,45.17658922180328],[-78.58109774604247,45.17653512525687],[-78.5811365334453,45.17648564605102],[-78.58118912523763,45.17644295810872],[-78.58125318882179,45.176408938908914],[-78.58151319061042,45.17629894020237],[-78.58159327646383,45.17627336516623],[-78.58167953159197,45.17626136367404],[-78.58222122960224,45.17623084790384],[-78.58233778300725,45.17612488263292],[-78.58240146419834,45.17607937398063],[-78.58272146345826,45.17589936956399],[-78.58278019903244,45.175872159594036],[-78.58284500190985,45.17585298056272],[-78.58302500707012,45.175812978583124],[-78.58310330842258,45.17580174964207],[-78.5831832158259,45.17580223473232],[-78.58326122401036,45.17581440690442],[-78.58333395517056,45.1758377451355],[-78.58339820995126,45.17587121636299],[-78.583668051988,45.1760453188482],[-78.58382571264707,45.17610015201315],[-78.58428081137544,45.17620696170043],[-78.58420434550968,45.176167570575224]]]}},{"type":"Feature","properties":{"lake":"Bitter Lake","lake_part":5,"zone":"no-sports","label":"30\u2013200 m \u00b7 not suitable for water sports","min_m":30,"max_m":200},"geometry":{"type":"Polygon","coordinates":[[[-78.58428081636707,45.17620696294428],[-78.58382571053806,45.17610015239164],[-78.58366805146767,45.17604531444812],[-78.58339820382267,45.17587121919453],[-78.58333394980932,45.17583774193334],[-78.58326122683646,45.17581440638977],[-78.58318321040568,45.175802231527335],[-78.5831033071613,45.17580174897027],[-78.5830250061367,45.17581297978979],[-78.58284500612599,45.1758529797931],[-78.5827801947175,45.17587215641392],[-78.58272145891756,45.17589936975398],[-78.58240145891835,45.176079369750894],[-78.582337784984,45.17612488413757],[-78.58222122906426,45.176230844066424],[-78.58167952887605,45.176261362389184],[-78.58159327101508,45.17627336857528],[-78.58151318441857,45.17629894243228],[-78.58125318442718,45.176408942432396],[-78.58118912288757,45.17644296046087],[-78.58113653978023,45.17648564810758],[-78.58109774872949,45.17653512714239],[-78.58107445651764,45.17658922051827],[-78.58106768798766,45.17664554816003],[-78.58107228850425,45.17667121354768],[-78.58091025728936,45.17675050541922],[-78.580831012473,45.17675050541922],[-78.58054861892586,45.176685337671096],[-78.57995914416188,45.176408463160556],[-78.57968278121945,45.176224221200776],[-78.57962159795866,45.176190999484135],[-78.57955219014102,45.17616712026196],[-78.57947738938523,45.17615355773074],[-78.57940024732483,45.176150865198736],[-78.5793239111111,45.176159152512696],[-78.57925149501939,45.17617808157651],[-78.57918595339646,45.176206880144434],[-78.57915156160898,45.17622563929936],[-78.5787458132838,45.17627432910268],[-78.57867599604603,45.176287594872996],[-78.57861097058034,45.17630988625613],[-78.57855306209575,45.17634040614708],[-78.57850434130914,45.17637806320224],[-78.57834434130955,45.176528063205666],[-78.57829225491207,45.17659481095219],[-78.57826432746171,45.176646942191994],[-78.57818499192713,45.176632066779476],[-78.57802086931561,45.17655000547208],[-78.57771096146811,45.1761023608159],[-78.57759692903342,45.17589330133489],[-78.57756000025947,45.175842464175304],[-78.5775086999735,45.175798252988216],[-78.57744533211955,45.17576265333957],[-78.57737274260748,45.17573726404303],[-78.57726431263426,45.17570897796576],[-78.57721820824393,45.175657449527314],[-78.5772021158944,45.17535974104067],[-78.57718469603287,45.175288964294026],[-78.5770146960341,45.17490896428955],[-78.5769960962731,45.174875399698095],[-78.5768174346853,45.17460740732515],[-78.5768317352826,45.17443580014223],[-78.57682922642454,45.174385389503826],[-78.57681343209838,45.174336191377414],[-78.5765636506443,45.17379820054273],[-78.57650839169192,45.17353111563543],[-78.57650082701291,45.17350422007033],[-78.57640082702112,45.17322422007412],[-78.57637800922373,45.173178314115546],[-78.57634385444565,45.173136046510955],[-78.57629947533572,45.17309879419805],[-78.5761293004663,45.17297967179265],[-78.57595197795817,45.172784617029905],[-78.57588559582072,45.172729552106446],[-78.57562970221262,45.17256748615703],[-78.57550973258797,45.172423522610316],[-78.57546176884587,45.17237780843783],[-78.57540126444691,45.17234020304642],[-78.5752012644506,45.17224020303815],[-78.57513950052557,45.17221506840175],[-78.57507218804703,45.172198454214126],[-78.57500166861786,45.172190938433936],[-78.57485199648042,45.17218495155344],[-78.57451656292794,45.17203320779488],[-78.57444361033883,45.17200749124703],[-78.57436457813213,45.171993264503804],[-78.57428306247871,45.171991174919],[-78.57420277255275,45.172001317574164],[-78.5739279899706,45.17205789046169],[-78.57383826385505,45.172053617789075],[-78.57316784173975,45.17188601225582],[-78.57310793156519,45.171875849763516],[-78.57309829613676,45.17186923209204],[-78.57303432994611,45.17184014036386],[-78.57296345415732,45.17182055551443],[-78.57288847794469,45.171811253792676],[-78.57269847794755,45.17180125379185],[-78.57262742543278,45.17180218094588],[-78.57255784332645,45.171812357833645],[-78.5722298065647,45.17188328469989],[-78.57190572420497,45.171899093596615],[-78.57166747401043,45.17187356678818],[-78.57159616582493,45.17187068183117],[-78.57152534029883,45.17187719309622],[-78.57127534030663,45.17191719309953],[-78.57117342295977,45.17194476124527],[-78.57091993292121,45.172044620959284],[-78.57083479354428,45.17204816843353],[-78.57051944997839,45.171981780315356],[-78.57043210939645,45.171970956253496],[-78.57000378027851,45.171953473431294],[-78.5698822707333,45.171919450754764],[-78.56983264621417,45.171885333897734],[-78.56964267964432,45.171565844682014],[-78.5696042966306,45.17151649522513],[-78.56955220786173,45.171473839759386],[-78.5694886848094,45.1714397383918],[-78.5692786848139,45.17134973839333],[-78.56920106488109,45.171324368272614],[-78.56911738382897,45.171311796367306],[-78.56789577795357,45.171227223645545],[-78.56760474612064,45.17111404460729],[-78.56752026460313,45.17108993429449],[-78.5670502646035,45.170999934296034],[-78.56699682644903,45.170992533661554],[-78.56653682644857,45.170952533658244],[-78.56648999999658,45.17095050541564],[-78.56603999999531,45.17095050541564],[-78.56597014255765,45.17095504060124],[-78.56527242594714,45.17104640825329],[-78.56526425130058,45.17103251135508],[-78.56522368469467,45.17076882839755],[-78.56526922704397,45.17071352696721],[-78.56553203703143,45.17055120315682],[-78.56645725932869,45.17018496933425],[-78.56650302619958,45.170163674511656],[-78.56695678110654,45.16991789059977],[-78.56757746013112,45.16968871680343],[-78.5676295668758,45.16966552637141],[-78.56767571108222,45.16963673807502],[-78.56790568690612,45.169468089137794],[-78.56790484988454,45.169469986386694],[-78.56788885171116,45.169528272951595],[-78.56789134983153,45.169587613882555],[-78.56797134982496,45.169987613888686],[-78.56799098759402,45.17004278896197],[-78.56802662076579,45.17009382992528],[-78.56807666174353,45.17013846270463],[-78.5681388810065,45.17017469873562],[-78.56843888100735,45.17031469872923],[-78.56851505263317,45.17034215535554],[-78.56859797964974,45.1703569892235],[-78.56890797964977,45.170386989225975],[-78.56896493664466,45.17038947212639],[-78.56902178369731,45.17038595371188],[-78.56922412562702,45.17036260656458],[-78.569408896076,45.170381083610955],[-78.5697765028564,45.170503619205604],[-78.56988252600684,45.1705264332118],[-78.57016252599658,45.17055643320529],[-78.57023224446188,45.170559356386455],[-78.5703015544668,45.17055329416867],[-78.570691554473,45.17049329417269],[-78.5707751063696,45.170473079559876],[-78.57084984694819,45.17043989239284],[-78.57119161990344,45.17024591314595],[-78.57134627952587,45.17018791578993],[-78.57186528394544,45.17012304023924],[-78.5723118397107,45.170170046105774],[-78.57284722691405,45.17036245088334],[-78.57322721877841,45.17061577879492],[-78.57329342102462,45.170651157586065],[-78.57336890310803,45.17067562419882],[-78.57370890311834,45.17075562420544],[-78.57378446837797,45.17076757736055],[-78.57386190123442,45.17076855514198],[-78.5739380255799,45.17075851744353],[-78.57444658026989,45.17065296835576],[-78.57500454513168,45.17058562776381],[-78.57507288026301,45.1705727000235],[-78.57513666607456,45.170551120785724],[-78.57519371878026,45.170521628842344],[-78.57557141456434,45.17028556897039],[-78.57579460247526,45.17018477443458],[-78.57580135119356,45.170183854154764],[-78.5760170940125,45.170272689435436],[-78.57608524291642,45.17029474846484],[-78.5761581901312,45.170307009555195],[-78.57623313001726,45.170309001129894],[-78.57630718029446,45.170300646590526],[-78.57676290624381,45.17021625289585],[-78.57677961118141,45.17021853084132],[-78.57698596518858,45.170367959603844],[-78.57703848407702,45.17039967110731],[-78.57709824859796,45.170424197320926],[-78.57716330389532,45.17044073600922],[-78.5772315220554,45.17044874620317],[-78.57751689228382,45.17046376569035],[-78.57770084626097,45.17054523102201],[-78.57766726313949,45.1705641916354],[-78.57762540205482,45.17059707349721],[-78.57748540205357,45.17072707349898],[-78.57744122373548,45.17077950892728],[-78.57741490441668,45.170837602022715],[-78.57732490442407,45.171157602022234],[-78.57731764852836,45.17121397426604],[-78.57732726019744,45.17127017118376],[-78.57735331540927,45.17132371362935],[-78.57739466472938,45.17137223955972],[-78.57744948401853,45.17141360823703],[-78.57780948401445,45.17163360823726],[-78.57789826719551,45.171674203444184],[-78.57865826719681,45.1719242034469],[-78.57871340834359,45.17193881290319],[-78.57877107917452,45.17194728008823],[-78.57943107917129,45.172007280084216],[-78.57948935216348,45.17200941397416],[-78.5798853539417,45.17200258635677],[-78.57997474372516,45.172077673777],[-78.5800417317687,45.172204206744375],[-78.58007635079649,45.1722535279974],[-78.58032635080144,45.17253352799361],[-78.58039628122617,45.172591628840856],[-78.5806362812192,45.17274162884428],[-78.58072650284967,45.172783619205696],[-78.58094660692889,45.172856987232535],[-78.58103923006385,45.1729727661507],[-78.58088771383915,45.172941417966214],[-78.58081412514697,45.17293158068512],[-78.58073922718947,45.17293204173496],[-78.58066589354505,45.172942783426805],[-78.58007589355528,45.17307278341959],[-78.57999967381835,45.1730962577759],[-78.57993245973879,45.17313079210443],[-78.57987743168277,45.173174752345595],[-78.57957743168193,45.17347475235244],[-78.57954245683948,45.17351759562084],[-78.57951917299324,45.173564220057536],[-78.5794691729846,45.17370422005115],[-78.57945818172713,45.173755229260166],[-78.57946118490288,45.17380677984736],[-78.57947807243922,45.173856982376556],[-78.57962807243963,45.17416698238423],[-78.5796591860737,45.17421517142346],[-78.579703067246,45.17425814361374],[-78.57990306725506,45.17441814360901],[-78.57995093774056,45.174450336553015],[-78.58055525570029,45.17479148379026],[-78.58097097644053,45.17508152152057],[-78.58101522654172,45.175108021370306],[-78.58106465991362,45.17512949365222],[-78.58128465992104,45.17520949364985],[-78.58136110769186,45.17523032655553],[-78.58189110768656,45.17533032655482],[-78.58195398824233,45.175338296862584],[-78.58225398824318,45.17535829686424],[-78.58234387546078,45.17535680643296],[-78.5824307841125,45.17534056530605],[-78.58258818740924,45.17529663880459],[-78.58260319120429,45.17531085292689],[-78.58266516959475,45.17535701483669],[-78.58274076313292,45.175391664542545],[-78.58297076313951,45.175471664540176],[-78.58303171143001,45.17548846278211],[-78.58309583142601,45.175497690808776],[-78.58316124509241,45.17549907833697],[-78.58354817379184,45.17548390466112],[-78.58364690700557,45.17569453551616],[-78.58367771499172,45.1757433671978],[-78.58372158954545,45.175786954431075],[-78.58414158954919,45.17612695443225],[-78.58420434290736,45.17616756752427],[-78.58428081636707,45.17620696294428]]]}},{"type":"Feature","properties":{"lake":"Long (Tedious) Lake","lake_part":6,"zone":"no-wake","label":"0\u201330 m \u00b7 legal speed zone","min_m":0,"max_m":30},"geometry":{"type":"Polygon","coordinates":[[[-78.56752999411152,45.15854000162017],[-78.56812000111184,45.15849999964056],[-78.56821000369197,45.158569996367504],[-78.56913000315753,45.159069998654644],[-78.56937000578907,45.15926000132039],[-78.5696700058919,45.15955000444356],[-78.5698400051004,45.160080001478036],[-78.5699299949341,45.160230002164184],[-78.56999999835713,45.16049999980598],[-78.57024999419401,45.160779995696885],[-78.57029999845996,45.16104000407272],[-78.57029999845996,45.16150000438026],[-78.57067000198582,45.161930000957305],[-78.57149000566592,45.161880000728594],[-78.57183000408293,45.16198000118602],[-78.57228999744248,45.16223000232959],[-78.57284999933394,45.16270999913535],[-78.57320000370271,45.16296000027893],[-78.57339000206831,45.16316000119378],[-78.5737499996424,45.16371000370964],[-78.574279996425,45.16395999587005],[-78.57468000505973,45.16394999762094],[-78.57483999831646,45.16389999739223],[-78.57496999921078,45.16408000180886],[-78.57513999841929,45.164199998764516],[-78.57517999673347,45.16450999838591],[-78.57538999425616,45.164590002345115],[-78.57579999609621,45.16460000059423],[-78.57624999625044,45.16465000082294],[-78.57678000577948,45.1648500017378],[-78.57721999998195,45.164950002195226],[-78.5779899993961,45.16496999869345],[-78.57815000539927,45.165029997171274],[-78.5789400039705,45.16507999739999],[-78.57937000496764,45.1651299976287],[-78.58063999605554,45.16541000250276],[-78.58138000310726,45.165289996563956],[-78.58185999562392,45.165239996335245],[-78.58258000351854,45.165050002652656],[-78.58303999687811,45.16486999823602],[-78.58354000129829,45.16475000128037],[-78.58434000582129,45.16461999709245],[-78.58459000165816,45.16461999709245],[-78.58513000439252,45.1645000001368],[-78.58577999611768,45.16425999724234],[-78.58624999542901,45.16435999769977],[-78.5863900022751,45.16455999861462],[-78.586370003118,45.16470999930077],[-78.58613999369179,45.164990004174825],[-78.58601999874924,45.16522999808613],[-78.58545000365244,45.165529999458414],[-78.58519000186381,45.16579999710021],[-78.58470000339538,45.165939999537244],[-78.58453000418689,45.1660999984725],[-78.58449999907803,45.16624999915864],[-78.58406000487557,45.166440001824384],[-78.58361000472134,45.16650999855132],[-78.58299999856392,45.16680999992361],[-78.58264000098983,45.166840003654094],[-78.58211999741255,45.16696000060975],[-78.58192999904695,45.167039995585796],[-78.58164999810123,45.167039995585796],[-78.58087000548176,45.166840003654094],[-78.58035000190448,45.16660000075964],[-78.57995999922153,45.16651999680043],[-78.5796799982758,45.166419996343],[-78.57918999980738,45.16633000311784],[-78.57868000218187,45.166290001138236],[-78.57806000281913,45.16629999938735],[-78.57765000097909,45.166290001138236],[-78.57708999908763,45.16639999984478],[-78.57673999471886,45.166440001824384],[-78.57586000631392,45.16660999900875],[-78.57543999852211,45.166740003196665],[-78.574740002531,45.16690000213192],[-78.57401000143105,45.167029997336684],[-78.573599999591,45.16706000106718],[-78.5734100012254,45.16701000083846],[-78.57307999601372,45.166769997944],[-78.57294000191408,45.16658000426141],[-78.572799995068,45.165989999765955],[-78.57281000101976,45.1657499968715],[-78.5727599967538,45.16556000318891],[-78.57269999928253,45.16506999915088],[-78.5727100052343,45.16480000150908],[-78.57266000096834,45.16465999907205],[-78.57241000513147,45.1645000001368],[-78.5719100007113,45.164449999908086],[-78.57129999455388,45.16429000097283],[-78.57080000288013,45.16429000097283],[-78.57020999587982,45.1644599981572],[-78.56997000599472,45.164440001658974],[-78.56982999914864,45.16433000295243],[-78.56984999830573,45.1641900005154],[-78.56973000336318,45.16404999807837],[-78.56979999403978,45.163930001122715],[-78.57005000262309,45.16376000393835],[-78.57033000356881,45.163679999979145],[-78.57112000214005,45.16315000294467],[-78.57123000387728,45.162990004009416],[-78.57117999961133,45.162840003323275],[-78.57052999513974,45.162630004159304],[-78.57029000525463,45.162630004159304],[-78.56977999488268,45.16280000134367],[-78.56956999735999,45.16281999784189],[-78.5693799989944,45.16248000347316],[-78.56926000405184,45.16192000270819],[-78.56919000062881,45.16177000202205],[-78.56922999894299,45.161489997147996],[-78.56917000147172,45.16133999646185],[-78.56857000126607,45.16110000255055],[-78.56800000616929,45.16100000209312],[-78.56782000100901,45.160840003157865],[-78.56746999664024,45.160430003079036],[-78.56731000338351,45.16019999843369],[-78.56710000586082,45.15969999614655],[-78.56701999648601,45.15904000390731],[-78.56712000501791,45.15876999728236],[-78.56740000596365,45.15849000139145],[-78.56752999411152,45.15854000162017]],[[-78.57429355863223,45.16422932875854],[-78.5742141865792,45.16422547498597],[-78.57413766972769,45.16421013176092],[-78.57406730940446,45.16418396383669],[-78.57353731262185,45.16393396269312],[-78.5734830510465,45.16390295284951],[-78.57343769922946,45.16386551106847],[-78.57340277399655,45.16382288600824],[-78.57305543363277,45.163292233203606],[-78.5729023871833,45.1631311203574],[-78.57257779920666,45.16289927416572],[-78.57255462618716,45.16288115514644],[-78.57202215659609,45.16242475708319],[-78.57163630925108,45.162215054363266],[-78.57142939636574,45.162154193502765],[-78.57070296426768,45.16219848942942],[-78.57063219605853,45.16219817501908],[-78.57056272798576,45.16218867084337],[-78.57049693088639,45.16217030927896],[-78.57043706087947,45.16214371914655],[-78.5703851701411,45.16210980774458],[-78.57034303042576,45.162069742882906],[-78.5699730268999,45.1616397373227],[-78.5699425756658,45.161595800722154],[-78.56992390213799,45.16154870205181],[-78.56991760539891,45.16150000438026],[-78.56991760539891,45.16105817699091],[-78.5698822085479,45.16087408523974],[-78.56967635361671,45.16064352363892],[-78.56964364626356,45.16059775447519],[-78.56962383830299,45.160548436966096],[-78.56956140626257,45.16030762558788],[-78.5694877955983,45.16018496063584],[-78.56946701890865,45.16013942503408],[-78.5693144440773,45.15966374912484],[-78.56907199413017,45.15942937866721],[-78.5688681658822,45.15926801429272],[-78.56797648899602,45.158783409129555],[-78.56797239739028,45.158780750116314],[-78.56756661462033,45.158808256530314],[-78.56754959812912,45.1588082205977],[-78.56747249494158,45.158885322998536],[-78.56740659587072,45.1590632253574],[-78.56747769548721,45.15964977133901],[-78.56766752814914,45.160101749691066],[-78.5678061201409,45.16030097805478],[-78.56813495268052,45.160686184631764],[-78.5682187350002,45.16076065496882],[-78.56866237468319,45.16083848500503],[-78.568758750481,45.160865623109764],[-78.56935875068665,45.16110562600422],[-78.56941960216909,45.16113583634723],[-78.5694709957965,45.16117377220168],[-78.56951098136425,45.16121801422942],[-78.56953804204653,45.161266882580875],[-78.56959805226424,45.161416874283866],[-78.5696109389104,45.16146652416962],[-78.56961046729229,45.161517000505434],[-78.56957860120387,45.16174011507255],[-78.56962325196696,45.16183580361661],[-78.56963810156417,45.16187975818347],[-78.56975164681043,45.1624096114875],[-78.56979956066098,45.16249536466452],[-78.57012650672816,45.162386381054255],[-78.57020621018852,45.16236705829249],[-78.57029000525463,45.16236050957407],[-78.57052999513974,45.16236050957407],[-78.57061154683322,45.16236670794953],[-78.5706893510747,45.16238502459817],[-78.5713393555463,45.162595023762144],[-78.5713996461856,45.16261940403895],[-78.57145268410316,45.16265106965272],[-78.57149671029092,45.16268898754086],[-78.57153027165525,45.16273189107883],[-78.57155225925625,45.16277836991163],[-78.57160226352221,45.16292837059777],[-78.57161239693832,45.16298907874467],[-78.57160284985822,45.163049831807335],[-78.57157413213935,45.16310751263173],[-78.57146413040212,45.163267511566985],[-78.57142884826902,45.16330890593528],[-78.5713836494092,45.16334519787276],[-78.57059365083796,45.163875194907234],[-78.57053731159364,45.16390645627912],[-78.57047366864185,45.16392974959444],[-78.57026225626484,45.16399015231414],[-78.57017582268661,45.16404892908318],[-78.57017731401955,45.16405065384853],[-78.57021190784513,45.16410297173068],[-78.57022990581187,45.164159278132686],[-78.57022994405118,45.1641631049558],[-78.57065529259941,45.164040547801584],[-78.57072626475154,45.16402556390264],[-78.57080000288013,45.164020506387594],[-78.57129999455388,45.164020506387594],[-78.57136776735074,45.164024773385194],[-78.57143338600001,45.16403743064755],[-78.5720046429939,45.16418726963694],[-78.57246371861011,45.164233182531106],[-78.57253743124585,45.16424591165868],[-78.57260610903961,45.16426864801853],[-78.57266707523998,45.16430049329535],[-78.57291707107684,45.1644604922306],[-78.57296720280715,45.164499524029694],[-78.57300560781691,45.16454467335588],[-78.57303083301251,45.16459422442695],[-78.57308082453203,45.16473421788083],[-78.57309225808454,45.16480703531776],[-78.57308282572238,45.16506190533017],[-78.5731393816561,45.16552375616719],[-78.57318598262381,45.165700859025456],[-78.57319222837714,45.16575791102915],[-78.57318333136526,45.165971557353174],[-78.57330718847773,45.16649356836477],[-78.57339357107021,45.166610789526196],[-78.57362457471838,45.166778801433786],[-78.5736497361818,45.16678542201743],[-78.57394306989893,45.16676395228214],[-78.57463405416023,45.16664090105452],[-78.57530379011376,45.16648781914696],[-78.57570623331765,45.166363249766505],[-78.57575891433501,45.1663500894476],[-78.57663891548638,45.166180092263225],[-78.57667878633622,45.1661739837193],[-78.57700781007237,45.166136380241504],[-78.5775473284422,45.166030397004285],[-78.57760475113353,45.166022401998255],[-78.577663231779,45.16602066824976],[-78.57806224619176,45.166030397004285],[-78.57867124538078,45.16602057841823],[-78.57872229485442,45.16602215945313],[-78.57923229247993,45.16606216143273],[-78.57928643933737,45.166069213207706],[-78.57977643780579,45.16615921541602],[-78.57985285268582,45.16617960717297],[-78.58010107676817,45.166268261908364],[-78.5804568680186,45.16634124104205],[-78.58050993142903,45.16635520984472],[-78.58055950231619,45.16637455057278],[-78.5810424010201,45.16659743157793],[-78.58171740125145,45.16677050100056],[-78.58182447130855,45.16677050100056],[-78.58192388075798,45.16672864849148],[-78.58200100943839,45.16670388193909],[-78.58252100026922,45.16658388498344],[-78.58259509529802,45.1665723685815],[-78.58285983876061,45.16655030595812],[-78.58339117391893,45.16628899502512],[-78.58345643566801,45.16626319541016],[-78.58352758627024,45.166246837088835],[-78.5839149249482,45.166186587082734],[-78.5841465149324,45.166086586625305],[-78.58415134583142,45.166062386011546],[-78.58416555810685,45.16601840449524],[-78.58418996753058,45.1659767136829],[-78.58422391128796,45.16593847240126],[-78.58439391049646,45.16577846448285],[-78.58444015456398,45.16574228034321],[-78.58449490050388,45.16571255509046],[-78.58455633832236,45.16569024992195],[-78.58493876962271,45.16558097885079],[-78.58513358614087,45.16537866926566],[-78.58517357170862,45.16534379666632],[-78.58522119239115,45.16531407141357],[-78.58569799829897,45.1650631180558],[-78.58577934604948,45.16490043315785],[-78.58580905799032,45.16485497840447],[-78.58599711889775,45.164626042754314],[-78.58599914558097,45.164610780377636],[-78.5859805230389,45.16458417227892],[-78.58581906394208,45.164549820702454],[-78.58530746026572,45.1647387184404],[-78.58524498998598,45.16475701712274],[-78.58470499999805,45.16487702306154],[-78.58464817638918,45.164886356557346],[-78.58459000165816,45.164889491677684],[-78.5843835094052,45.164889491677684],[-78.58364486622206,45.16500952456595],[-78.5831956818397,45.1651173313832],[-78.58276562985681,45.16528561278537],[-78.58271409601862,45.165302384331724],[-78.58199408812399,45.165492378014314],[-78.58191591423588,45.16550659834527],[-78.58145093702008,45.165555035505385],[-78.58072574132626,45.165672633959225],[-78.58065900099066,45.16567916471134],[-78.58059166157263,45.165677332148164],[-78.58052582623394,45.16566719915176],[-78.57928135350966,45.16539282671453],[-78.5788917077269,45.16534752467475],[-78.57811579396675,45.16529841377817],[-78.57804092140539,45.165288298748074],[-78.57797036988562,45.16526790699112],[-78.57788802791315,45.165237031894804],[-78.57720591517086,45.16521930813425],[-78.57710263080507,45.16520648917515],[-78.5766626366026,45.16510648871772],[-78.5765994907618,45.165087579180984],[-78.57612653427746,45.164909101900335],[-78.57576347755888,45.16486876754408],[-78.57537677620269,45.1648593352336],[-78.5752898200206,45.16485008258617],[-78.57520816635564,45.16482707673175],[-78.57499816883295,45.16474707277254],[-78.57493586425687,45.16471741938501],[-78.5748830047894,45.16467975302515],[-78.57484161711376,45.16463551998056],[-78.5748133072808,45.16458644501659],[-78.57479918423041,45.16453440561218],[-78.57477170291577,45.164321450990926],[-78.57469939238793,45.16427040871648],[-78.57466050301362,45.16423827597877],[-78.57464509257325,45.16422053425191],[-78.57429355863223,45.16422932875854]]]}},{"type":"Feature","properties":{"lake":"Long (Tedious) Lake","lake_part":6,"zone":"no-sports","label":"30\u2013200 m \u00b7 not suitable for water sports","min_m":30,"max_m":200},"geometry":{"type":"Polygon","coordinates":[[[-78.57464509719408,45.164220536662285],[-78.57466050038936,45.1642382718454],[-78.57469939184972,45.16427040950854],[-78.57477170015596,45.164321450666655],[-78.57479917828664,45.16453440619602],[-78.57481331261157,45.16458644209922],[-78.57484161897953,45.16463552360386],[-78.57488300338217,45.164679753766606],[-78.57493586636022,45.164717423142854],[-78.57499816482076,45.164747075854805],[-78.57520816482901,45.16482707585244],[-78.57528982039021,45.16485008197629],[-78.57537677407461,45.164859333342164],[-78.57576347581627,45.164868765092926],[-78.57612653603843,45.16490910511359],[-78.57659949660295,45.16508758080254],[-78.57666263634658,45.165106487613905],[-78.57710263633594,45.16520648761319],[-78.57720591637397,45.16521931174654],[-78.57788802173988,45.165237028762526],[-78.57797037519039,45.1652679113091],[-78.57804091771531,45.16528829695745],[-78.57811579665194,45.16529841437566],[-78.5788917073358,45.16534752264131],[-78.57928135869146,45.16539283094327],[-78.5805258305867,45.16566720269649],[-78.58059166528147,45.16567733304056],[-78.58065900095283,45.16567916167741],[-78.58072574657218,45.1656726318209],[-78.58145094114239,45.16555503270095],[-78.58191591210895,45.16550659822984],[-78.58199409100955,45.165492382163634],[-78.58271409101414,45.16530238216588],[-78.58276562387518,45.16528561299118],[-78.5831956851984,45.16511732812021],[-78.58364486320929,45.165009525396144],[-78.5843835143741,45.16488949458823],[-78.58459000000113,45.16488949458823],[-78.58464817406708,45.16488635773785],[-78.58470499386952,45.16487702021105],[-78.58524499386341,45.16475702021011],[-78.5853074601251,45.16473871680827],[-78.58581905938848,45.16454981862023],[-78.58598052747647,45.16458417353235],[-78.585999151774,45.16461077967126],[-78.58599711659836,45.1646260434804],[-78.58580906140088,45.164854980245565],[-78.58577934345608,45.164900433846725],[-78.58569799942438,45.16506312190749],[-78.58522119142461,45.16531407348269],[-78.58517356658761,45.16534379307319],[-78.58513359141284,45.1653786655144],[-78.58493876867392,45.16558098144556],[-78.5845563322993,45.165690248983644],[-78.58449489707364,45.16571255061567],[-78.58444016045804,45.16574228068745],[-78.58439391013658,45.1657784682223],[-78.58422391013781,45.16593846821757],[-78.58418996987822,45.165976709704786],[-78.58416555512872,45.16601840501227],[-78.58415134983734,45.166062386099185],[-78.58414651021329,45.166086584211705],[-78.58391492810095,45.16618658557673],[-78.58352758124374,45.166246839531084],[-78.58345643405396,45.1662631918074],[-78.5833911683251,45.16628899665256],[-78.58285983436511,45.16655030844174],[-78.5825950971802,45.166572369868504],[-78.58252100439266,45.16658388613548],[-78.58200100439713,45.16670388613642],[-78.58192387798186,45.166728649705036],[-78.58182447067807,45.16677050541129],[-78.5817174013411,45.16677050541129],[-78.58104240649668,45.16659742981132],[-78.58055949806179,45.16637454899154],[-78.58050993686892,45.16635520976648],[-78.58045686540049,45.16634124316871],[-78.58010107347359,45.16626826021267],[-78.57985285340055,45.166179610188],[-78.57977643763039,45.16615921644268],[-78.5792864376324,45.16606921644422],[-78.57923229479543,45.1660621589311],[-78.57872229479909,45.16602215892779],[-78.57867125087758,45.16602057596037],[-78.5780622402544,45.16603039871317],[-78.57766322592738,45.16602066665571],[-78.57760474965775,45.16602239894195],[-78.57754733344169,45.16603040016355],[-78.57700780834772,45.166136378308586],[-78.57667878956542,45.16617398045722],[-78.57663891089074,45.16618009287288],[-78.57575891089928,45.166350092868974],[-78.5757062327139,45.16636325407735],[-78.57530378938148,45.16648781987131],[-78.57463405857163,45.16664090120198],[-78.573943068381,45.16676395424431],[-78.57364973172047,45.16678541790393],[-78.57362457872003,45.166778798693834],[-78.57339356529577,45.1666107889286],[-78.57330719485437,45.1664935719034],[-78.57318332643638,45.16597155500026],[-78.57319222829919,45.16575791027366],[-78.57318598152536,45.16570085685113],[-78.5731393764377,45.165523757505596],[-78.57308282310383,45.165061905343386],[-78.57309226285666,45.16480703199212],[-78.57308082701412,45.16473422007462],[-78.57303082701823,45.164594220072026],[-78.57300560768702,45.164544669666064],[-78.5729672014797,45.164499519760575],[-78.57291707380895,45.16446049307827],[-78.57266707380398,45.164300493083005],[-78.57260611099265,45.16426864506828],[-78.57253742495288,45.16424590825599],[-78.5724637206731,45.164233178065544],[-78.57200464327704,45.16418727032188],[-78.57143337993494,45.16403743076139],[-78.57136776238971,45.164024770503545],[-78.57129999999661,45.16402050541741],[-78.57079999999945,45.16402050541741],[-78.57072626021107,45.164025563649695],[-78.57065528851525,45.16404054846729],[-78.570229938126,45.16416310705068],[-78.57022990037048,45.164159278999634],[-78.5702119049984,45.16410297101384],[-78.5701773089623,45.164050655067456],[-78.57017582693157,45.164048926031626],[-78.57026225574113,45.16399015444065],[-78.57047366771167,45.163929751016035],[-78.57053730678507,45.163906454833615],[-78.57059365503663,45.163875194406984],[-78.57138365503548,45.16334519440806],[-78.5714288484485,45.163308902368044],[-78.57146412687304,45.1632675090715],[-78.57157412687674,45.16310750907624],[-78.57160284980759,45.16304983174381],[-78.57161239081702,45.162989076261056],[-78.57160225905085,45.16292836830184],[-78.57155225904222,45.16277836829842],[-78.57153027545444,45.162731890127816],[-78.57149671563162,45.162688984874606],[-78.57145268869057,45.16265107051221],[-78.57139964967529,45.16261940007038],[-78.57133935146939,45.162595020223854],[-78.5706893514718,45.162385020224455],[-78.57061155192649,45.16236670543645],[-78.57052999999613,45.16236050541487],[-78.5702900000031,45.16236050541487],[-78.57020621556738,45.16236705381909],[-78.57012650285988,45.16238638079458],[-78.56979956403124,45.16249536039968],[-78.56975164602059,45.16240961237905],[-78.56963810565546,45.161879757361646],[-78.56962325153204,45.16183580345874],[-78.5695785958407,45.16174011268155],[-78.56961046962695,45.16151699615539],[-78.56961093963754,45.161466525665695],[-78.56959804831415,45.161416878530495],[-78.56953804831907,45.16126687853606],[-78.56951097795312,45.161218016801875],[-78.56947098984928,45.161173776325484],[-78.56941959893206,45.16113583312986],[-78.56935875211445,45.161105624669425],[-78.56875875211276,45.16086562466754],[-78.56866237178274,45.160838486417425],[-78.56821873716515,45.16076065578389],[-78.56813495612923,45.160686183749135],[-78.56780612478296,45.16030098131324],[-78.56766752654148,45.16010174633971],[-78.56747769762013,45.159649772738405],[-78.56740660149609,45.15906322966633],[-78.56747249277737,45.158885323195335],[-78.5675495998425,45.15880821612946],[-78.56756661657431,45.15880825620698],[-78.56797239363846,45.15878074589539],[-78.56797648477512,45.15878340917473],[-78.5688681644235,45.15926801768406],[-78.56907198979624,45.159429379431685],[-78.56931444522009,45.159663753005],[-78.56946701801633,45.16013942113691],[-78.56948780044637,45.160184959093804],[-78.56956140227004,45.1603076288128],[-78.56962383449475,45.160548438802216],[-78.56964364860107,45.160597751068586],[-78.56967635079208,45.160643527993145],[-78.56988220390122,45.16087408347943],[-78.56991760694123,45.161058179258255],[-78.56991760694123,45.16149999999648],[-78.5699239025365,45.16154870050785],[-78.56994258202505,45.16159579744039],[-78.56997303034078,45.16163974001687],[-78.57034303033588,45.1620697400165],[-78.57038516669725,45.162109809234934],[-78.57043705822656,45.16214372022217],[-78.57049692770678,45.16217031157124],[-78.57056272468655,45.16218867256323],[-78.57063219570539,45.162198174358196],[-78.57070296147177,45.16219849153207],[-78.57142939610972,45.16215419674117],[-78.57163631179519,45.16221505429344],[-78.57202215895879,45.162424753840945],[-78.5725546291975,45.162881156904064],[-78.57257779795061,45.162899277723746],[-78.57290238163539,45.1631311232091],[-78.57305543215236,45.16329222901771],[-78.57340277062687,45.16382288502701],[-78.57343769984577,45.16386551547301],[-78.57348304948977,45.16390295688109],[-78.57353730639097,45.16393395995504],[-78.57406730638569,45.16418395995775],[-78.57413766607723,45.16421013004898],[-78.57421418674414,45.164225473170156],[-78.5742935561615,45.16422932518871],[-78.57464509719408,45.164220536662285]]]}},{"type":"Feature","properties":{"lake":"Coleman Lake","lake_part":7,"zone":"no-wake","label":"0\u201330 m \u00b7 legal speed zone","min_m":0,"max_m":30},"geometry":{"type":"Polygon","coordinates":[[[-78.54512999493181,45.1510299960134],[-78.54547000609526,45.15120000218092],[-78.54574000108921,45.15122999692826],[-78.54592000624949,45.15158999677837],[-78.54611000461509,45.15174999571362],[-78.54619999444878,45.15217000302471],[-78.5461799952917,45.15234000020908],[-78.5463299953431,45.15289000272493],[-78.54634000129487,45.15319000409722],[-78.54645000303209,45.15331000105287],[-78.54669000566363,45.15333999580021],[-78.5476599966487,45.15330000280376],[-78.54788000012316,45.15347999823724],[-78.54793999759443,45.153720001131695],[-78.54804999933165,45.15388999831606],[-78.54806000528342,45.154070002732695],[-78.54816000106888,45.154370004104976],[-78.54823000449193,45.15480999893114],[-78.54821000533484,45.15525000274045],[-78.54808000444051,45.15555000411274],[-78.54789999928025,45.15573999779533],[-78.54780999670011,45.15598000068979],[-78.54791000523201,45.15603999916762],[-78.54780999670011,45.15633000229079],[-78.54748000423487,45.156419995515954],[-78.54724999480865,45.15634999878901],[-78.54664999460302,45.15639999901772],[-78.5463299953431,45.15658000343436],[-78.54589000114063,45.15660999818169],[-78.54525999582613,45.156569996202094],[-78.54472999904353,45.15649999947515],[-78.54420999546626,45.156569996202094],[-78.54390000215811,45.15654000145476],[-78.54371000379251,45.15640999726684],[-78.54343999605211,45.15614999787415],[-78.54320999937232,45.155610002590564],[-78.54281999668937,45.155319999467395],[-78.54249999742946,45.154780004183806],[-78.54238000248691,45.15464000174677],[-78.54230000585854,45.15439999885231],[-78.5422300024355,45.15393999854478],[-78.54232000501563,45.15304000341108],[-78.542400001644,45.15269000181008],[-78.54328000279537,45.15214999754333],[-78.5434599952092,45.15198000035897],[-78.54343999605211,45.151710002717174],[-78.54350000626982,45.151460001573604],[-78.54365999952657,45.15135000286706],[-78.54401999710066,45.151219998679146],[-78.54420000226092,45.15110000172349],[-78.54485999993784,45.151109999972604],[-78.54512999493181,45.1510299960134]],[[-78.54747276425958,45.15610704043727],[-78.5474450917484,45.15606056160447],[-78.54743019116545,45.156011262061675],[-78.54742857236816,45.15596086657424],[-78.5474402990887,45.155911144823264],[-78.54753030166883,45.1556711419288],[-78.54755139701936,45.15562924450395],[-78.54758197571782,45.155590356435304],[-78.54773072661855,45.15543334888994],[-78.54782943501405,45.1552055541002],[-78.54784692312337,45.154820751765094],[-78.54778252813189,45.15441598886437],[-78.5476877456385,45.154131636144335],[-78.5476779053904,45.15408053997098],[-78.5476708438652,45.15395355412241],[-78.54759207089462,45.15383181443511],[-78.54756340416148,45.15376675844223],[-78.54752164683921,45.15359973468146],[-78.54749363017427,45.15357681865856],[-78.5467123374184,45.153609032244646],[-78.5466232143423,45.15360534915198],[-78.5463832244572,45.153575354404644],[-78.54630781654556,45.15356017287635],[-78.54623839945855,45.15353447207607],[-78.54617787938342,45.153499338965304],[-78.54612880560725,45.153456237797975],[-78.54601880387003,45.15333624084232],[-78.54598635144558,45.153292510854286],[-78.54596575320602,45.15324534930187],[-78.5459577102053,45.15319632823682],[-78.54594845629323,45.15291879372979],[-78.54580448530575,45.15239087180362],[-78.5457989151135,45.15231773097319],[-78.54581521780433,45.15217911194169],[-78.54574791662559,45.15186498905314],[-78.54562674901098,45.15176295840317],[-78.54558773217231,45.15172339659806],[-78.54555934586075,45.15167956779535],[-78.54545514375161,45.151471176615736],[-78.54541044200278,45.15146620893221],[-78.54532578017907,45.15144959009946],[-78.54524874072371,45.151419792981486],[-78.54508217030632,45.15133651915465],[-78.54500820274187,45.15135842906442],[-78.544931558426,45.15137473348683],[-78.54485177848703,45.15137943167577],[-78.5443487276688,45.15137181396216],[-78.54428277761221,45.15141577751216],[-78.54419438108293,45.15145983987685],[-78.54388572615049,45.151571302837304],[-78.5438562436455,45.15159155984696],[-78.54382407164262,45.15172563340312],[-78.54384187841283,45.151965950707925],[-78.54383958405447,45.15201257327117],[-78.54382593262218,45.15205821667075],[-78.5438013192555,45.15210151546745],[-78.5437664705012,45.15214117608724],[-78.54358646534092,45.15231117327161],[-78.54353110757212,45.15235325035952],[-78.54275551247285,45.152829177797045],[-78.54270024392909,45.153070968338916],[-78.54261383584374,45.15393506679386],[-78.54267768273849,45.15435464291362],[-78.54273847048876,45.1545370188826],[-78.54282731314328,45.15464065751693],[-78.54285285699976,45.15467614097065],[-78.54314580832381,45.155170510820966],[-78.54348754025604,45.15542461726538],[-78.5435408713416,45.155474904954986],[-78.54357624269976,45.15553252289731],[-78.54378736190876,45.15602818632163],[-78.54399951357902,45.156232481183544],[-78.54407633634499,45.156285041610815],[-78.54419987479658,45.15629699818725],[-78.54465826210527,45.15623529291038],[-78.54472933622888,45.15623050488992],[-78.54480043584537,45.15623511324733],[-78.54531249839341,45.156302747405064],[-78.54588873924352,45.15633933578659],[-78.54618018648821,45.156319465052505],[-78.54641145781153,45.15618937103306],[-78.54647061401808,45.156161999366354],[-78.54653590126003,45.15614278440243],[-78.54660510165765,45.15613237292828],[-78.54720510186328,45.156082372699565],[-78.54727194417036,45.15608095336142],[-78.54733812366278,45.15608776259127],[-78.54740160091092,45.15610259377661],[-78.5474860332988,45.15612828559374],[-78.54748783054619,45.156123084348245],[-78.54747276425958,45.15610704043727]]]}},{"type":"Feature","properties":{"lake":"Coleman Lake","lake_part":7,"zone":"no-sports","label":"30\u2013200 m \u00b7 not suitable for water sports","min_m":30,"max_m":200},"geometry":{"type":"Polygon","coordinates":[[[-78.5474878263375,45.15612308718496],[-78.54748603361976,45.15612828606615],[-78.54740160297095,45.156102589783636],[-78.54733812176707,45.156087758969],[-78.5472719450988,45.15608094957021],[-78.54720509717481,45.15608236987281],[-78.54660509717311,45.15613236986796],[-78.54653589915542,45.15614278218446],[-78.5464706078886,45.15616200149942],[-78.54641145891024,45.156189369753896],[-78.54618018399046,45.15631946190086],[-78.54588873322776,45.15633933353995],[-78.54531249304706,45.156302746867695],[-78.54480043631924,45.15623511672756],[-78.54472933475313,45.156230505818755],[-78.54465825638141,45.15623529104929],[-78.5441998729773,45.15629699651317],[-78.5440763333882,45.156285041068074],[-78.54399951932875,45.15623248408205],[-78.54378736686873,45.156028189117684],[-78.5435762485041,45.15553251992822],[-78.54354087368188,45.15547490125473],[-78.54348754250158,45.15542461432631],[-78.5431458141295,45.1551705086042],[-78.54285285686274,45.15467614321554],[-78.54282730895993,45.1546406550552],[-78.54273847461067,45.15453701498829],[-78.5426776834845,45.15435464162243],[-78.5426138349669,45.15393506561326],[-78.54270024507902,45.15307096454097],[-78.54275550990835,45.152829180897626],[-78.54353110531751,45.15235324734567],[-78.54358647043436,45.15231117298046],[-78.54376647043233,45.15214117298437],[-78.54380131552765,45.15210151337704],[-78.54382593465196,45.15205821317273],[-78.54383959020491,45.15201256966557],[-78.54384187305982,45.151965950356164],[-78.54382407194919,45.15172563534704],[-78.54385624903092,45.1515915641607],[-78.54388572229166,45.15157130129387],[-78.54419437635524,45.15145984287924],[-78.5442827812026,45.1514157788025],[-78.54434873380978,45.15137181039997],[-78.544851780874,45.15137943232586],[-78.54493155951427,45.151374733696905],[-78.54500820167043,45.151358431676506],[-78.54508217119876,45.15133651478014],[-78.54524873556932,45.1514197969641],[-78.54532578290589,45.15144959370019],[-78.5454104480487,45.15146620644837],[-78.54545514687595,45.15147117298508],[-78.54555934345713,45.15167956615144],[-78.54558773781898,45.15172339544266],[-78.54562675257756,45.1517629608948],[-78.54574791152473,45.1518649894804],[-78.54581522305378,45.152179109929754],[-78.54579891458114,45.1523177318744],[-78.54580448051533,45.15239086758781],[-78.54594846134265,45.152918797287064],[-78.54595771240584,45.153196329203425],[-78.54596575860295,45.15324534856677],[-78.54598635239,45.15329251219976],[-78.54601880329717,45.15333623879702],[-78.54612880330089,45.15345623879796],[-78.54617788214054,45.15349933784346],[-78.54623840326292,45.153534475422816],[-78.54630782181559,45.15356017403609],[-78.5463832188181,45.15357535308238],[-78.54662321882388,45.15360535308486],[-78.54671233655334,45.15360903443563],[-78.54749363547876,45.153576815920474],[-78.54752165157899,45.15359973818446],[-78.54756340750382,45.15376676186329],[-78.54759207568861,45.15383181719656],[-78.54767084455169,45.15395355090125],[-78.54767789969549,45.15408054350426],[-78.54768774094326,45.15413163169721],[-78.54778252790773,45.15441599257569],[-78.5478469219261,45.15482075493685],[-78.54782943092088,45.15520555683827],[-78.54773072163108,45.155433347524124],[-78.54758197642899,45.155590356337356],[-78.54755139454454,45.1556292415045],[-78.54753030009101,45.15567114100645],[-78.5474403000984,45.15591114100833],[-78.54742857202437,45.15596086544157],[-78.54743018804956,45.156011259289315],[-78.54744509163797,45.15606055954375],[-78.54747276139379,45.15610704145597],[-78.5474878263375,45.15612308718496]]]}}]}
